id,opened_by_run_id,last_run_id,prediction_date,last_signal_date,ticker,sector,entry_signal_type,current_signal_type,target_units,target_weight,planned_entry_ref_price,entry_date,entry_price,exit_policy,hold_days_target,upgrade_count,upgraded_at,status,days_observed,last_mark_date,exit_date,exit_price,realized_return_pct,max_drawdown_pct,max_drawdown_date,max_drawdown_low,created_at,updated_at,order_type,fill_status,fill_price,entry_slippage_pct,exit_reason,signals_file_path,signals_sha256,rule_version,latest_mark_date,latest_mark_close,unrealized_return_pct,effective_return_pct,return_source,max_close_return_pct,max_profit_close_return_pct,profit_giveback_pct,profit_giveback_ratio
15,1,1,2026-03-18,2026-03-18,2323,光電業,20D_only,20D_only,2,0.043478260869565216,11.0,2026-03-19,10.75,20D,20,0,,closed,4,2026-03-24,2026-03-24,12.199999809265137,0.13488370318745457,0.0,2026-03-19,10.75,2026-04-23 11:28:01,2026-04-23 11:28:01,OPEN,FILLED,10.75,-0.022727272727272707,TRAILING_STOP_HWM_8PCT,F:\stock\ml\models\unified_signals_overlay_q1_2026-03-18.csv,715439c9d4316a80e901edac2396983c1877c1efca6822cc5d77a6b91b9e5a02,unified-v2-order-sim-replay:ma5_break_plus_hwm_8pct,2026-03-24,11.899999618530272,,0.13488370318745457,realized,0.21860468664834687,0.21860468664834687,0.0837209834608923,0.38297890472754603
7,1,1,2026-03-18,2026-03-18,2345,通信網路業,20D_only,20D_only,2,0.043478260869565216,1600.0,2026-03-19,1585.0,20D,20,0,,closed,5,2026-03-25,2026-03-25,1580.0,-0.003154574132492094,-0.04416403785488954,2026-03-24,1515.0,2026-04-23 11:28:01,2026-04-23 11:28:01,OPEN,FILLED,1585.0,-0.009375000000000022,MA5_BREAK,F:\stock\ml\models\unified_signals_overlay_q1_2026-03-18.csv,715439c9d4316a80e901edac2396983c1877c1efca6822cc5d77a6b91b9e5a02,unified-v2-order-sim-replay:ma5_break_plus_hwm_8pct,2026-03-25,1685.0,,-0.003154574132492094,realized,0.06309148264984232,0.06309148264984232,0.06624605678233442,1.0499999999999996
2,1,1,2026-03-18,2026-03-18,3017,電腦及週邊設備業,20D_only,20D_only,2,0.043478260869565216,1850.0,2026-03-19,1835.0,20D,20,0,,closed,5,2026-03-25,2026-03-25,2020.0,0.10081743869209814,0.0,2026-03-19,1835.0,2026-04-23 11:28:01,2026-04-23 11:28:01,OPEN,FILLED,1835.0,-0.008108108108108136,MA5_BREAK,F:\stock\ml\models\unified_signals_overlay_q1_2026-03-18.csv,715439c9d4316a80e901edac2396983c1877c1efca6822cc5d77a6b91b9e5a02,unified-v2-order-sim-replay:ma5_break_plus_hwm_8pct,2026-03-25,2100.0,,0.10081743869209814,realized,0.14441416893732972,0.14441416893732972,0.043596730245231585,0.30188679245283
19,1,1,2026-03-18,2026-03-18,3030,其他電子業,20D_only,20D_only,2,0.043478260869565216,260.5,2026-03-19,258.5,20D,20,0,,closed,3,2026-03-23,2026-03-23,244.0,-0.05609284332688591,-0.05609284332688591,2026-03-23,244.0,2026-04-23 11:28:01,2026-04-23 11:28:01,OPEN,FILLED,258.5,-0.007677543186180413,MA5_BREAK,F:\stock\ml\models\unified_signals_overlay_q1_2026-03-18.csv,715439c9d4316a80e901edac2396983c1877c1efca6822cc5d77a6b91b9e5a02,unified-v2-order-sim-replay:ma5_break_plus_hwm_8pct,2026-03-23,241.5,,-0.05609284332688591,realized,0.01934235976789167,0.01934235976789167,0.07543520309477758,3.9000000000000035
13,1,1,2026-03-18,2026-03-18,3131,其他電子業,20D_only,20D_only,2,0.043478260869565216,2275.0,2026-03-19,2275.0,20D,20,0,,closed,10,2026-04-01,2026-04-01,2930.0,0.287912087912088,-0.0241758241758242,2026-03-19,2220.0,2026-04-23 11:28:01,2026-04-23 11:28:01,OPEN,FILLED,2275.0,0.0,MA5_BREAK,F:\stock\ml\models\unified_signals_overlay_q1_2026-03-18.csv,715439c9d4316a80e901edac2396983c1877c1efca6822cc5d77a6b91b9e5a02,unified-v2-order-sim-replay:ma5_break_plus_hwm_8pct,2026-04-01,2930.0,,0.287912087912088,realized,0.287912087912088,0.287912087912088,0.0,0.0
5,1,1,2026-03-18,2026-03-18,3135,半導體業,20D_only,20D_only,2,0.043478260869565216,130.0,2026-03-19,138.5,20D,20,0,,closed,5,2026-03-25,2026-03-25,133.5,-0.03610108303249093,-0.0577617328519856,2026-03-19,130.5,2026-04-23 11:28:01,2026-04-23 11:28:01,INTRADAY_CHASE,FILLED,138.5,0.06538461538461537,MA5_BREAK,F:\stock\ml\models\unified_signals_overlay_q1_2026-03-18.csv,715439c9d4316a80e901edac2396983c1877c1efca6822cc5d77a6b91b9e5a02,unified-v2-order-sim-replay:ma5_break_plus_hwm_8pct,2026-03-25,126.0,,-0.03610108303249093,realized,0.1335740072202165,0.1335740072202165,0.16967509025270744,1.2702702702702702
3,1,1,2026-03-18,2026-03-18,3324,其他電子業,20D_only,20D_only,2,0.043478260869565216,1030.0,2026-03-19,1015.0,20D,20,0,,closed,4,2026-03-24,2026-03-24,1035.0,0.019704433497536922,-0.024630541871921152,2026-03-23,990.0,2026-04-23 11:28:01,2026-04-23 11:28:01,OPEN,FILLED,1015.0,-0.014563106796116498,MA5_BREAK,F:\stock\ml\models\unified_signals_overlay_q1_2026-03-18.csv,715439c9d4316a80e901edac2396983c1877c1efca6822cc5d77a6b91b9e5a02,unified-v2-order-sim-replay:ma5_break_plus_hwm_8pct,2026-03-24,1005.0,,0.019704433497536922,realized,0.054187192118226646,0.054187192118226646,0.034482758620689724,0.6363636363636371
22,1,1,2026-03-18,2026-03-18,3455,光電業,20D_only,20D_only,2,0.043478260869565216,128.0,2026-03-19,127.5,20D,20,0,,closed,4,2026-03-24,2026-03-24,128.0,0.0039215686274509665,-0.04313725490196074,2026-03-23,122.0,2026-04-23 11:28:01,2026-04-23 11:28:01,OPEN,FILLED,127.5,-0.00390625,MA5_BREAK,F:\stock\ml\models\unified_signals_overlay_q1_2026-03-18.csv,715439c9d4316a80e901edac2396983c1877c1efca6822cc5d77a6b91b9e5a02,unified-v2-order-sim-replay:ma5_break_plus_hwm_8pct,2026-03-24,122.5,,0.0039215686274509665,realized,0.0039215686274509665,0.0039215686274509665,0.0,0.0
16,1,1,2026-03-18,2026-03-18,3665,其他電子業,20D_only,20D_only,2,0.043478260869565216,1690.0,2026-03-19,1730.0,20D,20,0,,closed,5,2026-03-25,2026-03-25,1770.0,0.023121387283236983,-0.023121387283236983,2026-03-19,1690.0,2026-04-23 11:28:01,2026-04-23 11:28:01,INTRADAY_CHASE,FILLED,1730.0,0.023668639053254337,MA5_BREAK,F:\stock\ml\models\unified_signals_overlay_q1_2026-03-18.csv,715439c9d4316a80e901edac2396983c1877c1efca6822cc5d77a6b91b9e5a02,unified-v2-order-sim-replay:ma5_break_plus_hwm_8pct,2026-03-25,1805.0,,0.023121387283236983,realized,0.054913294797687806,0.054913294797687806,0.03179190751445082,0.5789473684210524
18,1,1,2026-03-18,2026-03-18,4744,生技醫療業,20D_only,20D_only,2,0.043478260869565216,37.09999847412109,2026-03-19,37.0,20D,20,0,,closed,3,2026-03-23,2026-03-23,35.349998474121094,-0.04459463583456502,-0.04729729729729726,2026-03-20,35.25,2026-04-23 11:28:01,2026-04-23 11:28:01,OPEN,FILLED,37.0,-0.002695376771803426,MA5_BREAK,F:\stock\ml\models\unified_signals_overlay_q1_2026-03-18.csv,715439c9d4316a80e901edac2396983c1877c1efca6822cc5d77a6b91b9e5a02,unified-v2-order-sim-replay:ma5_break_plus_hwm_8pct,2026-03-23,34.599998474121094,,-0.04459463583456502,realized,-0.021621601001636348,0.0,,
1,1,1,2026-03-18,2026-03-18,4768,化學工業,20D_only,20D_only,2,0.043478260869565216,513.0,2026-03-19,541.0,20D,20,0,,stopped_out,2,2026-03-20,2026-03-20,484.4655,-0.10449999999999993,-0.11367837338262476,2026-03-20,479.5,2026-04-23 11:28:01,2026-04-23 11:28:01,INTRADAY_CHASE,FILLED,541.0,0.05458089668615984,STOP_LOSS_SLIPPAGE,F:\stock\ml\models\unified_signals_overlay_q1_2026-03-18.csv,715439c9d4316a80e901edac2396983c1877c1efca6822cc5d77a6b91b9e5a02,unified-v2-order-sim-replay:ma5_break_plus_hwm_8pct,2026-03-20,487.0,,-0.10449999999999993,realized,-0.020332717190388205,0.0,,
14,1,1,2026-03-18,2026-03-18,4772,化學工業,20D_only,20D_only,2,0.043478260869565216,323.0,2026-03-19,322.0,20D,20,0,,closed,2,2026-03-20,2026-03-20,319.0,-0.009316770186335366,-0.024844720496894457,2026-03-19,314.0,2026-04-23 11:28:01,2026-04-23 11:28:01,OPEN,FILLED,322.0,-0.003095975232198178,MA5_BREAK,F:\stock\ml\models\unified_signals_overlay_q1_2026-03-18.csv,715439c9d4316a80e901edac2396983c1877c1efca6822cc5d77a6b91b9e5a02,unified-v2-order-sim-replay:ma5_break_plus_hwm_8pct,2026-03-20,305.0,,-0.009316770186335366,realized,-0.018633540372670843,0.0,,
21,1,1,2026-03-18,2026-03-18,4979,通信網路業,20D_only,20D_only,2,0.043478260869565216,383.0,2026-03-19,386.0,20D,20,0,,closed,2,2026-03-20,2026-03-20,408.0,0.05699481865284972,-0.002590673575129543,2026-03-19,385.0,2026-04-23 11:28:01,2026-04-23 11:28:01,OPEN,FILLED,386.0,0.007832898172323688,MA5_BREAK,F:\stock\ml\models\unified_signals_overlay_q1_2026-03-18.csv,715439c9d4316a80e901edac2396983c1877c1efca6822cc5d77a6b91b9e5a02,unified-v2-order-sim-replay:ma5_break_plus_hwm_8pct,2026-03-20,404.5,,0.05699481865284972,realized,0.04792746113989632,0.04792746113989632,0.0,0.0
23,1,1,2026-03-18,2026-03-18,5439,電子零組件業,20D_only,20D_only,2,0.043478260869565216,275.0,2026-03-19,275.0,20D,20,0,,closed,4,2026-03-24,2026-03-24,290.5,0.056363636363636394,-0.014545454545454528,2026-03-19,271.0,2026-04-23 11:28:01,2026-04-23 11:28:01,OPEN,FILLED,275.0,0.0,MA5_BREAK,F:\stock\ml\models\unified_signals_overlay_q1_2026-03-18.csv,715439c9d4316a80e901edac2396983c1877c1efca6822cc5d77a6b91b9e5a02,unified-v2-order-sim-replay:ma5_break_plus_hwm_8pct,2026-03-24,275.5,,0.056363636363636394,realized,0.11272727272727279,0.11272727272727279,0.056363636363636394,0.5
8,1,1,2026-03-18,2026-03-18,5864,金融保險業,20D_only,20D_only,2,0.043478260869565216,26.0,2026-03-19,25.5,20D,20,0,,closed,4,2026-03-24,2026-03-24,25.39999961853028,-0.003921583587047861,-0.04705885344860605,2026-03-23,24.299999237060547,2026-04-23 11:28:01,2026-04-23 11:28:01,OPEN,FILLED,25.5,-0.019230769230769273,MA5_BREAK,F:\stock\ml\models\unified_signals_overlay_q1_2026-03-18.csv,715439c9d4316a80e901edac2396983c1877c1efca6822cc5d77a6b91b9e5a02,unified-v2-order-sim-replay:ma5_break_plus_hwm_8pct,2026-03-24,24.700000762939453,,-0.003921583587047861,realized,-0.005882337981579333,0.0,,
17,1,1,2026-03-18,2026-03-18,6015,金融保險業,20D_only,20D_only,2,0.043478260869565216,14.199999809265137,2026-03-19,14.0,20D,20,0,,closed,4,2026-03-24,2026-03-24,13.699999809265137,-0.021428585052490234,-0.04999998637608116,2026-03-23,13.300000190734863,2026-04-23 11:28:01,2026-04-23 11:28:01,OPEN,FILLED,14.0,-0.01408449379940424,MA5_BREAK,F:\stock\ml\models\unified_signals_overlay_q1_2026-03-18.csv,715439c9d4316a80e901edac2396983c1877c1efca6822cc5d77a6b91b9e5a02,unified-v2-order-sim-replay:ma5_break_plus_hwm_8pct,2026-03-24,13.600000381469728,,-0.021428585052490234,realized,-0.014285700661795464,0.0,,
10,1,1,2026-03-18,2026-03-18,6016,金融保險業,20D_only,20D_only,2,0.043478260869565216,18.14999961853028,2026-03-19,17.950000762939453,20D,20,0,,closed,3,2026-03-23,2026-03-23,17.100000381469727,-0.04735377968477217,-0.04735377968477217,2026-03-23,17.100000381469727,2026-04-23 11:28:01,2026-04-23 11:28:01,OPEN,FILLED,17.950000762939453,-0.011019220925307271,MA5_BREAK,F:\stock\ml\models\unified_signals_overlay_q1_2026-03-18.csv,715439c9d4316a80e901edac2396983c1877c1efca6822cc5d77a6b91b9e5a02,unified-v2-order-sim-replay:ma5_break_plus_hwm_8pct,2026-03-23,17.049999237060547,,-0.04735377968477217,realized,-0.016713154967022525,0.0,,
20,1,1,2026-03-18,2026-03-18,6274,電子零組件業,20D_only,20D_only,2,0.043478260869565216,531.0,2026-03-19,523.0,20D,20,0,,closed,4,2026-03-24,2026-03-24,558.0,0.06692160611854692,-0.007648183556405397,2026-03-19,519.0,2026-04-23 11:28:01,2026-04-23 11:28:01,OPEN,FILLED,523.0,-0.015065913370998163,MA5_BREAK,F:\stock\ml\models\unified_signals_overlay_q1_2026-03-18.csv,715439c9d4316a80e901edac2396983c1877c1efca6822cc5d77a6b91b9e5a02,unified-v2-order-sim-replay:ma5_break_plus_hwm_8pct,2026-03-24,541.0,,0.06692160611854692,realized,0.11663479923518172,0.11663479923518172,0.0497131931166348,0.42622950819672106
11,1,1,2026-03-18,2026-03-18,6510,半導體業,20D_only,20D_only,2,0.043478260869565216,3735.0,2026-03-19,3670.0,20D,20,0,,closed,2,2026-03-20,2026-03-20,3560.0,-0.02997275204359673,-0.043596730245231585,2026-03-19,3510.0,2026-04-23 11:28:01,2026-04-23 11:28:01,OPEN,FILLED,3670.0,-0.01740294511378848,MA5_BREAK,F:\stock\ml\models\unified_signals_overlay_q1_2026-03-18.csv,715439c9d4316a80e901edac2396983c1877c1efca6822cc5d77a6b91b9e5a02,unified-v2-order-sim-replay:ma5_break_plus_hwm_8pct,2026-03-20,3600.0,,-0.02997275204359673,realized,-0.019073569482288777,0.0,,
12,1,1,2026-03-18,2026-03-18,6903,其他電子業,20D_only,20D_only,2,0.043478260869565216,311.0,2026-03-19,312.0,20D,20,0,,closed,2,2026-03-20,2026-03-20,313.0,0.0032051282051281937,-0.012820512820512775,2026-03-19,308.0,2026-04-23 11:28:01,2026-04-23 11:28:01,OPEN,FILLED,312.0,0.003215434083601254,MA5_BREAK,F:\stock\ml\models\unified_signals_overlay_q1_2026-03-18.csv,715439c9d4316a80e901edac2396983c1877c1efca6822cc5d77a6b91b9e5a02,unified-v2-order-sim-replay:ma5_break_plus_hwm_8pct,2026-03-20,304.5,,0.0032051282051281937,realized,0.0,0.0,,
6,1,1,2026-03-18,2026-03-18,6944,綠能環保,20D_only,20D_only,2,0.043478260869565216,831.0,2026-03-19,819.0,20D,20,0,,closed,4,2026-03-24,2026-03-24,812.0,-0.008547008547008517,-0.04395604395604391,2026-03-23,783.0,2026-04-23 11:28:01,2026-04-23 11:28:01,OPEN,FILLED,819.0,-0.014440433212996373,MA5_BREAK,F:\stock\ml\models\unified_signals_overlay_q1_2026-03-18.csv,715439c9d4316a80e901edac2396983c1877c1efca6822cc5d77a6b91b9e5a02,unified-v2-order-sim-replay:ma5_break_plus_hwm_8pct,2026-03-24,776.0,,-0.008547008547008517,realized,0.024420024420024333,0.024420024420024333,0.03296703296703285,1.35
4,1,1,2026-03-18,2026-03-18,8155,電子零組件業,20D_only,20D_only,2,0.043478260869565216,245.0,2026-03-19,269.5,20D,20,0,,stopped_out,4,2026-03-24,2026-03-24,241.33725,-0.10449999999999993,-0.1001855287569573,2026-03-24,242.5,2026-04-23 11:28:01,2026-04-23 11:28:01,INTRADAY_CHASE,FILLED,269.5,0.10000000000000009,STOP_LOSS_SLIPPAGE,F:\stock\ml\models\unified_signals_overlay_q1_2026-03-18.csv,715439c9d4316a80e901edac2396983c1877c1efca6822cc5d77a6b91b9e5a02,unified-v2-order-sim-replay:ma5_break_plus_hwm_8pct,2026-03-24,250.0,,-0.10449999999999993,realized,0.020408163265306145,0.020408163265306145,0.12490816326530607,6.120499999999991
9,1,1,2026-03-18,2026-03-18,8299,半導體業,20D_only,20D_only,2,0.043478260869565216,1975.0,2026-03-19,1935.0,20D,20,0,,closed,3,2026-03-23,2026-03-23,1825.0,-0.056847545219638196,-0.056847545219638196,2026-03-23,1825.0,2026-04-23 11:28:01,2026-04-23 11:28:01,OPEN,FILLED,1935.0,-0.020253164556962022,MA5_BREAK,F:\stock\ml\models\unified_signals_overlay_q1_2026-03-18.csv,715439c9d4316a80e901edac2396983c1877c1efca6822cc5d77a6b91b9e5a02,unified-v2-order-sim-replay:ma5_break_plus_hwm_8pct,2026-03-23,1800.0,,-0.056847545219638196,realized,0.012919896640826822,0.012919896640826822,0.06976744186046502,5.400000000000014
27,2,2,2026-03-19,2026-03-19,3017,電腦及週邊設備業,20D_only,20D_only,2,0.16666666666666666,2015.0,2026-03-20,2010.0,20D,20,0,,closed,4,2026-03-25,2026-03-25,2020.0,0.004975124378109541,-0.04726368159203975,2026-03-24,1915.0,2026-04-23 11:28:01,2026-04-23 11:28:01,OPEN,FILLED,2010.0,-0.002481389578163795,MA5_BREAK,F:\stock\ml\models\unified_signals_overlay_q1_2026-03-19.csv,e8eb77114a37a0eef404e7163d5e6355c77f1de26d204fd4c6c2fb12fe85f480,unified-v2-order-sim-replay:ma5_break_plus_hwm_8pct,2026-03-25,2100.0,,0.004975124378109541,realized,0.04477611940298498,0.04477611940298498,0.03980099502487544,0.8888888888888867
29,2,2,2026-03-19,2026-03-19,3131,其他電子業,20D_only,20D_only,2,0.16666666666666666,2260.0,2026-03-20,2260.0,20D,20,0,,closed,9,2026-04-01,2026-04-01,2930.0,0.29646017699115035,0.0,2026-03-20,2260.0,2026-04-23 11:28:01,2026-04-23 11:28:01,OPEN,FILLED,2260.0,0.0,MA5_BREAK,F:\stock\ml\models\unified_signals_overlay_q1_2026-03-19.csv,e8eb77114a37a0eef404e7163d5e6355c77f1de26d204fd4c6c2fb12fe85f480,unified-v2-order-sim-replay:ma5_break_plus_hwm_8pct,2026-04-01,2930.0,,0.29646017699115035,realized,0.29646017699115035,0.29646017699115035,0.0,0.0
26,2,2,2026-03-19,2026-03-19,3663,其他電子業,20D_only,20D_only,2,0.16666666666666666,74.5,2026-03-20,74.30000305175781,20D,20,0,,closed,2,2026-03-23,2026-03-23,68.0,-0.08479142386265037,-0.08479142386265037,2026-03-23,68.0,2026-04-23 11:28:01,2026-04-23 11:28:01,OPEN,FILLED,74.30000305175781,-0.002684522795197153,MA5_BREAK,F:\stock\ml\models\unified_signals_overlay_q1_2026-03-19.csv,e8eb77114a37a0eef404e7163d5e6355c77f1de26d204fd4c6c2fb12fe85f480,unified-v2-order-sim-replay:ma5_break_plus_hwm_8pct,2026-03-23,76.19999694824219,,-0.08479142386265037,realized,0.025571922186339968,0.025571922186339968,0.11036334604899034,4.3158017314765775
24,2,2,2026-03-19,2026-03-19,4768,化學工業,20D_only,20D_only,2,0.16666666666666666,530.0,2026-03-20,546.0,20D,20,0,,stopped_out,1,2026-03-20,2026-03-20,488.94300000000004,-0.10449999999999993,-0.1217948717948718,2026-03-20,479.5,2026-04-23 11:28:01,2026-04-23 11:28:01,INTRADAY_CHASE,FILLED,546.0,0.030188679245283012,STOP_LOSS_SLIPPAGE,F:\stock\ml\models\unified_signals_overlay_q1_2026-03-19.csv,e8eb77114a37a0eef404e7163d5e6355c77f1de26d204fd4c6c2fb12fe85f480,unified-v2-order-sim-replay:ma5_break_plus_hwm_8pct,2026-03-20,487.0,,-0.10449999999999993,realized,-0.10805860805860801,0.0,,
28,2,2,2026-03-19,2026-03-19,6510,半導體業,20D_only,20D_only,2,0.16666666666666666,3550.0,2026-03-20,3560.0,20D,20,0,,closed,2,2026-03-23,2026-03-23,3495.0,-0.018258426966292096,-0.023876404494381998,2026-03-20,3475.0,2026-04-23 11:28:01,2026-04-23 11:28:01,OPEN,FILLED,3560.0,0.0028169014084507005,MA5_BREAK,F:\stock\ml\models\unified_signals_overlay_q1_2026-03-19.csv,e8eb77114a37a0eef404e7163d5e6355c77f1de26d204fd4c6c2fb12fe85f480,unified-v2-order-sim-replay:ma5_break_plus_hwm_8pct,2026-03-23,3410.0,,-0.018258426966292096,realized,0.011235955056179803,0.011235955056179803,0.0294943820224719,2.6249999999999925
25,2,2,2026-03-19,2026-03-19,8299,半導體業,20D_only,20D_only,2,0.16666666666666666,1960.0,2026-03-20,1990.0,20D,20,0,,closed,2,2026-03-23,2026-03-23,1825.0,-0.08291457286432158,-0.08291457286432158,2026-03-23,1825.0,2026-04-23 11:28:01,2026-04-23 11:28:01,INTRADAY_CHASE,FILLED,1990.0,0.015306122448979664,MA5_BREAK,F:\stock\ml\models\unified_signals_overlay_q1_2026-03-19.csv,e8eb77114a37a0eef404e7163d5e6355c77f1de26d204fd4c6c2fb12fe85f480,unified-v2-order-sim-replay:ma5_break_plus_hwm_8pct,2026-03-23,1800.0,,-0.08291457286432158,realized,-0.03768844221105527,0.0,,
31,3,3,2026-03-20,2026-03-20,3131,其他電子業,20D_only,20D_only,2,0.125,2365.0,2026-03-23,2330.0,20D,20,0,,closed,8,2026-04-01,2026-04-01,2930.0,0.257510729613734,-0.027896995708154515,2026-03-23,2265.0,2026-04-23 11:28:01,2026-04-23 11:28:01,OPEN,FILLED,2330.0,-0.014799154334038,MA5_BREAK,F:\stock\ml\models\unified_signals_overlay_q1_2026-03-20.csv,1c1ba9007473f026fd557d7bf5c03c9984b3446bcf53de8c233b0803c5fb853a,unified-v2-order-sim-replay:ma5_break_plus_hwm_8pct,2026-04-01,2930.0,,0.257510729613734,realized,0.257510729613734,0.257510729613734,0.0,0.0
35,3,3,2026-03-20,2026-03-20,3481,光電業,20D_only,20D_only,2,0.125,26.25,2026-03-23,24.950000762939453,20D,20,0,,closed,2,2026-03-24,2026-03-24,26.0,0.04208413647105802,0.0,2026-03-23,24.950000762939453,2026-04-23 11:28:01,2026-04-23 11:28:01,OPEN,FILLED,24.950000762939453,-0.049523780459449385,MA5_BREAK,F:\stock\ml\models\unified_signals_overlay_q1_2026-03-20.csv,1c1ba9007473f026fd557d7bf5c03c9984b3446bcf53de8c233b0803c5fb853a,unified-v2-order-sim-replay:ma5_break_plus_hwm_8pct,2026-03-24,24.5,,0.04208413647105802,realized,0.0020039773760174295,0.0020039773760174295,0.0,0.0
32,3,3,2026-03-20,2026-03-20,3663,其他電子業,20D_only,20D_only,2,0.125,71.5,2026-03-23,68.0,20D,20,0,,closed,3,2026-03-25,2026-03-25,71.0,0.044117647058823595,0.0,2026-03-23,68.0,2026-04-23 11:28:01,2026-04-23 11:28:01,OPEN,FILLED,68.0,-0.04895104895104896,MA5_BREAK,F:\stock\ml\models\unified_signals_overlay_q1_2026-03-20.csv,1c1ba9007473f026fd557d7bf5c03c9984b3446bcf53de8c233b0803c5fb853a,unified-v2-order-sim-replay:ma5_break_plus_hwm_8pct,2026-03-25,74.0,,0.044117647058823595,realized,0.12058819041532631,0.12058819041532631,0.07647054335650272,0.6341462053052219
33,3,3,2026-03-20,2026-03-20,6510,半導體業,20D_only,20D_only,2,0.125,3600.0,2026-03-23,3495.0,20D,20,0,,closed,2,2026-03-24,2026-03-24,3585.0,0.025751072961373467,-0.04005722460658079,2026-03-23,3355.0,2026-04-23 11:28:01,2026-04-23 11:28:01,OPEN,FILLED,3495.0,-0.029166666666666674,MA5_BREAK,F:\stock\ml\models\unified_signals_overlay_q1_2026-03-20.csv,1c1ba9007473f026fd557d7bf5c03c9984b3446bcf53de8c233b0803c5fb853a,unified-v2-order-sim-replay:ma5_break_plus_hwm_8pct,2026-03-24,3200.0,,0.025751072961373467,realized,-0.024320457796852657,0.0,,
30,3,3,2026-03-20,2026-03-20,6550,生技醫療業,20D_only,20D_only,2,0.125,19.89999961853028,2026-03-23,18.89999961853028,20D,20,0,,closed,2,2026-03-24,2026-03-24,20.100000381469727,0.06349210514072823,-0.018518539075872753,2026-03-23,18.549999237060547,2026-04-23 11:28:01,2026-04-23 11:28:01,OPEN,FILLED,18.89999961853028,-0.05025125724469015,MA5_BREAK,F:\stock\ml\models\unified_signals_overlay_q1_2026-03-20.csv,1c1ba9007473f026fd557d7bf5c03c9984b3446bcf53de8c233b0803c5fb853a,unified-v2-order-sim-replay:ma5_break_plus_hwm_8pct,2026-03-24,20.14999961853028,,0.06349210514072823,realized,0.06613756747245914,0.06613756747245914,0.002645462331730908,0.03999938964844036
34,3,3,2026-03-20,2026-03-20,6739,其他電子業,20D_only,20D_only,2,0.125,1200.0,2026-03-23,1135.0,20D,20,0,,closed,2,2026-03-24,2026-03-24,1240.0,0.09251101321585908,-0.004405286343612369,2026-03-23,1130.0,2026-04-23 11:28:01,2026-04-23 11:28:01,OPEN,FILLED,1135.0,-0.054166666666666696,MA5_BREAK,F:\stock\ml\models\unified_signals_overlay_q1_2026-03-20.csv,1c1ba9007473f026fd557d7bf5c03c9984b3446bcf53de8c233b0803c5fb853a,unified-v2-order-sim-replay:ma5_break_plus_hwm_8pct,2026-03-24,1130.0,,0.09251101321585908,realized,0.044052863436123246,0.044052863436123246,0.0,0.0
37,3,3,2026-03-20,2026-03-20,6944,綠能環保,20D_only,20D_only,2,0.125,826.0,2026-03-23,806.0,20D,20,0,,closed,2,2026-03-24,2026-03-24,812.0,0.007444168734491274,-0.028535980148883366,2026-03-23,783.0,2026-04-23 11:28:01,2026-04-23 11:28:01,OPEN,FILLED,806.0,-0.02421307506053272,MA5_BREAK,F:\stock\ml\models\unified_signals_overlay_q1_2026-03-20.csv,1c1ba9007473f026fd557d7bf5c03c9984b3446bcf53de8c233b0803c5fb853a,unified-v2-order-sim-replay:ma5_break_plus_hwm_8pct,2026-03-24,776.0,,0.007444168734491274,realized,-0.021091811414392092,0.0,,
36,3,3,2026-03-20,2026-03-20,8299,半導體業,20D_only,20D_only,2,0.125,1915.0,2026-03-23,1825.0,20D,20,0,,closed,2,2026-03-24,2026-03-24,1830.0,0.00273972602739736,-0.021917808219178103,2026-03-23,1785.0,2026-04-23 11:28:01,2026-04-23 11:28:01,OPEN,FILLED,1825.0,-0.04699738903394257,MA5_BREAK,F:\stock\ml\models\unified_signals_overlay_q1_2026-03-20.csv,1c1ba9007473f026fd557d7bf5c03c9984b3446bcf53de8c233b0803c5fb853a,unified-v2-order-sim-replay:ma5_break_plus_hwm_8pct,2026-03-24,1685.0,,0.00273972602739736,realized,-0.013698630136986356,0.0,,
43,5,5,2026-03-25,2026-03-25,2338,半導體業,20D_only,20D_only,2,0.125,48.79999923706055,2026-03-26,49.52499961853027,20D,20,0,,closed,2,2026-03-27,2026-03-27,45.0,-0.09136798896283482,-0.09136798896283482,2026-03-27,45.0,2026-04-23 11:28:01,2026-04-23 11:28:01,INTRADAY_CHASE,FILLED,49.52499961853027,0.014856565426319301,MA5_BREAK,F:\stock\ml\models\unified_signals_overlay_q1_2026-03-25.csv,7863d1fd070fdbcf251b3ae2e28a963dadbe0e95d8deb4bad8a9921212054550,unified-v2-order-sim-replay:ma5_break_plus_hwm_8pct,2026-03-27,47.0,,-0.09136798896283482,realized,-0.05098434402784968,0.0,,
40,5,5,2026-03-25,2026-03-25,3017,電腦及週邊設備業,20D_only,20D_only,2,0.125,2100.0,2026-03-26,2255.0,20D,20,0,,stopped_out,4,2026-03-31,2026-03-31,2019.3525,-0.10450000000000004,-0.1374722838137472,2026-03-31,1945.0,2026-04-23 11:28:01,2026-04-23 11:28:01,INTRADAY_CHASE,FILLED,2255.0,0.07380952380952377,STOP_LOSS_SLIPPAGE,F:\stock\ml\models\unified_signals_overlay_q1_2026-03-25.csv,7863d1fd070fdbcf251b3ae2e28a963dadbe0e95d8deb4bad8a9921212054550,unified-v2-order-sim-replay:ma5_break_plus_hwm_8pct,2026-03-31,1990.0,,-0.10450000000000004,realized,0.008869179600886845,0.008869179600886845,0.11336917960088688,12.782375000000101
38,5,5,2026-03-25,2026-03-25,3135,半導體業,20D_only,20D_only,2,0.125,126.0,2026-03-26,124.5,20D,20,0,,closed,2,2026-03-27,2026-03-27,108.0,-0.1325301204819277,-0.1325301204819277,2026-03-27,108.0,2026-04-23 11:28:01,2026-04-23 11:28:01,OPEN,FILLED,124.5,-0.011904761904761862,MA5_BREAK,F:\stock\ml\models\unified_signals_overlay_q1_2026-03-25.csv,7863d1fd070fdbcf251b3ae2e28a963dadbe0e95d8deb4bad8a9921212054550,unified-v2-order-sim-replay:ma5_break_plus_hwm_8pct,2026-03-27,109.5,,-0.1325301204819277,realized,-0.08835341365461846,0.0,,
45,5,5,2026-03-25,2026-03-25,3481,光電業,20D_only,20D_only,2,0.125,25.64999961853028,2026-03-26,26.274999618530273,20D,20,0,,closed,2,2026-03-27,2026-03-27,24.600000381469727,-0.06374878254533878,-0.06374878254533878,2026-03-27,24.600000381469727,2026-04-23 11:28:01,2026-04-23 11:28:01,INTRADAY_CHASE,FILLED,26.274999618530273,0.024366472097273384,MA5_BREAK,F:\stock\ml\models\unified_signals_overlay_q1_2026-03-25.csv,7863d1fd070fdbcf251b3ae2e28a963dadbe0e95d8deb4bad8a9921212054550,unified-v2-order-sim-replay:ma5_break_plus_hwm_8pct,2026-03-27,24.799999237060547,,-0.06374878254533878,realized,-0.048525200267979796,0.0,,
42,5,5,2026-03-25,2026-03-25,3663,其他電子業,20D_only,20D_only,2,0.125,74.0,2026-03-26,73.0,20D,20,0,,closed,2,2026-03-27,2026-03-27,71.80000305175781,-0.016438314359482065,-0.016438314359482065,2026-03-27,71.80000305175781,2026-04-23 11:28:01,2026-04-23 11:28:01,OPEN,FILLED,73.0,-0.013513513513513487,MA5_BREAK,F:\stock\ml\models\unified_signals_overlay_q1_2026-03-25.csv,7863d1fd070fdbcf251b3ae2e28a963dadbe0e95d8deb4bad8a9921212054550,unified-v2-order-sim-replay:ma5_break_plus_hwm_8pct,2026-03-27,72.80000305175781,,-0.016438314359482065,realized,-0.0027396842224957085,0.0,,
39,5,5,2026-03-25,2026-03-25,4542,電子零組件業,20D_only,20D_only,2,0.125,174.0,2026-03-26,173.0,20D,20,0,,closed,2,2026-03-27,2026-03-27,169.0,-0.023121387283236983,-0.023121387283236983,2026-03-27,169.0,2026-04-23 11:28:01,2026-04-23 11:28:01,OPEN,FILLED,173.0,-0.005747126436781658,MA5_BREAK,F:\stock\ml\models\unified_signals_overlay_q1_2026-03-25.csv,7863d1fd070fdbcf251b3ae2e28a963dadbe0e95d8deb4bad8a9921212054550,unified-v2-order-sim-replay:ma5_break_plus_hwm_8pct,2026-03-27,175.5,,-0.023121387283236983,realized,0.014450867052023142,0.014450867052023142,0.037572254335260125,2.599999999999997
44,5,5,2026-03-25,2026-03-25,4934,光電業,20D_only,20D_only,2,0.125,18.14999961853028,2026-03-26,18.500000000000004,20D,20,0,,closed,2,2026-03-27,2026-03-27,17.649999618530273,-0.04594596656593131,-0.04594596656593131,2026-03-27,17.649999618530273,2026-04-23 11:28:01,2026-04-23 11:28:01,INTRADAY_CHASE,FILLED,18.500000000000004,0.019283767979388244,MA5_BREAK,F:\stock\ml\models\unified_signals_overlay_q1_2026-03-25.csv,7863d1fd070fdbcf251b3ae2e28a963dadbe0e95d8deb4bad8a9921212054550,unified-v2-order-sim-replay:ma5_break_plus_hwm_8pct,2026-03-27,17.600000381469727,,-0.04594596656593131,realized,-0.03513511451515006,0.0,,
41,5,5,2026-03-25,2026-03-25,6739,其他電子業,20D_only,20D_only,2,0.125,1200.0,2026-03-26,1270.0,20D,20,0,,closed,4,2026-03-31,2026-03-31,1185.0,-0.06692913385826771,-0.09448818897637801,2026-03-30,1150.0,2026-04-23 11:28:01,2026-04-23 11:28:01,INTRADAY_CHASE,FILLED,1270.0,0.05833333333333335,MA5_BREAK,F:\stock\ml\models\unified_signals_overlay_q1_2026-03-25.csv,7863d1fd070fdbcf251b3ae2e28a963dadbe0e95d8deb4bad8a9921212054550,unified-v2-order-sim-replay:ma5_break_plus_hwm_8pct,2026-03-31,1105.0,,-0.06692913385826771,realized,-0.003937007874015741,0.0,,
46,7,7,2026-03-27,2026-03-27,3135,半導體業,20D_only,20D_only,2,0.14285714285714285,109.5,2026-03-30,106.5,20D,20,0,,closed,2,2026-03-31,2026-03-31,105.5,-0.009389671361502372,-0.009389671361502372,2026-03-30,105.5,2026-04-23 11:28:01,2026-04-23 11:28:01,OPEN,FILLED,106.5,-0.0273972602739726,MA5_BREAK,F:\stock\ml\models\unified_signals_overlay_q1_2026-03-27.csv,b44242fa837cccfb105debaf92fdd48c20bf1c5fdae5215029d087a29a9fa2e3,unified-v2-order-sim-replay:ma5_break_plus_hwm_8pct,2026-03-31,102.0,,-0.009389671361502372,realized,0.032863849765258246,0.032863849765258246,0.04225352112676062,1.2857142857142863
50,7,7,2026-03-27,2026-03-27,3663,其他電子業,20D_only,20D_only,2,0.14285714285714285,72.80000305175781,2026-03-30,72.0,20D,20,0,,closed,2,2026-03-31,2026-03-31,72.0,0.0,-0.02916664547390413,2026-03-30,69.9000015258789,2026-04-23 11:28:01,2026-04-23 11:28:01,OPEN,FILLED,72.0,-0.010989052448102776,MA5_BREAK,F:\stock\ml\models\unified_signals_overlay_q1_2026-03-27.csv,b44242fa837cccfb105debaf92fdd48c20bf1c5fdae5215029d087a29a9fa2e3,unified-v2-order-sim-replay:ma5_break_plus_hwm_8pct,2026-03-31,69.0,,0.0,realized,-0.002777735392252567,0.0,,
51,7,7,2026-03-27,2026-03-27,4768,化學工業,20D_only,20D_only,2,0.14285714285714285,486.0,2026-03-30,481.5,20D,20,0,,closed,3,2026-04-01,2026-04-01,460.0,-0.044652128764278265,-0.09553478712357222,2026-03-31,435.5,2026-04-23 11:28:01,2026-04-23 11:28:01,OPEN,FILLED,481.5,-0.0092592592592593,MA5_BREAK,F:\stock\ml\models\unified_signals_overlay_q1_2026-03-27.csv,b44242fa837cccfb105debaf92fdd48c20bf1c5fdae5215029d087a29a9fa2e3,unified-v2-order-sim-replay:ma5_break_plus_hwm_8pct,2026-04-01,440.0,,-0.044652128764278265,realized,-0.023883696780893082,0.0,,
52,7,7,2026-03-27,2026-03-27,4967,半導體業,20D_only,20D_only,2,0.14285714285714285,228.5,2026-03-30,220.5,20D,20,0,,closed,2,2026-03-31,2026-03-31,207.5,-0.05895691609977327,-0.05895691609977327,2026-03-31,207.5,2026-04-23 11:28:01,2026-04-23 11:28:01,OPEN,FILLED,220.5,-0.035010940919037226,MA5_BREAK,F:\stock\ml\models\unified_signals_overlay_q1_2026-03-27.csv,b44242fa837cccfb105debaf92fdd48c20bf1c5fdae5215029d087a29a9fa2e3,unified-v2-order-sim-replay:ma5_break_plus_hwm_8pct,2026-03-31,199.0,,-0.05895691609977327,realized,0.0,0.0,,
48,7,7,2026-03-27,2026-03-27,6442,通信網路業,20D_only,20D_only,2,0.14285714285714285,2115.0,2026-03-30,2070.0,20D,20,0,,closed,3,2026-04-01,2026-04-01,2030.0,-0.019323671497584516,-0.08212560386473433,2026-03-31,1900.0,2026-04-23 11:28:01,2026-04-23 11:28:01,OPEN,FILLED,2070.0,-0.021276595744680882,MA5_BREAK,F:\stock\ml\models\unified_signals_overlay_q1_2026-03-27.csv,b44242fa837cccfb105debaf92fdd48c20bf1c5fdae5215029d087a29a9fa2e3,unified-v2-order-sim-replay:ma5_break_plus_hwm_8pct,2026-04-01,2030.0,,-0.019323671497584516,realized,0.019323671497584627,0.019323671497584627,0.03864734299516914,1.9999999999999942
47,7,7,2026-03-27,2026-03-27,8299,半導體業,20D_only,20D_only,2,0.14285714285714285,1565.0,2026-03-30,1540.0,20D,20,0,,closed,2,2026-03-31,2026-03-31,1540.0,0.0,0.0,2026-03-30,1540.0,2026-04-23 11:28:01,2026-04-23 11:28:01,OPEN,FILLED,1540.0,-0.015974440894568676,MA5_BREAK,F:\stock\ml\models\unified_signals_overlay_q1_2026-03-27.csv,b44242fa837cccfb105debaf92fdd48c20bf1c5fdae5215029d087a29a9fa2e3,unified-v2-order-sim-replay:ma5_break_plus_hwm_8pct,2026-03-31,1500.0,,0.0,realized,0.04220779220779214,0.04220779220779214,0.04220779220779214,1.0
49,7,7,2026-03-27,2026-03-27,8438,綠能環保,20D_only,20D_only,2,0.14285714285714285,65.69999694824219,2026-03-30,68.70000076293945,20D,20,0,,closed,13,2026-04-17,2026-04-17,85.19999694824219,0.24017461429496434,-0.06986898375188855,2026-03-30,63.900001525878906,2026-04-23 11:28:01,2026-04-23 11:28:01,INTRADAY_CHASE,FILLED,68.70000076293945,0.045662160639986515,MA5_BREAK,F:\stock\ml\models\unified_signals_overlay_q1_2026-03-27.csv,b44242fa837cccfb105debaf92fdd48c20bf1c5fdae5215029d087a29a9fa2e3,unified-v2-order-sim-replay:ma5_break_plus_hwm_8pct,2026-04-17,88.30000305175781,,0.24017461429496434,realized,0.299854469578567,0.299854469578567,0.059679855283602645,0.1990294003870618
58,13,20,2026-04-08,2026-04-17,3017,電腦及週邊設備業,20D_only,20D_only,2,0.16666666666666666,2230.0,2026-04-09,2275.0,20D,20,0,,open,10,2026-04-22,,,,-0.03956043956043953,2026-04-13,2185.0,2026-04-23 11:28:01,2026-04-23 11:28:02,INTRADAY_CHASE,FILLED,2275.0,0.020179372197309364,,F:\stock\ml\models\unified_signals_overlay_q1_2026-04-08.csv,a7a097439f56c77028ce855ed68b6304b176051b68fe2aaaa62d9167633ba7d9,unified-v2-order-sim-replay:ma5_break_plus_hwm_8pct,2026-04-22,2695.0,0.18461538461538463,0.18461538461538463,mark_to_market,0.18461538461538463,0.18461538461538463,0.0,0.0
55,13,22,2026-04-08,2026-04-21,3529,半導體業,20D_only,20D_only,2,0.16666666666666666,2925.0,2026-04-09,2925.0,20D,20,0,,open,10,2026-04-22,,,,-0.029059829059829068,2026-04-09,2840.0,2026-04-23 11:28:01,2026-04-23 11:28:02,OPEN,FILLED,2925.0,0.0,,F:\stock\ml\models\unified_signals_overlay_q1_2026-04-08.csv,a7a097439f56c77028ce855ed68b6304b176051b68fe2aaaa62d9167633ba7d9,unified-v2-order-sim-replay:ma5_break_plus_hwm_8pct,2026-04-22,4055.0,0.3863247863247863,0.3863247863247863,mark_to_market,0.5042735042735043,0.5042735042735043,0.11794871794871797,0.23389830508474582
56,13,13,2026-04-08,2026-04-08,3533,電子零組件業,20D_only,20D_only,2,0.16666666666666666,2230.0,2026-04-09,2385.0,20D,20,0,,closed,5,2026-04-15,2026-04-15,2295.0,-0.037735849056603765,-0.0691823899371069,2026-04-14,2220.0,2026-04-23 11:28:01,2026-04-23 11:28:01,INTRADAY_CHASE,FILLED,2385.0,0.06950672645739919,MA5_BREAK,F:\stock\ml\models\unified_signals_overlay_q1_2026-04-08.csv,a7a097439f56c77028ce855ed68b6304b176051b68fe2aaaa62d9167633ba7d9,unified-v2-order-sim-replay:ma5_break_plus_hwm_8pct,2026-04-15,2375.0,,-0.037735849056603765,realized,-0.004192872117400381,0.0,,
54,13,13,2026-04-08,2026-04-08,4927,電子零組件業,20D_only,20D_only,2,0.16666666666666666,41.29999923706055,2026-04-09,41.70000076293945,20D,20,0,,closed,7,2026-04-17,2026-04-17,47.59999847412109,0.1414867530751993,-0.011990407454485541,2026-04-09,41.20000076293945,2026-04-23 11:28:01,2026-04-23 11:28:01,OPEN,FILLED,41.70000076293945,0.009685267149350585,MA5_BREAK,F:\stock\ml\models\unified_signals_overlay_q1_2026-04-08.csv,a7a097439f56c77028ce855ed68b6304b176051b68fe2aaaa62d9167633ba7d9,unified-v2-order-sim-replay:ma5_break_plus_hwm_8pct,2026-04-17,50.09999847412109,,0.1414867530751993,realized,0.21582733418073885,0.21582733418073885,0.07434058110553954,0.34444469875759576
53,13,14,2026-04-08,2026-04-09,4989,電子零組件業,20D_only,20D_only,2,0.16666666666666666,69.30000305175781,2026-04-09,73.79999923706055,20D,20,0,,open,10,2026-04-22,,,,-0.04742542305535857,2026-04-09,70.30000305175781,2026-04-23 11:28:01,2026-04-23 11:28:02,INTRADAY_CHASE,FILLED,73.79999923706055,0.06493500702939126,,F:\stock\ml\models\unified_signals_overlay_q1_2026-04-08.csv,a7a097439f56c77028ce855ed68b6304b176051b68fe2aaaa62d9167633ba7d9,unified-v2-order-sim-replay:ma5_break_plus_hwm_8pct,2026-04-22,116.5,0.578590802227225,0.578590802227225,mark_to_market,0.578590802227225,0.578590802227225,0.0,0.0
57,13,13,2026-04-08,2026-04-08,5351,半導體業,20D_only,20D_only,2,0.16666666666666666,71.0,2026-04-09,75.25,20D,20,0,,closed,4,2026-04-14,2026-04-14,70.0999984741211,-0.0684385584834406,-0.09368774819611714,2026-04-13,68.19999694824219,2026-04-23 11:28:01,2026-04-23 11:28:01,INTRADAY_CHASE,FILLED,75.25,0.059859154929577496,MA5_BREAK,F:\stock\ml\models\unified_signals_overlay_q1_2026-04-08.csv,a7a097439f56c77028ce855ed68b6304b176051b68fe2aaaa62d9167633ba7d9,unified-v2-order-sim-replay:ma5_break_plus_hwm_8pct,2026-04-14,68.4000015258789,,-0.0684385584834406,realized,-0.03521596712131436,0.0,,
61,14,14,2026-04-09,2026-04-09,3533,電子零組件業,20D_only,20D_only,2,0.16666666666666666,2310.0,2026-04-10,2400.0,20D,20,0,,closed,4,2026-04-15,2026-04-15,2295.0,-0.043749999999999956,-0.07499999999999996,2026-04-14,2220.0,2026-04-23 11:28:01,2026-04-23 11:28:01,INTRADAY_CHASE,FILLED,2400.0,0.03896103896103886,MA5_BREAK,F:\stock\ml\models\unified_signals_overlay_q1_2026-04-09.csv,6dce1761646cb1174a3edbaaa4d4565ed54fb15cf9f613a667142a50a49521ab,unified-v2-order-sim-replay:ma5_break_plus_hwm_8pct,2026-04-15,2375.0,,-0.043749999999999956,realized,-0.01041666666666663,0.0,,
59,14,14,2026-04-09,2026-04-09,4927,電子零組件業,20D_only,20D_only,2,0.16666666666666666,45.400001525878906,2026-04-10,46.47500038146973,20D,20,0,,closed,6,2026-04-17,2026-04-17,47.59999847412109,0.024206521429097405,-0.06401291784939722,2026-04-13,43.5,2026-04-23 11:28:01,2026-04-23 11:28:01,INTRADAY_CHASE,FILLED,46.47500038146973,0.023678388093842928,MA5_BREAK,F:\stock\ml\models\unified_signals_overlay_q1_2026-04-09.csv,6dce1761646cb1174a3edbaaa4d4565ed54fb15cf9f613a667142a50a49521ab,unified-v2-order-sim-replay:ma5_break_plus_hwm_8pct,2026-04-17,50.09999847412109,,0.024206521429097405,realized,0.09090909837096617,0.09090909837096617,0.06670257694186876,0.733728286135678
60,14,14,2026-04-09,2026-04-09,6510,半導體業,20D_only,20D_only,2,0.16666666666666666,3405.0,2026-04-10,3525.0,20D,20,0,,closed,4,2026-04-15,2026-04-15,3470.0,-0.015602836879432647,-0.062411347517730476,2026-04-14,3305.0,2026-04-23 11:28:01,2026-04-23 11:28:01,INTRADAY_CHASE,FILLED,3525.0,0.03524229074889873,MA5_BREAK,F:\stock\ml\models\unified_signals_overlay_q1_2026-04-09.csv,6dce1761646cb1174a3edbaaa4d4565ed54fb15cf9f613a667142a50a49521ab,unified-v2-order-sim-replay:ma5_break_plus_hwm_8pct,2026-04-15,3605.0,,-0.015602836879432647,realized,0.02269503546099294,0.02269503546099294,0.03829787234042559,1.6875
63,15,15,2026-04-10,2026-04-10,2883,金融保險業,20D_only,20D_only,2,0.125,21.14999961853028,2026-04-13,21.14999961853028,20D,20,0,,closed,2,2026-04-14,2026-04-14,21.049999237060547,-0.004728150509379692,-0.018912511855547542,2026-04-13,20.75,2026-04-23 11:28:01,2026-04-23 11:28:01,OPEN,FILLED,21.14999961853028,0.0,MA5_BREAK,F:\stock\ml\models\unified_signals_overlay_q1_2026-04-10.csv,a8fd28b3b00aa263215b5c529d9c42b4949b28aff584476d7008486a987637a9,unified-v2-order-sim-replay:ma5_break_plus_hwm_8pct,2026-04-14,20.850000381469727,,-0.004728150509379692,realized,-0.004728150509379692,0.0,,
64,15,18,2026-04-10,2026-04-15,2885,金融保險業,20D_only,20D_only,2,0.125,47.70000076293945,2026-04-13,47.70000076293945,20D,20,0,,open,8,2026-04-22,,,,-0.011530382143890239,2026-04-13,47.150001525878906,2026-04-23 11:28:01,2026-04-23 11:28:02,OPEN,FILLED,47.70000076293945,0.0,,F:\stock\ml\models\unified_signals_overlay_q1_2026-04-10.csv,a8fd28b3b00aa263215b5c529d9c42b4949b28aff584476d7008486a987637a9,unified-v2-order-sim-replay:ma5_break_plus_hwm_8pct,2026-04-22,50.09999847412109,0.050314416620435676,0.050314416620435676,mark_to_market,0.07337526088090396,0.07337526088090396,0.023060844260468283,0.31428636823381856
65,15,15,2026-04-10,2026-04-10,2890,金融保險業,20D_only,20D_only,2,0.125,32.70000076293945,2026-04-13,32.400001525878906,20D,20,0,,closed,6,2026-04-20,2026-04-20,32.900001525878906,0.015432098038657083,-0.0030864902502700797,2026-04-13,32.29999923706055,2026-04-23 11:28:01,2026-04-23 11:28:01,OPEN,FILLED,32.400001525878906,-0.009174288381074036,MA5_BREAK,F:\stock\ml\models\unified_signals_overlay_q1_2026-04-10.csv,a8fd28b3b00aa263215b5c529d9c42b4949b28aff584476d7008486a987637a9,unified-v2-order-sim-replay:ma5_break_plus_hwm_8pct,2026-04-20,32.20000076293945,,0.015432098038657083,realized,0.027777705827044086,0.027777705827044086,0.012345607788387003,0.4444430315900116
62,15,16,2026-04-10,2026-04-13,8021,其他電子業,20D_only,20D_only,2,0.125,317.5,2026-04-13,347.5,20D,20,0,,open,8,2026-04-22,,,,-0.07050359712230214,2026-04-13,323.0,2026-04-23 11:28:01,2026-04-23 11:28:02,INTRADAY_CHASE,FILLED,347.5,0.09448818897637801,,F:\stock\ml\models\unified_signals_overlay_q1_2026-04-10.csv,a8fd28b3b00aa263215b5c529d9c42b4949b28aff584476d7008486a987637a9,unified-v2-order-sim-replay:ma5_break_plus_hwm_8pct,2026-04-22,445.5,0.28201438848920857,0.28201438848920857,mark_to_market,0.28201438848920857,0.28201438848920857,0.0,0.0
70,16,16,2026-04-13,2026-04-13,2103,橡膠工業,20D_only,20D_only,2,0.015625000000000007,19.5,2026-04-14,19.64999961853028,20D,20,0,,closed,3,2026-04-16,2026-04-16,19.450000762939453,-0.010178059006282325,-0.022900705563702495,2026-04-15,19.200000762939453,2026-04-23 11:28:01,2026-04-23 11:28:01,OPEN,FILLED,19.64999961853028,0.007692288129758085,MA5_BREAK,F:\stock\ml\models\unified_signals_overlay_q1_2026-04-13.csv,b5932b2afc767244343c92de9fff374baabd7f2d44c2ef26ddc730c9bc6e5b7b,unified-v2-order-sim-replay:ma5_break_plus_hwm_8pct,2026-04-16,19.350000381469727,,-0.010178059006282325,realized,0.015267234108557792,0.015267234108557792,0.025445293114840117,1.6666603088621785
80,16,16,2026-04-13,2026-04-13,2801,金融保險業,20D_only,20D_only,2,0.015625000000000007,21.14999961853028,2026-04-14,21.25,20D,20,0,,closed,7,2026-04-22,2026-04-22,21.450000762939453,0.009411800608915444,-0.0070588055778951775,2026-04-14,21.100000381469727,2026-04-23 11:28:01,2026-04-23 11:28:01,OPEN,FILLED,21.25,0.0047281505093790255,MA5_BREAK,F:\stock\ml\models\unified_signals_overlay_q1_2026-04-13.csv,b5932b2afc767244343c92de9fff374baabd7f2d44c2ef26ddc730c9bc6e5b7b,unified-v2-order-sim-replay:ma5_break_plus_hwm_8pct,2026-04-22,21.350000381469727,,0.009411800608915444,realized,0.016470606186810732,0.016470606186810732,0.0070588055778952885,0.4285698715538358
79,16,16,2026-04-13,2026-04-13,2851,金融保險業,20D_only,20D_only,2,0.015625000000000007,31.549999237060547,2026-04-14,31.600000381469727,20D,20,0,,closed,3,2026-04-16,2026-04-16,30.5,-0.03481013823388335,-0.03481013823388335,2026-04-16,30.5,2026-04-23 11:28:01,2026-04-23 11:28:01,OPEN,FILLED,31.600000381469727,0.0015848223650809512,MA5_BREAK,F:\stock\ml\models\unified_signals_overlay_q1_2026-04-13.csv,b5932b2afc767244343c92de9fff374baabd7f2d44c2ef26ddc730c9bc6e5b7b,unified-v2-order-sim-replay:ma5_break_plus_hwm_8pct,2026-04-16,29.64999961853028,,-0.03481013823388335,realized,0.006329077632166724,0.006329077632166724,0.04113921586605007,6.500033378792083
74,16,16,2026-04-13,2026-04-13,2883,金融保險業,20D_only,20D_only,2,0.015625000000000007,21.049999237060547,2026-04-14,21.049999237060547,20D,20,0,,closed,2,2026-04-15,2026-04-15,20.89999961853028,-0.007125872872535632,-0.014251745745072042,2026-04-14,20.75,2026-04-23 11:28:01,2026-04-23 11:28:01,OPEN,FILLED,21.049999237060547,0.0,MA5_BREAK,F:\stock\ml\models\unified_signals_overlay_q1_2026-04-13.csv,b5932b2afc767244343c92de9fff374baabd7f2d44c2ef26ddc730c9bc6e5b7b,unified-v2-order-sim-replay:ma5_break_plus_hwm_8pct,2026-04-15,20.75,,-0.007125872872535632,realized,-0.009501133626584779,0.0,,
81,16,16,2026-04-13,2026-04-13,2897,金融保險業,20D_only,20D_only,2,0.015625000000000007,10.350000381469728,2026-04-14,10.350000381469728,20D,20,0,,closed,5,2026-04-20,2026-04-20,10.199999809265137,-0.01449280837449507,-0.019323744499326834,2026-04-17,10.149999618530272,2026-04-23 11:28:01,2026-04-23 11:28:01,OPEN,FILLED,10.350000381469728,0.0,MA5_BREAK,F:\stock\ml\models\unified_signals_overlay_q1_2026-04-13.csv,b5932b2afc767244343c92de9fff374baabd7f2d44c2ef26ddc730c9bc6e5b7b,unified-v2-order-sim-replay:ma5_break_plus_hwm_8pct,2026-04-20,10.300000190734863,,-0.01449280837449507,realized,0.0,0.0,,
78,16,16,2026-04-13,2026-04-13,3025,通信網路業,20D_only,20D_only,2,0.015625000000000007,63.09999847412109,2026-04-14,63.70000076293945,20D,20,0,,closed,2,2026-04-15,2026-04-15,63.5,-0.0031397293648984803,-0.02040815104380478,2026-04-14,62.400001525878906,2026-04-23 11:28:01,2026-04-23 11:28:01,OPEN,FILLED,63.70000076293945,0.009508752826110412,MA5_BREAK,F:\stock\ml\models\unified_signals_overlay_q1_2026-04-13.csv,b5932b2afc767244343c92de9fff374baabd7f2d44c2ef26ddc730c9bc6e5b7b,unified-v2-order-sim-replay:ma5_break_plus_hwm_8pct,2026-04-15,63.900001525878906,,-0.0031397293648984803,realized,0.0031397293648984803,0.0031397293648984803,0.006279458729796961,2.0
69,16,16,2026-04-13,2026-04-13,3049,光電業,20D_only,20D_only,2,0.015625000000000007,11.899999618530272,2026-04-14,12.075000286102295,20D,20,0,,closed,2,2026-04-15,2026-04-15,11.699999809265137,-0.03105593937490536,-0.039337465290105844,2026-04-14,11.600000381469728,2026-04-23 11:28:01,2026-04-23 11:28:01,INTRADAY_CHASE,FILLED,12.075000286102295,0.014705938922848327,MA5_BREAK,F:\stock\ml\models\unified_signals_overlay_q1_2026-04-13.csv,b5932b2afc767244343c92de9fff374baabd7f2d44c2ef26ddc730c9bc6e5b7b,unified-v2-order-sim-replay:ma5_break_plus_hwm_8pct,2026-04-15,11.75,,-0.03105593937490536,realized,-0.026915136927686323,0.0,,
68,16,16,2026-04-13,2026-04-13,3138,通信網路業,20D_only,20D_only,2,0.015625000000000007,178.0,2026-04-14,183.0,20D,20,0,,closed,2,2026-04-15,2026-04-15,178.5,-0.024590163934426257,-0.060109289617486295,2026-04-14,172.0,2026-04-23 11:28:01,2026-04-23 11:28:01,INTRADAY_CHASE,FILLED,183.0,0.028089887640449396,MA5_BREAK,F:\stock\ml\models\unified_signals_overlay_q1_2026-04-13.csv,b5932b2afc767244343c92de9fff374baabd7f2d44c2ef26ddc730c9bc6e5b7b,unified-v2-order-sim-replay:ma5_break_plus_hwm_8pct,2026-04-15,176.5,,-0.024590163934426257,realized,-0.03551912568306015,0.0,,
71,16,16,2026-04-13,2026-04-13,3532,半導體業,20D_only,20D_only,2,0.015625000000000007,182.0,2026-04-14,189.25,20D,20,0,,closed,6,2026-04-21,2026-04-21,189.0,-0.0013210039630119352,-0.062087186261558736,2026-04-14,177.5,2026-04-23 11:28:01,2026-04-23 11:28:01,INTRADAY_CHASE,FILLED,189.25,0.039835164835164916,MA5_BREAK,F:\stock\ml\models\unified_signals_overlay_q1_2026-04-13.csv,b5932b2afc767244343c92de9fff374baabd7f2d44c2ef26ddc730c9bc6e5b7b,unified-v2-order-sim-replay:ma5_break_plus_hwm_8pct,2026-04-21,182.5,,-0.0013210039630119352,realized,0.025099075297225992,0.025099075297225992,0.026420079260237928,1.0526315789473701
66,16,16,2026-04-13,2026-04-13,3576,光電業,20D_only,20D_only,2,0.015625000000000007,17.100000381469727,2026-04-14,15.399999618530272,20D,20,0,,closed,2,2026-04-15,2026-04-15,14.300000190734863,-0.07142853604176835,-0.07142853604176835,2026-04-15,14.300000190734863,2026-04-23 11:28:01,2026-04-23 11:28:01,OPEN,FILLED,15.399999618530272,-0.09941524707693261,MA5_BREAK,F:\stock\ml\models\unified_signals_overlay_q1_2026-04-13.csv,b5932b2afc767244343c92de9fff374baabd7f2d44c2ef26ddc730c9bc6e5b7b,unified-v2-order-sim-replay:ma5_break_plus_hwm_8pct,2026-04-15,16.899999618530273,,-0.07142853604176835,realized,0.09740259981533406,0.09740259981533406,0.1688311358571024,1.733332951863605
67,16,16,2026-04-13,2026-04-13,3691,光電業,20D_only,20D_only,2,0.015625000000000007,113.5,2026-04-14,120.0,20D,20,0,,closed,6,2026-04-21,2026-04-21,122.5,0.02083333333333326,-0.04166666666666663,2026-04-14,115.0,2026-04-23 11:28:01,2026-04-23 11:28:01,INTRADAY_CHASE,FILLED,120.0,0.05726872246696035,MA5_BREAK,F:\stock\ml\models\unified_signals_overlay_q1_2026-04-13.csv,b5932b2afc767244343c92de9fff374baabd7f2d44c2ef26ddc730c9bc6e5b7b,unified-v2-order-sim-replay:ma5_break_plus_hwm_8pct,2026-04-21,119.0,,0.02083333333333326,realized,0.04166666666666674,0.04166666666666674,0.02083333333333348,0.5000000000000027
77,16,16,2026-04-13,2026-04-13,5521,建材營造業,20D_only,20D_only,2,0.015625000000000007,12.050000190734863,2026-04-14,12.149999618530272,20D,20,0,,closed,6,2026-04-21,2026-04-21,12.0,-0.012345648003272647,-0.024691296006545294,2026-04-20,11.850000381469728,2026-04-23 11:28:01,2026-04-23 11:28:01,OPEN,FILLED,12.149999618530272,0.00829870756950668,MA5_BREAK,F:\stock\ml\models\unified_signals_overlay_q1_2026-04-13.csv,b5932b2afc767244343c92de9fff374baabd7f2d44c2ef26ddc730c9bc6e5b7b,unified-v2-order-sim-replay:ma5_break_plus_hwm_8pct,2026-04-21,11.949999809265137,,-0.012345648003272647,realized,0.020576132333265162,0.020576132333265162,0.03292178033653781,1.5999984741210864
76,16,16,2026-04-13,2026-04-13,6126,電子零組件業,20D_only,20D_only,2,0.015625000000000007,31.89999961853028,2026-04-14,32.29999923706055,20D,20,0,,closed,3,2026-04-16,2026-04-16,33.0,0.021671850757701616,-0.020123827674412675,2026-04-15,31.64999961853028,2026-04-23 11:28:01,2026-04-23 11:28:01,INTRADAY_CHASE,FILLED,32.29999923706055,0.01253917314462627,MA5_BREAK,F:\stock\ml\models\unified_signals_overlay_q1_2026-04-13.csv,b5932b2afc767244343c92de9fff374baabd7f2d44c2ef26ddc730c9bc6e5b7b,unified-v2-order-sim-replay:ma5_break_plus_hwm_8pct,2026-04-16,33.099998474121094,,0.021671850757701616,realized,0.02476777882219383,0.02476777882219383,0.003095928064492215,0.12499821185895062
73,16,16,2026-04-13,2026-04-13,6282,電子零組件業,20D_only,20D_only,2,0.015625000000000007,45.900001525878906,2026-04-14,49.10000038146973,20D,20,0,,closed,6,2026-04-21,2026-04-21,50.0,0.018329930988553178,-0.049898143310716736,2026-04-14,46.650001525878906,2026-04-23 11:28:01,2026-04-23 11:28:01,INTRADAY_CHASE,FILLED,49.10000038146973,0.06971674834883457,MA5_BREAK,F:\stock\ml\models\unified_signals_overlay_q1_2026-04-13.csv,b5932b2afc767244343c92de9fff374baabd7f2d44c2ef26ddc730c9bc6e5b7b,unified-v2-order-sim-replay:ma5_break_plus_hwm_8pct,2026-04-21,50.29999923706055,,0.018329930988553178,realized,0.03869652960832415,0.03869652960832415,0.02036659861977097,0.5263158951439882
72,16,16,2026-04-13,2026-04-13,6415,半導體業,20D_only,20D_only,2,0.015625000000000007,273.0,2026-04-14,278.25,20D,20,0,,closed,2,2026-04-15,2026-04-15,272.5,-0.020664869721473522,-0.040431266846361225,2026-04-14,267.0,2026-04-23 11:28:01,2026-04-23 11:28:01,INTRADAY_CHASE,FILLED,278.25,0.019230769230769162,MA5_BREAK,F:\stock\ml\models\unified_signals_overlay_q1_2026-04-13.csv,b5932b2afc767244343c92de9fff374baabd7f2d44c2ef26ddc730c9bc6e5b7b,unified-v2-order-sim-replay:ma5_break_plus_hwm_8pct,2026-04-15,275.0,,-0.020664869721473522,realized,-0.011680143755615435,0.0,,
75,16,16,2026-04-13,2026-04-13,6438,其他電子業,20D_only,20D_only,2,0.015625000000000007,181.0,2026-04-14,185.0,20D,20,0,,closed,3,2026-04-16,2026-04-16,176.5,-0.04594594594594592,-0.05405405405405406,2026-04-15,175.0,2026-04-23 11:28:01,2026-04-23 11:28:01,INTRADAY_CHASE,FILLED,185.0,0.022099447513812098,MA5_BREAK,F:\stock\ml\models\unified_signals_overlay_q1_2026-04-13.csv,b5932b2afc767244343c92de9fff374baabd7f2d44c2ef26ddc730c9bc6e5b7b,unified-v2-order-sim-replay:ma5_break_plus_hwm_8pct,2026-04-16,176.5,,-0.04594594594594592,realized,-0.027027027027026973,0.0,,
82,17,17,2026-04-14,2026-04-14,3576,光電業,20D_only,20D_only,2,0.2500000000000001,15.399999618530272,2026-04-15,14.300000190734863,20D,20,0,,closed,2,2026-04-16,2026-04-16,16.850000381469727,0.17832168928130776,0.0,2026-04-15,14.300000190734863,2026-04-23 11:28:02,2026-04-23 11:28:02,OPEN,FILLED,14.300000190734863,-0.07142853604176835,MA5_BREAK,F:\stock\ml\models\unified_signals_overlay_q1_2026-04-14.csv,38ea67d65b28d91a85c138294627d7695b561489eefe63d69dc76c5115a48590,unified-v2-order-sim-replay:ma5_break_plus_hwm_8pct,2026-04-16,18.549999237060547,,0.17832168928130776,realized,0.29720272654816515,0.29720272654816515,0.11888103726685739,0.39999982048479404
83,18,18,2026-04-15,2026-04-15,3576,光電業,20D_only,20D_only,2,0.08333333333333337,16.899999618530273,2026-04-16,16.850000381469727,20D,20,0,,closed,4,2026-04-21,2026-04-21,17.399999618530273,0.03264090353762783,-0.005934740605685662,2026-04-16,16.75,2026-04-23 11:28:02,2026-04-23 11:28:02,OPEN,FILLED,16.850000381469727,-0.0029585348040910286,MA5_BREAK,F:\stock\ml\models\unified_signals_overlay_q1_2026-04-15.csv,bb1543be3b1c1c80a3e644166973dbf177d9f7bc000d5c895f9f7314a587b2d5,unified-v2-order-sim-replay:ma5_break_plus_hwm_8pct,2026-04-21,16.850000381469727,,0.03264090353762783,realized,0.10089013751360754,0.10089013751360754,0.0682492339759797,0.6764708192292295
85,18,19,2026-04-15,2026-04-16,3581,半導體業,20D_only,20D_only,2,0.08333333333333337,99.0,2026-04-16,108.5,20D,20,0,,open,5,2026-04-22,,,,0.0,2026-04-16,108.5,2026-04-23 11:28:02,2026-04-23 11:28:02,INTRADAY_CHASE,FILLED,108.5,0.09595959595959602,,F:\stock\ml\models\unified_signals_overlay_q1_2026-04-15.csv,bb1543be3b1c1c80a3e644166973dbf177d9f7bc000d5c895f9f7314a587b2d5,unified-v2-order-sim-replay:ma5_break_plus_hwm_8pct,2026-04-22,157.5,0.4516129032258065,0.4516129032258065,mark_to_market,0.4516129032258065,0.4516129032258065,0.0,0.0
84,18,18,2026-04-15,2026-04-15,5439,電子零組件業,20D_only,20D_only,2,0.08333333333333337,396.5,2026-04-16,404.5,20D,20,0,,open,5,2026-04-22,,,,-0.05562422744128559,2026-04-16,382.0,2026-04-23 11:28:02,2026-04-23 11:28:02,INTRADAY_CHASE,FILLED,404.5,0.020176544766708604,,F:\stock\ml\models\unified_signals_overlay_q1_2026-04-15.csv,bb1543be3b1c1c80a3e644166973dbf177d9f7bc000d5c895f9f7314a587b2d5,unified-v2-order-sim-replay:ma5_break_plus_hwm_8pct,2026-04-22,418.0,0.03337453646477129,0.03337453646477129,mark_to_market,0.09147095179233622,0.09147095179233622,0.05809641532756493,0.6351351351351355
99,20,20,2026-04-17,2026-04-17,1305,塑膠工業,20D_only,20D_only,2,0.005952380952380955,14.899999618530272,2026-04-20,15.224999904632568,20D,20,0,,closed,2,2026-04-21,2026-04-21,14.699999809265137,-0.03448276510055592,-0.04433495685555444,2026-04-20,14.550000190734863,2026-04-23 11:28:02,2026-04-23 11:28:02,INTRADAY_CHASE,FILLED,15.224999904632568,0.02181210029684255,MA5_BREAK,F:\stock\ml\models\unified_signals_overlay_q1_2026-04-17.csv,4a6d17ea1d16582b7152423d618a64548997d555db7bbb7740e784e8df5ec15c,unified-v2-order-sim-replay:ma5_break_plus_hwm_8pct,2026-04-21,14.449999809265137,,-0.03448276510055592,realized,-0.031198680302653936,0.0,,
89,20,20,2026-04-17,2026-04-17,2406,光電業,20D_only,20D_only,2,0.005952380952380955,33.95000076293945,2026-04-20,34.89999961853027,20D,20,0,,open,3,2026-04-22,,,,-0.06733525521937211,2026-04-22,32.54999923706055,2026-04-23 11:28:02,2026-04-23 11:28:02,INTRADAY_CHASE,FILLED,34.89999961853027,0.027982292613903503,,F:\stock\ml\models\unified_signals_overlay_q1_2026-04-17.csv,4a6d17ea1d16582b7152423d618a64548997d555db7bbb7740e784e8df5ec15c,unified-v2-order-sim-replay:ma5_break_plus_hwm_8pct,2026-04-22,32.54999923706055,-0.06733525521937211,-0.06733525521937211,mark_to_market,-0.012893950157864542,0.0,,
86,20,20,2026-04-17,2026-04-17,2485,通信網路業,20D_only,20D_only,2,0.005952380952380955,77.69999694824219,2026-04-20,77.30000305175781,20D,20,0,,closed,2,2026-04-21,2026-04-21,71.5,-0.07503237804368912,-0.08279432436236323,2026-04-20,70.9000015258789,2026-04-23 11:28:02,2026-04-23 11:28:02,OPEN,FILLED,77.30000305175781,-0.0051479267978713494,MA5_BREAK,F:\stock\ml\models\unified_signals_overlay_q1_2026-04-17.csv,4a6d17ea1d16582b7152423d618a64548997d555db7bbb7740e784e8df5ec15c,unified-v2-order-sim-replay:ma5_break_plus_hwm_8pct,2026-04-21,72.30000305175781,,-0.07503237804368912,realized,-0.06468305048645528,0.0,,
96,20,22,2026-04-17,2026-04-21,3049,光電業,20D_only,20D_only,2,0.005952380952380955,13.800000190734863,2026-04-20,14.400000095367432,20D,20,0,,open,3,2026-04-22,,,,-0.09722222820108317,2026-04-22,13.0,2026-04-23 11:28:02,2026-04-23 11:28:02,INTRADAY_CHASE,FILLED,14.400000095367432,0.04347825335795297,,F:\stock\ml\models\unified_signals_overlay_q1_2026-04-17.csv,4a6d17ea1d16582b7152423d618a64548997d555db7bbb7740e784e8df5ec15c,unified-v2-order-sim-replay:ma5_break_plus_hwm_8pct,2026-04-22,13.050000190734863,-0.09374999275638007,-0.09374999275638007,mark_to_market,-0.0034722023310116423,0.0,,
93,20,20,2026-04-17,2026-04-17,3189,半導體業,20D_only,20D_only,2,0.005952380952380955,391.5,2026-04-20,413.75,20D,20,0,,open,3,2026-04-22,,,,-0.04290030211480367,2026-04-20,396.0,2026-04-23 11:28:02,2026-04-23 11:28:02,INTRADAY_CHASE,FILLED,413.75,0.05683269476372921,,F:\stock\ml\models\unified_signals_overlay_q1_2026-04-17.csv,4a6d17ea1d16582b7152423d618a64548997d555db7bbb7740e784e8df5ec15c,unified-v2-order-sim-replay:ma5_break_plus_hwm_8pct,2026-04-22,491.5,0.18791540785498495,0.18791540785498495,mark_to_market,0.18791540785498495,0.18791540785498495,0.0,0.0
90,20,20,2026-04-17,2026-04-17,3491,通信網路業,20D_only,20D_only,2,0.005952380952380955,1670.0,2026-04-20,1660.0,20D,20,0,,closed,2,2026-04-21,2026-04-21,1720.0,0.03614457831325302,0.0,2026-04-20,1660.0,2026-04-23 11:28:02,2026-04-23 11:28:02,OPEN,FILLED,1660.0,-0.005988023952095856,MA5_BREAK,F:\stock\ml\models\unified_signals_overlay_q1_2026-04-17.csv,4a6d17ea1d16582b7152423d618a64548997d555db7bbb7740e784e8df5ec15c,unified-v2-order-sim-replay:ma5_break_plus_hwm_8pct,2026-04-21,1775.0,,0.03614457831325302,realized,0.06927710843373491,0.06927710843373491,0.033132530120481896,0.47826086956521713
88,20,22,2026-04-17,2026-04-21,3498,其他電子業,20D_only,20D_only,2,0.005952380952380955,84.5999984741211,2026-04-20,88.70000076293945,20D,20,0,,open,3,2026-04-22,,,,-0.05636982831669113,2026-04-21,83.69999694824219,2026-04-23 11:28:02,2026-04-23 11:28:02,INTRADAY_CHASE,FILLED,88.70000076293945,0.04846338490269053,,F:\stock\ml\models\unified_signals_overlay_q1_2026-04-17.csv,4a6d17ea1d16582b7152423d618a64548997d555db7bbb7740e784e8df5ec15c,unified-v2-order-sim-replay:ma5_break_plus_hwm_8pct,2026-04-22,86.5999984741211,-0.023675335634222194,-0.023675335634222194,mark_to_market,-0.01240137857223067,0.0,,
97,20,20,2026-04-17,2026-04-17,3576,光電業,20D_only,20D_only,2,0.005952380952380955,18.299999237060547,2026-04-20,18.549999237060547,20D,20,0,,closed,2,2026-04-21,2026-04-21,17.399999618530273,-0.061994591149778566,-0.07277620105902582,2026-04-20,17.200000762939453,2026-04-23 11:28:02,2026-04-23 11:28:02,INTRADAY_CHASE,FILLED,18.549999237060547,0.01366120275533711,MA5_BREAK,F:\stock\ml\models\unified_signals_overlay_q1_2026-04-17.csv,4a6d17ea1d16582b7152423d618a64548997d555db7bbb7740e784e8df5ec15c,unified-v2-order-sim-replay:ma5_break_plus_hwm_8pct,2026-04-21,16.850000381469727,,-0.061994591149778566,realized,-0.07277620105902582,0.0,,
91,20,22,2026-04-17,2026-04-21,4768,化學工業,20D_only,20D_only,2,0.005952380952380955,462.5,2026-04-20,493.75,20D,20,0,,open,3,2026-04-22,,,,-0.02886075949367084,2026-04-20,479.5,2026-04-23 11:28:02,2026-04-23 11:28:02,INTRADAY_CHASE,FILLED,493.75,0.06756756756756754,,F:\stock\ml\models\unified_signals_overlay_q1_2026-04-17.csv,4a6d17ea1d16582b7152423d618a64548997d555db7bbb7740e784e8df5ec15c,unified-v2-order-sim-replay:ma5_break_plus_hwm_8pct,2026-04-22,538.0,0.0896202531645569,0.0896202531645569,mark_to_market,0.0896202531645569,0.0896202531645569,0.0,0.0
94,20,22,2026-04-17,2026-04-21,6465,通信網路業,20D_only,20D_only,2,0.005952380952380955,49.04999923706055,2026-04-20,52.70000076293945,20D,20,0,,open,3,2026-04-22,,,,-0.022770412629354975,2026-04-20,51.5,2026-04-23 11:28:02,2026-04-23 11:28:02,INTRADAY_CHASE,FILLED,52.70000076293945,0.07441389567078915,,F:\stock\ml\models\unified_signals_overlay_q1_2026-04-17.csv,4a6d17ea1d16582b7152423d618a64548997d555db7bbb7740e784e8df5ec15c,unified-v2-order-sim-replay:ma5_break_plus_hwm_8pct,2026-04-22,53.5,0.015180250957854469,0.015180250957854469,mark_to_market,0.07400375056397057,0.07400375056397057,0.0588234996061161,0.7948718701124168
95,20,22,2026-04-17,2026-04-21,6510,半導體業,20D_only,20D_only,2,0.005952380952380955,3740.0,2026-04-20,3840.0,20D,20,0,,open,3,2026-04-22,,,,-0.04947916666666663,2026-04-20,3650.0,2026-04-23 11:28:02,2026-04-23 11:28:02,INTRADAY_CHASE,FILLED,3840.0,0.02673796791443861,,F:\stock\ml\models\unified_signals_overlay_q1_2026-04-17.csv,4a6d17ea1d16582b7152423d618a64548997d555db7bbb7740e784e8df5ec15c,unified-v2-order-sim-replay:ma5_break_plus_hwm_8pct,2026-04-22,4200.0,0.09375,0.09375,mark_to_market,0.09375,0.09375,0.0,0.0
92,20,21,2026-04-17,2026-04-20,6788,半導體業,20D_only,20D_only,2,0.005952380952380955,431.0,2026-04-20,472.75,20D,20,0,,open,3,2026-04-22,,,,-0.008989952406134316,2026-04-20,468.5,2026-04-23 11:28:02,2026-04-23 11:28:02,INTRADAY_CHASE,FILLED,472.75,0.09686774941995369,,F:\stock\ml\models\unified_signals_overlay_q1_2026-04-17.csv,4a6d17ea1d16582b7152423d618a64548997d555db7bbb7740e784e8df5ec15c,unified-v2-order-sim-replay:ma5_break_plus_hwm_8pct,2026-04-22,523.0,0.106292966684294,0.106292966684294,mark_to_market,0.106292966684294,0.106292966684294,0.0,0.0
98,20,20,2026-04-17,2026-04-17,6944,綠能環保,20D_only,20D_only,2,0.005952380952380955,917.0,2026-04-20,925.0,20D,20,0,,open,3,2026-04-22,,,,-0.018378378378378413,2026-04-21,908.0,2026-04-23 11:28:02,2026-04-23 11:28:02,OPEN,FILLED,925.0,0.008724100327153872,,F:\stock\ml\models\unified_signals_overlay_q1_2026-04-17.csv,4a6d17ea1d16582b7152423d618a64548997d555db7bbb7740e784e8df5ec15c,unified-v2-order-sim-replay:ma5_break_plus_hwm_8pct,2026-04-22,944.0,0.020540540540540553,0.020540540540540553,mark_to_market,0.020540540540540553,0.020540540540540553,0.0,0.0
87,20,20,2026-04-17,2026-04-17,8027,電機機械,20D_only,20D_only,2,0.005952380952380955,148.5,2026-04-20,154.75,20D,20,0,,closed,3,2026-04-22,2026-04-22,151.0,-0.024232633279482996,-0.06946688206785134,2026-04-21,144.0,2026-04-23 11:28:02,2026-04-23 11:28:02,INTRADAY_CHASE,FILLED,154.75,0.042087542087542174,MA5_BREAK,F:\stock\ml\models\unified_signals_overlay_q1_2026-04-17.csv,4a6d17ea1d16582b7152423d618a64548997d555db7bbb7740e784e8df5ec15c,unified-v2-order-sim-replay:ma5_break_plus_hwm_8pct,2026-04-22,149.5,,-0.024232633279482996,realized,-0.03392568659127626,0.0,,
106,21,21,2026-04-20,2026-04-20,1305,塑膠工業,20D_only,20D_only,2,0.0022893772893772812,14.75,2026-04-21,14.699999809265137,20D,20,0,,closed,2,2026-04-22,2026-04-22,14.649999618530272,-0.003401373563511889,-0.0306122323199971,2026-04-21,14.25,2026-04-23 11:28:02,2026-04-23 11:28:02,OPEN,FILLED,14.699999809265137,-0.003389843439651763,MA5_BREAK,F:\stock\ml\models\unified_signals_overlay_q1_2026-04-20.csv,b7787f5e6ffcfca27d100119dcae998074dd1fa0f0cd74a029eea568f8d1b838,unified-v2-order-sim-replay:ma5_break_plus_hwm_8pct,2026-04-22,14.449999809265137,,-0.003401373563511889,realized,-0.017006802941754384,0.0,,
103,21,21,2026-04-20,2026-04-20,1309,塑膠工業,20D_only,20D_only,2,0.0022893772893772812,19.100000381469727,2026-04-21,19.049999237060547,20D,20,0,,closed,2,2026-04-22,2026-04-22,19.5,0.023622088239457995,-0.028871352183078236,2026-04-21,18.5,2026-04-23 11:28:02,2026-04-23 11:28:02,OPEN,FILLED,19.049999237060547,-0.00261786091154681,MA5_BREAK,F:\stock\ml\models\unified_signals_overlay_q1_2026-04-20.csv,b7787f5e6ffcfca27d100119dcae998074dd1fa0f0cd74a029eea568f8d1b838,unified-v2-order-sim-replay:ma5_break_plus_hwm_8pct,2026-04-22,18.600000381469727,,0.023622088239457995,realized,0.002624732095101834,0.002624732095101834,0.0,0.0
107,21,21,2026-04-20,2026-04-20,1326,塑膠工業,20D_only,20D_only,2,0.0022893772893772812,50.5,2026-04-21,50.70000076293945,20D,20,0,,closed,2,2026-04-22,2026-04-22,50.79999923706055,0.001972356461860114,-0.017751509119044995,2026-04-21,49.79999923706055,2026-04-23 11:28:02,2026-04-23 11:28:02,OPEN,FILLED,50.70000076293945,0.003960411147315934,MA5_BREAK,F:\stock\ml\models\unified_signals_overlay_q1_2026-04-20.csv,b7787f5e6ffcfca27d100119dcae998074dd1fa0f0cd74a029eea568f8d1b838,unified-v2-order-sim-replay:ma5_break_plus_hwm_8pct,2026-04-22,50.59999847412109,,0.001972356461860114,realized,-0.001972431702436328,0.0,,
111,21,21,2026-04-20,2026-04-20,1528,電機機械,20D_only,20D_only,2,0.0022893772893772812,28.200000762939453,2026-04-21,28.049999237060547,20D,20,0,,closed,2,2026-04-22,2026-04-22,29.799999237060547,0.06238859349728054,0.0,2026-04-21,28.049999237060547,2026-04-23 11:28:02,2026-04-23 11:28:02,OPEN,FILLED,28.049999237060547,-0.005319202901442388,MA5_BREAK,F:\stock\ml\models\unified_signals_overlay_q1_2026-04-20.csv,b7787f5e6ffcfca27d100119dcae998074dd1fa0f0cd74a029eea568f8d1b838,unified-v2-order-sim-replay:ma5_break_plus_hwm_8pct,2026-04-22,29.5,,0.06238859349728054,realized,0.05169343323987219,0.05169343323987219,0.0,0.0
105,21,21,2026-04-20,2026-04-20,1808,建材營造業,20D_only,20D_only,2,0.0022893772893772812,29.850000381469727,2026-04-21,30.0,20D,20,0,,closed,2,2026-04-22,2026-04-22,30.100000381469727,0.003333346048990826,-0.006666692097981763,2026-04-21,29.799999237060547,2026-04-23 11:28:02,2026-04-23 11:28:02,OPEN,FILLED,30.0,0.00502511278436657,MA5_BREAK,F:\stock\ml\models\unified_signals_overlay_q1_2026-04-20.csv,b7787f5e6ffcfca27d100119dcae998074dd1fa0f0cd74a029eea568f8d1b838,unified-v2-order-sim-replay:ma5_break_plus_hwm_8pct,2026-04-22,29.700000762939453,,0.003333346048990826,realized,-0.0016666412353515403,0.0,,
112,21,21,2026-04-20,2026-04-20,2466,光電業,20D_only,20D_only,2,0.0022893772893772812,64.4000015258789,2026-04-21,65.30000305175781,20D,20,0,,closed,2,2026-04-22,2026-04-22,61.59999847412109,-0.0566616294750254,-0.05819299960439317,2026-04-21,61.5,2026-04-23 11:28:02,2026-04-23 11:28:02,INTRADAY_CHASE,FILLED,65.30000305175781,0.013975178642150254,MA5_BREAK,F:\stock\ml\models\unified_signals_overlay_q1_2026-04-20.csv,b7787f5e6ffcfca27d100119dcae998074dd1fa0f0cd74a029eea568f8d1b838,unified-v2-order-sim-replay:ma5_break_plus_hwm_8pct,2026-04-22,58.59999847412109,,-0.0566616294750254,realized,-0.05819299960439317,0.0,,
100,21,21,2026-04-20,2026-04-20,2485,通信網路業,20D_only,20D_only,2,0.0022893772893772812,71.0,2026-04-21,71.5,20D,20,0,,closed,2,2026-04-22,2026-04-22,72.30000305175781,0.011188853870738535,-0.03356645490739729,2026-04-21,69.0999984741211,2026-04-23 11:28:02,2026-04-23 11:28:02,OPEN,FILLED,71.5,0.007042253521126751,MA5_BREAK,F:\stock\ml\models\unified_signals_overlay_q1_2026-04-20.csv,b7787f5e6ffcfca27d100119dcae998074dd1fa0f0cd74a029eea568f8d1b838,unified-v2-order-sim-replay:ma5_break_plus_hwm_8pct,2026-04-22,71.0,,0.011188853870738535,realized,0.011188853870738535,0.011188853870738535,0.0,0.0
101,21,22,2026-04-20,2026-04-21,3491,通信網路業,20D_only,20D_only,2,0.0022893772893772812,1695.0,2026-04-21,1750.0,20D,20,0,,open,2,2026-04-22,,,,-0.07428571428571429,2026-04-21,1620.0,2026-04-23 11:28:02,2026-04-23 11:28:02,INTRADAY_CHASE,FILLED,1750.0,0.032448377581120846,,F:\stock\ml\models\unified_signals_overlay_q1_2026-04-20.csv,b7787f5e6ffcfca27d100119dcae998074dd1fa0f0cd74a029eea568f8d1b838,unified-v2-order-sim-replay:ma5_break_plus_hwm_8pct,2026-04-22,1720.0,-0.017142857142857126,-0.017142857142857126,mark_to_market,0.014285714285714235,0.014285714285714235,0.03142857142857136,2.2000000000000033
108,21,21,2026-04-20,2026-04-20,3576,光電業,20D_only,20D_only,2,0.0022893772893772812,17.200000762939453,2026-04-21,17.550000190734863,20D,20,0,,closed,2,2026-04-22,2026-04-22,16.899999618530273,-0.03703706923876526,-0.05698011070120923,2026-04-21,16.549999237060547,2026-04-23 11:28:02,2026-04-23 11:28:02,INTRADAY_CHASE,FILLED,17.550000190734863,0.0203488030389829,MA5_BREAK,F:\stock\ml\models\unified_signals_overlay_q1_2026-04-20.csv,b7787f5e6ffcfca27d100119dcae998074dd1fa0f0cd74a029eea568f8d1b838,unified-v2-order-sim-replay:ma5_break_plus_hwm_8pct,2026-04-22,16.100000381469727,,-0.03703706923876526,realized,-0.03988602858447188,0.0,,
104,21,22,2026-04-20,2026-04-21,6442,通信網路業,20D_only,20D_only,2,0.0022893772893772812,2370.0,2026-04-21,2432.5,20D,20,0,,open,2,2026-04-22,,,,-0.08530318602261044,2026-04-22,2225.0,2026-04-23 11:28:02,2026-04-23 11:28:02,INTRADAY_CHASE,FILLED,2432.5,0.026371308016877704,,F:\stock\ml\models\unified_signals_overlay_q1_2026-04-20.csv,b7787f5e6ffcfca27d100119dcae998074dd1fa0f0cd74a029eea568f8d1b838,unified-v2-order-sim-replay:ma5_break_plus_hwm_8pct,2026-04-22,2240.0,-0.07913669064748197,-0.07913669064748197,mark_to_market,-0.03802672147995889,0.0,,
109,21,21,2026-04-20,2026-04-20,6664,電子零組件業,20D_only,20D_only,2,0.0022893772893772812,426.0,2026-04-21,428.5,20D,20,0,,closed,2,2026-04-22,2026-04-22,428.5,0.0,-0.031505250875145885,2026-04-21,415.0,2026-04-23 11:28:02,2026-04-23 11:28:02,OPEN,FILLED,428.5,0.005868544600938996,MA5_BREAK,F:\stock\ml\models\unified_signals_overlay_q1_2026-04-20.csv,b7787f5e6ffcfca27d100119dcae998074dd1fa0f0cd74a029eea568f8d1b838,unified-v2-order-sim-replay:ma5_break_plus_hwm_8pct,2026-04-22,415.5,,0.0,realized,-0.005834305717619559,0.0,,
102,21,21,2026-04-20,2026-04-20,8027,電機機械,20D_only,20D_only,2,0.0022893772893772812,149.5,2026-04-21,150.0,20D,20,0,,closed,2,2026-04-22,2026-04-22,151.0,0.006666666666666599,-0.040000000000000036,2026-04-21,144.0,2026-04-23 11:28:02,2026-04-23 11:28:02,OPEN,FILLED,150.0,0.0033444816053511683,MA5_BREAK,F:\stock\ml\models\unified_signals_overlay_q1_2026-04-20.csv,b7787f5e6ffcfca27d100119dcae998074dd1fa0f0cd74a029eea568f8d1b838,unified-v2-order-sim-replay:ma5_break_plus_hwm_8pct,2026-04-22,149.5,,0.006666666666666599,realized,-0.0033333333333332993,0.0,,
110,21,22,2026-04-20,2026-04-21,8064,光電業,20D_only,20D_only,2,0.0022893772893772812,83.5,2026-04-21,83.5,20D,20,0,,open,2,2026-04-22,,,,-0.052694629052442044,2026-04-21,79.0999984741211,2026-04-23 11:28:02,2026-04-23 11:28:02,OPEN,FILLED,83.5,0.0,,F:\stock\ml\models\unified_signals_overlay_q1_2026-04-20.csv,b7787f5e6ffcfca27d100119dcae998074dd1fa0f0cd74a029eea568f8d1b838,unified-v2-order-sim-replay:ma5_break_plus_hwm_8pct,2026-04-22,83.30000305175781,-0.0023951730328405363,-0.0023951730328405363,mark_to_market,-0.0023951730328405363,0.0,,
115,22,22,2026-04-21,2026-04-21,1305,塑膠工業,20D_only,20D_only,2,0.001907814407814401,14.449999809265137,2026-04-22,14.774999618530272,20D,20,0,,open,1,2026-04-22,,,,-0.025380711315192817,2026-04-22,14.399999618530272,2026-04-23 11:28:02,2026-04-23 11:28:02,INTRADAY_CHASE,FILLED,14.774999618530272,0.022491336578201793,,F:\stock\ml\models\unified_signals_overlay_q1_2026-04-21.csv,b712f2ce43e476c7660b7f232d13a04b03d2f88dbba5a78c6076f05ab0814f2f,unified-v2-order-sim-replay:ma5_break_plus_hwm_8pct,2026-04-22,14.449999809265137,-0.021996603563869566,-0.021996603563869566,mark_to_market,-0.021996603563869566,0.0,,
124,22,22,2026-04-21,2026-04-21,1308,塑膠工業,20D_only,20D_only,2,0.001907814407814401,15.350000381469728,2026-04-22,15.699999809265137,20D,20,0,,open,1,2026-04-22,,,,-0.03184713414486362,2026-04-22,15.199999809265137,2026-04-23 11:28:02,2026-04-23 11:28:02,INTRADAY_CHASE,FILLED,15.699999809265137,0.022801265087779576,,F:\stock\ml\models\unified_signals_overlay_q1_2026-04-21.csv,b712f2ce43e476c7660b7f232d13a04b03d2f88dbba5a78c6076f05ab0814f2f,unified-v2-order-sim-replay:ma5_break_plus_hwm_8pct,2026-04-22,15.300000190734863,-0.025477683018455766,-0.025477683018455766,mark_to_market,-0.025477683018455766,0.0,,
117,22,22,2026-04-21,2026-04-21,1309,塑膠工業,20D_only,20D_only,2,0.001907814407814401,19.100000381469727,2026-04-22,19.69999980926514,20D,20,0,,open,1,2026-04-22,,,,-0.05583753494647603,2026-04-22,18.600000381469727,2026-04-23 11:28:02,2026-04-23 11:28:02,INTRADAY_CHASE,FILLED,19.69999980926514,0.03141358197969013,,F:\stock\ml\models\unified_signals_overlay_q1_2026-04-21.csv,b712f2ce43e476c7660b7f232d13a04b03d2f88dbba5a78c6076f05ab0814f2f,unified-v2-order-sim-replay:ma5_break_plus_hwm_8pct,2026-04-22,18.600000381469727,-0.05583753494647603,-0.05583753494647603,mark_to_market,-0.05583753494647603,0.0,,
120,22,22,2026-04-21,2026-04-21,1326,塑膠工業,20D_only,20D_only,2,0.001907814407814401,50.5,2026-04-22,50.79999923706055,20D,20,0,,open,1,2026-04-22,,,,-0.00984251983285922,2026-04-22,50.29999923706055,2026-04-23 11:28:02,2026-04-23 11:28:02,OPEN,FILLED,50.79999923706055,0.0059405789516939755,,F:\stock\ml\models\unified_signals_overlay_q1_2026-04-21.csv,b712f2ce43e476c7660b7f232d13a04b03d2f88dbba5a78c6076f05ab0814f2f,unified-v2-order-sim-replay:ma5_break_plus_hwm_8pct,2026-04-22,50.59999847412109,-0.003937022951637226,-0.003937022951637226,mark_to_market,-0.003937022951637226,0.0,,
116,22,22,2026-04-21,2026-04-21,1808,建材營造業,20D_only,20D_only,2,0.001907814407814401,29.950000762939453,2026-04-22,30.100000381469727,20D,20,0,,open,1,2026-04-22,,,,-0.02159467143829108,2026-04-22,29.450000762939453,2026-04-23 11:28:02,2026-04-23 11:28:02,OPEN,FILLED,30.100000381469727,0.00500833438094217,,F:\stock\ml\models\unified_signals_overlay_q1_2026-04-21.csv,b712f2ce43e476c7660b7f232d13a04b03d2f88dbba5a78c6076f05ab0814f2f,unified-v2-order-sim-replay:ma5_break_plus_hwm_8pct,2026-04-22,29.700000762939453,-0.01328902370302032,-0.01328902370302032,mark_to_market,-0.01328902370302032,0.0,,
113,22,22,2026-04-21,2026-04-21,2485,通信網路業,20D_only,20D_only,2,0.001907814407814401,72.30000305175781,2026-04-22,72.30000305175781,20D,20,0,,open,1,2026-04-22,,,,-0.03181193574931518,2026-04-22,70.0,2026-04-23 11:28:02,2026-04-23 11:28:02,OPEN,FILLED,72.30000305175781,0.0,,F:\stock\ml\models\unified_signals_overlay_q1_2026-04-21.csv,b712f2ce43e476c7660b7f232d13a04b03d2f88dbba5a78c6076f05ab0814f2f,unified-v2-order-sim-replay:ma5_break_plus_hwm_8pct,2026-04-22,71.0,-0.01798067768859113,-0.01798067768859113,mark_to_market,-0.01798067768859113,0.0,,
121,22,22,2026-04-21,2026-04-21,3576,光電業,20D_only,20D_only,2,0.001907814407814401,16.850000381469727,2026-04-22,16.899999618530273,20D,20,0,,open,1,2026-04-22,,,,-0.05325441649971718,2026-04-22,16.0,2026-04-23 11:28:02,2026-04-23 11:28:02,OPEN,FILLED,16.899999618530273,0.002967313704961727,,F:\stock\ml\models\unified_signals_overlay_q1_2026-04-21.csv,b712f2ce43e476c7660b7f232d13a04b03d2f88dbba5a78c6076f05ab0814f2f,unified-v2-order-sim-replay:ma5_break_plus_hwm_8pct,2026-04-22,16.100000381469727,-0.04733723403066681,-0.04733723403066681,mark_to_market,-0.04733723403066681,0.0,,
119,22,22,2026-04-21,2026-04-21,3580,其他電子業,20D_only,20D_only,2,0.001907814407814401,82.30000305175781,2026-04-22,83.0999984741211,20D,20,0,,open,1,2026-04-22,,,,-0.01805054184768884,2026-04-22,81.5999984741211,2026-04-23 11:28:02,2026-04-23 11:28:02,OPEN,FILLED,83.0999984741211,0.009720478647615272,,F:\stock\ml\models\unified_signals_overlay_q1_2026-04-21.csv,b712f2ce43e476c7660b7f232d13a04b03d2f88dbba5a78c6076f05ab0814f2f,unified-v2-order-sim-replay:ma5_break_plus_hwm_8pct,2026-04-22,81.69999694824219,-0.016847190753136898,-0.016847190753136898,mark_to_market,-0.016847190753136898,0.0,,
122,22,22,2026-04-21,2026-04-21,4540,電機機械,20D_only,20D_only,2,0.001907814407814401,59.09999847412109,2026-04-22,58.900001525878906,20D,20,0,,open,1,2026-04-22,,,,-0.013582394414817123,2026-04-22,58.09999847412109,2026-04-23 11:28:02,2026-04-23 11:28:02,OPEN,FILLED,58.900001525878906,-0.003384043204836207,,F:\stock\ml\models\unified_signals_overlay_q1_2026-04-21.csv,b712f2ce43e476c7660b7f232d13a04b03d2f88dbba5a78c6076f05ab0814f2f,unified-v2-order-sim-replay:ma5_break_plus_hwm_8pct,2026-04-22,59.09999847412109,0.003395533838047582,0.003395533838047582,mark_to_market,0.003395533838047582,0.003395533838047582,0.0,0.0
118,22,22,2026-04-21,2026-04-21,6226,光電業,20D_only,20D_only,2,0.001907814407814401,14.600000381469728,2026-04-22,14.5,20D,20,0,,open,1,2026-04-22,,,,-0.05862071596342955,2026-04-22,13.649999618530272,2026-04-23 11:28:02,2026-04-23 11:28:02,OPEN,FILLED,14.5,-0.006849341017596711,,F:\stock\ml\models\unified_signals_overlay_q1_2026-04-21.csv,b712f2ce43e476c7660b7f232d13a04b03d2f88dbba5a78c6076f05ab0814f2f,unified-v2-order-sim-replay:ma5_break_plus_hwm_8pct,2026-04-22,13.699999809265137,-0.0551724269472319,-0.0551724269472319,mark_to_market,-0.0551724269472319,0.0,,
123,22,22,2026-04-21,2026-04-21,6854,其他,20D_only,20D_only,2,0.001907814407814401,190.5,2026-04-22,194.75,20D,20,0,,open,1,2026-04-22,,,,-0.047496790757381224,2026-04-22,185.5,2026-04-23 11:28:02,2026-04-23 11:28:02,INTRADAY_CHASE,FILLED,194.75,0.022309711286089273,,F:\stock\ml\models\unified_signals_overlay_q1_2026-04-21.csv,b712f2ce43e476c7660b7f232d13a04b03d2f88dbba5a78c6076f05ab0814f2f,unified-v2-order-sim-replay:ma5_break_plus_hwm_8pct,2026-04-22,187.0,-0.03979460847240046,-0.03979460847240046,mark_to_market,-0.03979460847240046,0.0,,
114,22,22,2026-04-21,2026-04-21,8027,電機機械,20D_only,20D_only,2,0.001907814407814401,149.5,2026-04-22,153.0,20D,20,0,,open,1,2026-04-22,,,,-0.03594771241830064,2026-04-22,147.5,2026-04-23 11:28:02,2026-04-23 11:28:02,INTRADAY_CHASE,FILLED,153.0,0.02341137123745818,,F:\stock\ml\models\unified_signals_overlay_q1_2026-04-21.csv,b712f2ce43e476c7660b7f232d13a04b03d2f88dbba5a78c6076f05ab0814f2f,unified-v2-order-sim-replay:ma5_break_plus_hwm_8pct,2026-04-22,149.5,-0.022875816993464082,-0.022875816993464082,mark_to_market,-0.022875816993464082,0.0,,
