rebalance_month,ticker,Date,rank,stage1_rank,stage1_score,rank_score,trade_return_20d,trade_excess_return_20d,month,candidate_size,label_bins
2024-01,5314,2024-01-31,1,2,0.07048043186782,0.2890831490099324,0.35329342,0.2506347,2024-01,60,5
2024-01,3228,2024-01-31,2,24,0.0336345031110802,0.26487480757993626,0.11258278,0.009924052,2024-01,60,5
2024-01,6231,2024-01-31,3,20,0.037003361747048,0.17779412760565672,0.051587224,-0.051071502,2024-01,60,5
2024-01,3555,2024-01-31,4,13,0.0404049606708536,0.14700644155792736,-0.12992702,-0.23258576,2024-01,60,5
2024-01,6547,2024-01-31,5,6,0.060990451818711,0.10903457228029555,-0.08305648,-0.18571521,2024-01,60,5
2024-01,3592,2024-01-31,6,56,0.0274043931487087,0.021722962160544486,0.23466662,0.13200788,2024-01,60,5
2024-01,1591,2024-01-31,7,1,0.1122472327046858,0.00785417946925232,0.27667984,0.17402111,2024-01,60,5
2024-01,6596,2024-01-31,8,26,0.0333925564415079,-0.03636428418833258,0.13295874,0.030300012,2024-01,60,5
2024-01,5490,2024-01-31,9,16,0.038247885534008,-0.05023910239086475,0.09832636,-0.0043323655,2024-01,60,5
2024-01,5236,2024-01-31,10,7,0.0591478446054406,-0.057211763089687125,-0.0895061,-0.19216482,2024-01,60,5
2024-01,3086,2024-01-31,11,10,0.0491985503042167,-0.06913671137384589,-0.03636364,-0.13902237,2024-01,60,5
2024-01,6919,2024-01-31,12,3,0.0679257148399635,-0.07806535326629503,0.10178969,-0.0008690375,2024-01,60,5
2024-01,6419,2024-01-31,13,4,0.0648267851534238,-0.14779605082734473,0.18831937,0.085660644,2024-01,60,5
2024-01,6136,2024-01-31,14,50,0.0281305421864406,-0.16196203282502644,0.09932291,-0.0033358205,2024-01,60,5
2024-01,6651,2024-01-31,15,41,0.0296455710699407,-0.16342066937264896,0.014012705,-0.088646024,2024-01,60,5
2024-01,3176,2024-01-31,16,47,0.0291005936194893,-0.17610347773185658,-0.02103966,-0.12369838,2024-01,60,5
2024-01,1569,2024-01-31,17,43,0.0292178324449124,-0.1802728389274517,0.020491803,-0.082166925,2024-01,60,5
2024-01,8039,2024-01-31,18,45,0.0291792046223958,-0.18951317323397746,-0.06995879,-0.17261752,2024-01,60,5
2024-01,2454,2024-01-31,19,58,0.0272035085996345,-0.25179262123999646,0.2881177,0.18545897,2024-01,60,5
2024-01,4416,2024-01-31,20,40,0.0297748320812393,-0.30552948532943147,0.03138073,-0.071278,2024-01,60,5
2024-01,2883,2024-01-31,21,54,0.02779391664901,-0.3123913542268571,0.11157027,0.008911541,2024-01,60,5
2024-01,4129,2024-01-31,22,46,0.0291067212332965,-0.33979391496204314,0.047471624,-0.055187102,2024-01,60,5
2024-01,2887,2024-01-31,23,29,0.0320194011597781,-0.3439286216421299,0.03488361,-0.067775115,2024-01,60,5
2024-01,6278,2024-01-31,24,11,0.0475578029715373,-0.36049754863143085,0.10270277,4.40386e-05,2024-01,60,5
2024-01,6117,2024-01-31,25,8,0.057683700543069,-0.36122715896712015,0.063712,-0.038946725,2024-01,60,5
2024-01,5876,2024-01-31,26,51,0.0280316963910796,-0.37020518810938036,-0.0033520032,-0.10601073,2024-01,60,5
2024-01,5213,2024-01-31,27,44,0.0291944731382396,-0.3807550536651541,0.12076601,0.018107278,2024-01,60,5
2024-01,6186,2024-01-31,28,14,0.0392513468969643,-0.3916141065402158,-0.037735928,-0.14039466,2024-01,60,5
2024-01,5536,2024-01-31,29,19,0.0373188898166169,-0.3931216388266937,0.04931505,-0.053343676,2024-01,60,5
2024-01,2516,2024-01-31,30,22,0.0345215338212763,-0.3944706034699592,0.08860753,-0.014051201,2024-01,60,5
2024-02,5314,2024-02-29,1,1,0.2744147684888826,0.806669053601201,0.77184474,0.70964223,2024-02,60,5
2024-02,6419,2024-02-29,2,40,0.0369987765947004,0.6242683795648655,0.09346744,0.031264897,2024-02,60,5
2024-02,6643,2024-02-29,3,11,0.0523125930775449,0.3981304447742842,-0.29781413,-0.36001667,2024-02,60,5
2024-02,5225,2024-02-29,4,22,0.0438057260504533,0.3574751005892686,0.21513782,0.15293528,2024-02,60,5
2024-02,8089,2024-02-29,5,14,0.0474036439202898,0.3339938320821821,-0.28861332,-0.35081586,2024-02,60,5
2024-02,4966,2024-02-29,6,26,0.041566606843137,0.3308432222613724,-0.10275239,-0.16495493,2024-02,60,5
2024-02,3349,2024-02-29,7,9,0.0557119229513385,0.3249274252916494,-0.097744375,-0.15994692,2024-02,60,5
2024-02,3303,2024-02-29,8,55,0.0343054042150761,0.3150083311083882,0.017295562,-0.044906978,2024-02,60,5
2024-02,6684,2024-02-29,9,7,0.0566779286052379,0.2942209882994998,-0.30864197,-0.3708445,2024-02,60,5
2024-02,5274,2024-02-29,10,23,0.0420913213327947,0.27354340137146826,0.20652182,0.14431928,2024-02,60,5
2024-02,3228,2024-02-29,11,3,0.1076402986223398,0.2660896000749066,0.05108055,-0.011121989,2024-02,60,5
2024-02,8045,2024-02-29,12,29,0.0403410729149579,0.2416293281489654,0.08074528,0.018542739,2024-02,60,5
2024-02,8176,2024-02-29,13,60,0.0330295175534204,0.21425965487727816,-0.07284771,-0.13505025,2024-02,60,5
2024-02,6231,2024-02-29,14,6,0.0668941070275269,0.18798339435252356,-0.17028376,-0.23248631,2024-02,60,5
2024-02,4772,2024-02-29,15,21,0.0440192522916219,0.1800939814008729,-0.023195911,-0.08539845,2024-02,60,5
2024-02,6919,2024-02-29,16,25,0.0419964577526736,0.13234451925864532,0.47058824,0.4083857,2024-02,60,5
2024-02,1591,2024-02-29,17,8,0.05619522093997,0.11061786066368395,0.031446543,-0.030755999,2024-02,60,5
2024-02,4749,2024-02-29,18,27,0.0412865443891022,0.10462294215884194,-0.17372254,-0.23592508,2024-02,60,5
2024-02,6735,2024-02-29,19,48,0.0354237203588835,0.019574139503993147,0.19419648,0.13199393,2024-02,60,5
2024-02,5490,2024-02-29,20,18,0.0443279117013396,-0.03996250665756887,-0.056285176,-0.118487716,2024-02,60,5
2024-02,1436,2024-02-29,21,13,0.0481750734623968,-0.08381360480427213,0.21991242,0.15770988,2024-02,60,5
2024-02,3188,2024-02-29,22,49,0.0353328557844972,-0.09159064812388534,0.5430107,0.48080817,2024-02,60,5
2024-02,3293,2024-02-29,23,58,0.0337658459919915,-0.10679893232697066,0.30813947,0.24593693,2024-02,60,5
2024-02,3529,2024-02-29,24,32,0.0394457284759952,-0.11838977706544143,-0.124087565,-0.1862901,2024-02,60,5
2024-02,1432,2024-02-29,25,30,0.0399532419643908,-0.14401846623635114,-0.2173038,-0.27950633,2024-02,60,5
2024-02,5272,2024-02-29,26,46,0.0355321994069787,-0.15045832703449813,-0.1501211,-0.21232364,2024-02,60,5
2024-02,1808,2024-02-29,27,15,0.046391199978164,-0.15113843456584286,0.22115384,0.1589513,2024-02,60,5
2024-02,3555,2024-02-29,28,19,0.0442027509716757,-0.1912071551342812,-0.2876923,-0.34989485,2024-02,60,5
2024-02,9939,2024-02-29,29,59,0.033525625072332,-0.2011070533401135,0.0034364262,-0.058766115,2024-02,60,5
2024-02,6462,2024-02-29,30,2,0.1194756162530319,-0.22965653422288893,-0.25,-0.31220254,2024-02,60,5
2024-03,6805,2024-03-29,1,16,0.0548085217662093,0.8354827327301843,0.0025348642,-0.002498551,2024-03,60,5
2024-03,7728,2024-03-29,2,51,0.0328262748559717,0.666174541443627,0.36086956,0.35583615,2024-03,60,5
2024-03,5314,2024-03-29,3,1,0.2727669641326166,0.6630263062292495,-0.2658569,-0.2708903,2024-03,60,5
2024-03,3529,2024-03-29,4,22,0.0468142000154609,0.6529794085503526,-0.12055333,-0.12558675,2024-03,60,5
2024-03,7734,2024-03-29,5,21,0.0468145843623938,0.4853481459277099,0.31746033,0.31242692,2024-03,60,5
2024-03,3622,2024-03-29,6,29,0.0422641529923204,0.46986614728171666,-0.08095232,-0.085985735,2024-03,60,5
2024-03,3555,2024-03-29,7,35,0.0405637628886335,0.40708122505309746,0.44420612,0.43917271,2024-03,60,5
2024-03,7721,2024-03-29,8,11,0.0749779846252387,0.40317498423959885,0.049136743,0.04410333,2024-03,60,5
2024-03,6643,2024-03-29,9,7,0.1079353184626198,0.37119238374999863,-0.14893624,-0.15396966,2024-03,60,5
2024-03,3228,2024-03-29,10,31,0.041847168380665,0.3010424885878964,-0.375,-0.3800334,2024-03,60,5
2024-03,4912,2024-03-29,11,25,0.0433694854720216,0.18404725907424152,0.048387095,0.04335368,2024-03,60,5
2024-03,6739,2024-03-29,12,10,0.0792875886952603,0.13420269959630113,0.006896554,0.0018631388,2024-03,60,5
2024-03,1436,2024-03-29,13,17,0.0515567445356631,0.1280221961687031,0.30493277,0.29989937,2024-03,60,5
2024-03,1591,2024-03-29,14,18,0.0504805633014586,0.11272329790952272,-0.08035711,-0.08539053,2024-03,60,5
2024-03,6231,2024-03-29,15,32,0.0411436077154127,0.03692997797392647,-0.057539713,-0.06257313,2024-03,60,5
2024-03,8027,2024-03-29,16,42,0.0357086344254021,0.027025967438246094,-0.0076020285,-0.012635443,2024-03,60,5
2024-03,8086,2024-03-29,17,58,0.0316382537222033,0.027002294304959987,-0.048275817,-0.053309232,2024-03,60,5
2024-03,4129,2024-03-29,18,37,0.0400164326884687,0.021617635214695872,0.010101011,0.0050675957,2024-03,60,5
2024-03,3354,2024-03-29,19,8,0.0931812709484235,-0.04097533127561653,-0.03966606,-0.044699475,2024-03,60,5
2024-03,3691,2024-03-29,20,28,0.0429563016314775,-0.05907477516800798,0.33898306,0.33394966,2024-03,60,5
2024-03,2465,2024-03-29,21,5,0.1149192547308075,-0.08474697605770633,0.08677686,0.08174344,2024-03,60,5
2024-03,3535,2024-03-29,22,49,0.0332152407613022,-0.10015370052949585,0.14925382,0.1442204,2024-03,60,5
2024-03,3490,2024-03-29,23,26,0.0429815355706552,-0.11347948092097242,0.13321492,0.1281815,2024-03,60,5
2024-03,4749,2024-03-29,24,9,0.0800742404563296,-0.11379637898499342,0.0017152156,-0.0033181997,2024-03,60,5
2024-03,6919,2024-03-29,25,12,0.0681380927788959,-0.14292975995068502,0.4883722,0.4833388,2024-03,60,5
2024-03,8045,2024-03-29,26,6,0.1132394609467567,-0.16308149547246953,-0.14411767,-0.14915109,2024-03,60,5
2024-03,8176,2024-03-29,27,54,0.0323517847048309,-0.16688608651146572,0.03610108,0.031067666,2024-03,60,5
2024-03,3234,2024-03-29,28,20,0.0503500317643267,-0.1702293530409076,0.24688284,0.24184942,2024-03,60,5
2024-03,8147,2024-03-29,29,39,0.0386856248181773,-0.17557014583801575,-0.21428569,-0.2193191,2024-03,60,5
2024-03,6735,2024-03-29,30,41,0.0374258653734469,-0.18767813527101526,-0.15115206,-0.15618548,2024-03,60,5
2024-04,2540,2024-04-30,1,12,0.0719812838653729,0.05032391330398098,0.10801395,0.045949664,2024-04,60,5
2024-04,6186,2024-04-30,2,48,0.049952437957528,0.05032391330398098,0.12077295,0.058708664,2024-04,60,5
2024-04,1436,2024-04-30,3,7,0.0832747764278317,0.04078906401804785,-0.06484649,-0.12691078,2024-04,60,5
2024-04,9946,2024-04-30,4,2,0.1111259085696554,0.04078906401804785,0.1940701,0.13200581,2024-04,60,5
2024-04,6913,2024-04-30,5,28,0.0569792205598146,0.04078906401804785,0.18735087,0.12528658,2024-04,60,5
2024-04,4526,2024-04-30,6,25,0.0582038837159311,0.04078906401804785,-0.004123679,-0.06618796,2024-04,60,5
2024-04,4915,2024-04-30,7,19,0.0616658407653984,0.04078906401804785,0.00833342,-0.053730864,2024-04,60,5
2024-04,6190,2024-04-30,8,20,0.0610996767408857,0.04078906401804785,0.06413614,0.0020718542,2024-04,60,5
2024-04,1442,2024-04-30,9,17,0.0636452871103219,0.04078906401804785,0.015624982,-0.046439305,2024-04,60,5
2024-04,5213,2024-04-30,10,16,0.0648652106411284,0.04078906401804785,-0.079310276,-0.14137456,2024-04,60,5
2024-04,5519,2024-04-30,11,14,0.0657769820617,0.04078906401804785,-0.15204085,-0.21410514,2024-04,60,5
2024-04,3188,2024-04-30,12,13,0.0714203449431712,0.04078906401804785,0.0048860153,-0.05717827,2024-04,60,5
2024-04,6278,2024-04-30,13,36,0.0525544039300249,0.04078906401804785,-0.0042016488,-0.06626593,2024-04,60,5
2024-04,6423,2024-04-30,14,45,0.0502770655075844,0.037867391036104855,-0.14102565,-0.20308994,2024-04,60,5
2024-04,3213,2024-04-30,15,18,0.0628472773870189,0.037867391036104855,0.09900992,0.036945637,2024-04,60,5
2024-04,3037,2024-04-30,16,55,0.0455770070190434,0.037867391036104855,0.05817182,-0.003892466,2024-04,60,5
2024-04,3362,2024-04-30,17,31,0.0556838880213783,0.037867391036104855,0.099273644,0.037209358,2024-04,60,5
2024-04,2420,2024-04-30,18,33,0.0538725964115604,0.037867391036104855,0.16451016,0.10244588,2024-04,60,5
2024-04,3711,2024-04-30,19,50,0.0492890267053739,0.037867391036104855,0.12802766,0.06596338,2024-04,60,5
2024-04,3592,2024-04-30,20,22,0.0598538106511096,0.037867391036104855,-0.027186802,-0.089251086,2024-04,60,5
2024-04,2382,2024-04-30,21,35,0.052780073291404,0.037867391036104855,0.12992127,0.06785699,2024-04,60,5
2024-04,4912,2024-04-30,22,24,0.0591899526257517,0.01671833018156439,0.019230738,-0.042833548,2024-04,60,5
2024-04,2305,2024-04-30,23,40,0.0517082254563234,0.012911842277118047,0.12641089,0.064346604,2024-04,60,5
2024-04,2597,2024-04-30,24,21,0.0602269977948638,0.0022633074084832316,-0.0028408822,-0.06490517,2024-04,60,5
2024-04,3455,2024-04-30,25,54,0.0466301195120704,0.0022633074084832316,0.26799548,0.20593119,2024-04,60,5
2024-04,2327,2024-04-30,26,57,0.0449935183458523,0.0022633074084832316,0.072231136,0.01016685,2024-04,60,5
2024-04,4416,2024-04-30,27,47,0.050015816883807,0.0022633074084832316,-0.09905659,-0.16112088,2024-04,60,5
2024-04,2535,2024-04-30,28,27,0.0576477118822168,0.0022633074084832316,-0.08965516,-0.15171945,2024-04,60,5
2024-04,9958,2024-04-30,29,44,0.0503602750477089,0.0022633074084832316,0.29777777,0.23571348,2024-04,60,5
2024-04,3372,2024-04-30,30,38,0.0522004114298977,0.0,0.15580738,0.09374309,2024-04,60,5
2024-05,4113,2024-05-31,1,7,0.0525242797272899,0.18070941996450418,-0.056569315,-0.14556195,2024-05,60,5
2024-05,6472,2024-05-31,2,53,0.0269057239739778,0.16542298816926776,0.15334204,0.064349405,2024-05,60,5
2024-05,3430,2024-05-31,3,36,0.0305540669581673,0.16208244183223153,-0.07911398,-0.16810662,2024-05,60,5
2024-05,5314,2024-05-31,4,10,0.044739024813033,0.1295340720803405,0.014150897,-0.07484173,2024-05,60,5
2024-05,6425,2024-05-31,5,30,0.0313541604424095,0.10645934149565506,-0.06906591,-0.15805854,2024-05,60,5
2024-05,6753,2024-05-31,6,41,0.0289251870428496,0.09157565439509942,0.28755376,0.19856113,2024-05,60,5
2024-05,6757,2024-05-31,7,16,0.0421630157279634,0.09137607206607916,0.30517426,0.21618164,2024-05,60,5
2024-05,1591,2024-05-31,8,18,0.0393915073327461,0.08378810686966552,-0.059722263,-0.1487149,2024-05,60,5
2024-05,6541,2024-05-31,9,25,0.0346924870801239,0.07863913982738889,0.2871795,0.19818687,2024-05,60,5
2024-05,4534,2024-05-31,10,14,0.0428268995443314,0.07690249678171121,0.45017183,0.3611792,2024-05,60,5
2024-05,2528,2024-05-31,11,35,0.0306114712874895,0.06380811681400293,-0.07910753,-0.16810016,2024-05,60,5
2024-05,6727,2024-05-31,12,27,0.0320149741611171,0.05812672517533106,-0.04270993,-0.13170256,2024-05,60,5
2024-05,6877,2024-05-31,13,19,0.0383988947583553,0.05724069673912664,0.52153116,0.43253854,2024-05,60,5
2024-05,3498,2024-05-31,14,34,0.0306835240088899,0.0529845547192271,0.07177033,-0.017222298,2024-05,60,5
2024-05,3705,2024-05-31,15,55,0.0264454653151311,0.03902539729564734,-0.01209177,-0.1010844,2024-05,60,5
2024-05,8121,2024-05-31,16,33,0.0311866212529579,0.03736602240184391,-0.04943822,-0.13843085,2024-05,60,5
2024-05,2351,2024-05-31,17,29,0.0313567453521992,0.03499229874803611,0.019607829,-0.0693848,2024-05,60,5
2024-05,4904,2024-05-31,18,57,0.025959866028909,0.03483119050830193,0.03473057,-0.05426206,2024-05,60,5
2024-05,4716,2024-05-31,19,5,0.0566902379780521,0.034437261421645826,0.052083332,-0.036909297,2024-05,60,5
2024-05,5530,2024-05-31,20,38,0.0294809264332778,0.032176986218352716,0.101358466,0.012365835,2024-05,60,5
2024-05,3349,2024-05-31,21,8,0.0494012287374215,0.030629536626311762,0.019271899,-0.06972073,2024-05,60,5
2024-05,8255,2024-05-31,22,56,0.0259786420953114,0.029081577787710016,0.0626506,-0.026342032,2024-05,60,5
2024-05,3066,2024-05-31,23,2,0.0666785735593723,0.020196359411058244,0.119540244,0.030547613,2024-05,60,5
2024-05,1519,2024-05-31,24,46,0.0280614625754419,0.01920235893613507,0.31092423,0.2219316,2024-05,60,5
2024-05,1529,2024-05-31,25,60,0.0256447918472124,0.01813891107862715,0.040185526,-0.048807103,2024-05,60,5
2024-05,6461,2024-05-31,26,39,0.0291554117842484,0.017166945378447398,0.118518546,0.029525915,2024-05,60,5
2024-05,4991,2024-05-31,27,22,0.0372146879958784,0.015113086831497927,0.10807609,0.019083457,2024-05,60,5
2024-05,3691,2024-05-31,28,50,0.0273934556451118,0.012638645893544527,0.1259542,0.036961567,2024-05,60,5
2024-05,8068,2024-05-31,29,26,0.0324436990913571,0.010028931378067114,-0.078804284,-0.16779691,2024-05,60,5
2024-05,1560,2024-05-31,30,32,0.0313005955357894,0.007826512670162596,0.20209065,0.11309802,2024-05,60,5
2024-06,7751,2024-06-28,1,1,0.1194477918538412,0.23958427428948853,0.23683819,0.27194893,2024-06,60,5
2024-06,6757,2024-06-28,2,13,0.0520306714350459,0.21826430552869366,0.005042004,0.04015276,2024-06,60,5
2024-06,4534,2024-06-28,3,31,0.0453644339155654,0.16234922854865333,0.18652852,0.22163928,2024-06,60,5
2024-06,2102,2024-06-28,4,29,0.0455285597953292,0.14372959177685432,0.05250589,0.087616645,2024-06,60,5
2024-06,6913,2024-06-28,5,6,0.064438161193267,0.11067805658866114,-0.011494297,0.02361646,2024-06,60,5
2024-06,3357,2024-06-28,6,60,0.0392479861232278,0.06194227284683233,-0.091228046,-0.05611729,2024-06,60,5
2024-06,4716,2024-06-28,7,17,0.0499118728029428,0.056138793719185384,0.015113312,0.050224066,2024-06,60,5
2024-06,2442,2024-06-28,8,53,0.0404186712685122,-0.08092661258254909,0.18330611,0.21841687,2024-06,60,5
2024-06,3499,2024-06-28,9,54,0.0403605410435341,-0.1339105330023066,-0.06711409,-0.032003336,2024-06,60,5
2024-06,3054,2024-06-28,10,5,0.0690327633623865,-0.23995329431687612,-0.028708152,0.0064026024,2024-06,60,5
2024-06,6596,2024-06-28,11,52,0.0407765864617684,-0.2867446249234246,-0.05405404,-0.018943286,2024-06,60,5
2024-06,5278,2024-06-28,12,43,0.0421144201809546,-0.2942703288964136,-0.07279682,-0.037686065,2024-06,60,5
2024-06,1471,2024-06-28,13,7,0.0626826337511972,-0.29604156487676914,-0.019417489,0.015693266,2024-06,60,5
2024-06,4416,2024-06-28,14,39,0.0430252570843814,-0.3117106459062269,0.06199184,0.0971026,2024-06,60,5
2024-06,6117,2024-06-28,15,40,0.0429834031629966,-0.41523396807538976,-0.1124031,-0.077292345,2024-06,60,5
2024-06,6465,2024-06-28,16,44,0.0418689877564158,-0.4231608495414446,0.011857753,0.04696851,2024-06,60,5
2024-06,5515,2024-06-28,17,22,0.0481461036103845,-0.45365942733525316,0.12115048,0.15626124,2024-06,60,5
2024-06,2548,2024-06-28,18,2,0.101113714272189,-0.4559028809842929,0.24542119,0.28053194,2024-06,60,5
2024-06,4951,2024-06-28,19,9,0.0558099510799425,-0.5156262005316131,-0.016990267,0.018120488,2024-06,60,5
2024-06,7709,2024-06-28,20,24,0.0476368190834801,-0.5500722680339186,-0.12977102,-0.09466027,2024-06,60,5
2024-06,8390,2024-06-28,21,28,0.0455640927461664,-0.5644848729449204,0.12872456,0.16383532,2024-06,60,5
2024-06,3213,2024-06-28,22,23,0.0477562788166361,-0.5770250306432161,-0.13676588,-0.101655126,2024-06,60,5
2024-06,5475,2024-06-28,23,37,0.043444484905992,-0.5924099615058163,0.039285727,0.07439648,2024-06,60,5
2024-06,5203,2024-06-28,24,14,0.0520001012690868,-0.605859950095539,-0.06915887,-0.03404811,2024-06,60,5
2024-06,3056,2024-06-28,25,4,0.07081748211409,-0.613772689901582,0.106782064,0.14189282,2024-06,60,5
2024-06,8121,2024-06-28,26,48,0.041488825968533,-0.6592408253062493,-0.07762552,-0.042514764,2024-06,60,5
2024-06,6177,2024-06-28,27,27,0.0466496584121956,-0.6862722842276237,0.20065464,0.2357654,2024-06,60,5
2024-06,6727,2024-06-28,28,57,0.0397431074972764,-0.6996319390562247,-0.029491145,0.0056196097,2024-06,60,5
2024-06,3349,2024-06-28,29,47,0.0416390184999481,-0.7029377112307335,0.22669493,0.26180568,2024-06,60,5
2024-06,4749,2024-06-28,30,42,0.0424796240447029,-0.7226688919869799,0.010169495,0.04528025,2024-06,60,5
2024-07,7734,2024-07-31,1,48,0.0539290619385955,0.13290641557300234,0.059259277,0.05154236,2024-07,60,5
2024-07,4562,2024-07-31,2,5,0.086037306252351,0.08820534939508208,0.3350877,0.32737076,2024-07,60,5
2024-07,8104,2024-07-31,3,44,0.0544288045879119,0.08820534939508208,-0.0056179776,-0.013334895,2024-07,60,5
2024-07,6919,2024-07-31,4,50,0.053162350260163,0.08257279228872019,0.06942144,0.061704524,2024-07,60,5
2024-07,6913,2024-07-31,5,11,0.0758437499128516,0.0816637479649963,-0.019305013,-0.02702193,2024-07,60,5
2024-07,4534,2024-07-31,6,45,0.0543773024211729,0.08141926682271516,0.26548672,0.2577698,2024-07,60,5
2024-07,8085,2024-07-31,7,4,0.0878829792105393,0.08141926682271516,-0.122933894,-0.13065082,2024-07,60,5
2024-07,2243,2024-07-31,8,16,0.0684067812424238,0.06255105759288004,-0.14285718,-0.1505741,2024-07,60,5
2024-07,6231,2024-07-31,9,57,0.0507747576909466,0.06131312608159794,0.025516398,0.017799482,2024-07,60,5
2024-07,5490,2024-07-31,10,9,0.0773594442326566,0.05779698140925807,-0.073170714,-0.08088763,2024-07,60,5
2024-07,7712,2024-07-31,11,41,0.055852679479608,0.05615883723678341,-0.17,-0.17771693,2024-07,60,5
2024-07,6669,2024-07-31,12,47,0.0539317882475095,0.055170125206786144,-0.10465116,-0.11236808,2024-07,60,5
2024-07,3349,2024-07-31,13,35,0.0579799942055319,0.0433302184765701,-0.109375,-0.11709192,2024-07,60,5
2024-07,4991,2024-07-31,14,46,0.0540428183119981,0.0424008743182861,0.10863503,0.100918114,2024-07,60,5
2024-07,6533,2024-07-31,15,32,0.0587904150797056,0.04211036170716968,-0.038208168,-0.045925085,2024-07,60,5
2024-07,3498,2024-07-31,16,24,0.0626857845483711,0.041717824725581235,0.16666667,0.15894975,2024-07,60,5
2024-07,3057,2024-07-31,17,28,0.0607902056962357,0.032506051192612566,-0.043478288,-0.051195204,2024-07,60,5
2024-07,8935,2024-07-31,18,13,0.0736433487992447,0.019268898537214356,-0.07650272,-0.084219635,2024-07,60,5
2024-07,5484,2024-07-31,19,1,0.1638079559255477,0.015620480062960162,0.046451595,0.03873468,2024-07,60,5
2024-07,8374,2024-07-31,20,2,0.145077458156556,0.015620480062960162,0.36320752,0.3554906,2024-07,60,5
2024-07,3229,2024-07-31,21,29,0.0604901797524905,0.008247569703613365,-0.019784145,-0.027501062,2024-07,60,5
2024-07,6901,2024-07-31,22,38,0.0561699238823297,0.002149907954951385,-0.008413425,-0.016130341,2024-07,60,5
2024-07,3066,2024-07-31,23,21,0.066601159456082,-0.002145728492253333,0.07096773,0.06325081,2024-07,60,5
2024-07,6695,2024-07-31,24,25,0.0626688753036248,-0.0035822843114680925,-0.0995543,-0.10727122,2024-07,60,5
2024-07,4129,2024-07-31,25,36,0.0578968208740907,-0.006327087781633597,0.07891889,0.07120197,2024-07,60,5
2024-07,6643,2024-07-31,26,17,0.0680421912690135,-0.00847281627388693,-0.1764192,-0.18413612,2024-07,60,5
2024-07,3685,2024-07-31,27,58,0.0503721257707136,-0.012727600035291891,-0.05235602,-0.060072936,2024-07,60,5
2024-07,4523,2024-07-31,28,19,0.0669315379990212,-0.012727600035291891,0.021978023,0.014261105,2024-07,60,5
2024-07,3228,2024-07-31,29,23,0.0643467714245963,-0.013674959038939095,-0.039285716,-0.047002632,2024-07,60,5
2024-07,6218,2024-07-31,30,8,0.0816836698303158,-0.01556573981100615,0.06514086,0.05742394,2024-07,60,5
2024-08,6199,2024-08-30,1,35,0.0469203079424441,0.10724588079571491,-0.06666669,-0.064710945,2024-08,60,5
2024-08,3466,2024-08-30,2,34,0.0470885606151468,0.09018827359698359,-0.10975605,-0.107800305,2024-08,60,5
2024-08,6231,2024-08-30,3,24,0.0526053217295036,0.04811093307411722,0.17155758,0.17351332,2024-08,60,5
2024-08,8045,2024-08-30,4,50,0.0409358775365603,0.04496432110253326,-0.0381356,-0.03617985,2024-08,60,5
2024-08,2363,2024-08-30,5,19,0.0556006329122655,0.04409830517900751,0.023054777,0.025010524,2024-08,60,5
2024-08,6919,2024-08-30,6,37,0.0463938669632602,0.03739222779707553,-0.06666668,-0.06471093,2024-08,60,5
2024-08,6442,2024-08-30,7,2,0.0935874119513852,0.03739222779707553,-0.09661833,-0.094662584,2024-08,60,5
2024-08,5488,2024-08-30,8,38,0.0463732549144104,0.033101967056948345,0.026315747,0.028271494,2024-08,60,5
2024-08,4577,2024-08-30,9,5,0.0731831567059922,0.03170047951584576,0.029925207,0.031880956,2024-08,60,5
2024-08,2429,2024-08-30,10,1,0.1463049375827782,0.027706816535901558,-0.11746992,-0.115514174,2024-08,60,5
2024-08,4513,2024-08-30,11,11,0.0644386488930513,0.019525110837906243,-0.30229592,-0.30034018,2024-08,60,5
2024-08,8374,2024-08-30,12,28,0.0497232267579661,0.019525110837906243,0.018248193,0.02020394,2024-08,60,5
2024-08,6877,2024-08-30,13,17,0.0567308022543037,0.019525110837906243,-0.1133895,-0.11143375,2024-08,60,5
2024-08,4562,2024-08-30,14,7,0.0707817989729653,0.019525110837906243,-0.07638889,-0.07443314,2024-08,60,5
2024-08,3518,2024-08-30,15,8,0.069557547880773,0.016663836973255575,-0.21482411,-0.21286836,2024-08,60,5
2024-08,2466,2024-08-30,16,58,0.0372375468955981,0.016247525964626853,-0.020380436,-0.018424688,2024-08,60,5
2024-08,4977,2024-08-30,17,41,0.0444724624771965,-0.0017372574451947967,0.3918206,0.39377636,2024-08,60,5
2024-08,3455,2024-08-30,18,14,0.0638438584775789,-0.0021654899500948843,-0.033707883,-0.031752136,2024-08,60,5
2024-08,7547,2024-08-30,19,29,0.0485204228474118,-0.007831724697374792,-0.045783143,-0.043827396,2024-08,60,5
2024-08,6994,2024-08-30,20,48,0.041236397404083,-0.007831724697374792,-0.042307705,-0.040351957,2024-08,60,5
2024-08,5278,2024-08-30,21,9,0.0668049211326764,-0.007831724697374792,0.060267948,0.062223695,2024-08,60,5
2024-08,3094,2024-08-30,22,53,0.0390637408950859,-0.011669191692015718,0.004511369,0.0064671175,2024-08,60,5
2024-08,3498,2024-08-30,23,59,0.0365388497324213,-0.011921985262955404,-0.023339303,-0.021383556,2024-08,60,5
2024-08,9955,2024-08-30,24,36,0.046579908244367,-0.013701021585474156,0.005524883,0.0074806316,2024-08,60,5
2024-08,3049,2024-08-30,25,32,0.0477466619196005,-0.013701021585474156,0.15926331,0.16121906,2024-08,60,5
2024-08,6706,2024-08-30,26,4,0.0741123617921606,-0.014574569896411593,0.21428572,0.21624146,2024-08,60,5
2024-08,4716,2024-08-30,27,30,0.0482896708274199,-0.015036642542590182,0.19028334,0.19223909,2024-08,60,5
2024-08,8935,2024-08-30,28,12,0.0643118764757375,-0.015036642542590182,0.111437045,0.11339279,2024-08,60,5
2024-08,6167,2024-08-30,29,33,0.0475468425756272,-0.016452972611756447,0.061433442,0.06338919,2024-08,60,5
2024-08,3230,2024-08-30,30,21,0.0540917246425384,-0.016452972611756447,0.18750001,0.18945576,2024-08,60,5
2024-09,4729,2024-09-30,1,49,0.0378402646428046,0.27414162274235954,0.030874828,0.005878088,2024-09,60,5
2024-09,3230,2024-09-30,2,17,0.0627990031596265,0.25349250798785533,-0.1122625,-0.13725924,2024-09,60,5
2024-09,8937,2024-09-30,3,9,0.0732096239356844,0.2127215582216015,0.3160839,0.29108718,2024-09,60,5
2024-09,1735,2024-09-30,4,30,0.0521979191670395,0.12386745162189249,-0.018518439,-0.04351518,2024-09,60,5
2024-09,5278,2024-09-30,5,21,0.058909421661839,0.1009880096483258,0.23012562,0.20512888,2024-09,60,5
2024-09,1436,2024-09-30,6,26,0.0555171018814328,0.08063931987109796,0.0071684727,-0.017828267,2024-09,60,5
2024-09,6854,2024-09-30,7,50,0.0377585181730874,0.06952634715050268,0.5361139,0.51111716,2024-09,60,5
2024-09,2070,2024-09-30,8,57,0.036400101037273,0.06756649684825194,-0.21860465,-0.2436014,2024-09,60,5
2024-09,4513,2024-09-30,9,4,0.0887626917986754,0.06431894550514826,-0.28752255,-0.31251928,2024-09,60,5
2024-09,4716,2024-09-30,10,37,0.0496681530636067,0.06364282235608514,0.0,-0.024996739,2024-09,60,5
2024-09,6109,2024-09-30,11,46,0.0384244094605801,0.05184371331890911,-0.052117273,-0.077114016,2024-09,60,5
2024-09,6757,2024-09-30,12,51,0.0374265403788457,0.049641656676576114,0.08937604,0.0643793,2024-09,60,5
2024-09,6609,2024-09-30,13,12,0.0660379384653645,0.04238488059673831,0.2312138,0.20621705,2024-09,60,5
2024-09,8935,2024-09-30,14,16,0.0630441908387033,0.04015317016845506,0.11357348,0.088576734,2024-09,60,5
2024-09,4542,2024-09-30,15,60,0.0352612104815848,0.03766229814506695,0.101562485,0.07656574,2024-09,60,5
2024-09,8404,2024-09-30,16,53,0.0370847293476044,0.037115635421428206,0.20355731,0.17856057,2024-09,60,5
2024-09,6693,2024-09-30,17,41,0.0409106179815769,0.03423804113693825,-0.051031396,-0.07602814,2024-09,60,5
2024-09,4571,2024-09-30,18,29,0.0533847458401691,0.02771227916483452,-0.09166669,-0.11666343,2024-09,60,5
2024-09,3379,2024-09-30,19,22,0.0583608395370788,0.024058238113510287,-0.039301258,-0.064298,2024-09,60,5
2024-09,1595,2024-09-30,20,11,0.0680459092565116,0.022252117582322012,0.5489549,0.52395815,2024-09,60,5
2024-09,7547,2024-09-30,21,2,0.0923549130834467,0.020253065319154363,0.07187888,0.04688214,2024-09,60,5
2024-09,8059,2024-09-30,22,10,0.0715990028300858,0.01888375094253745,0.038575646,0.013578906,2024-09,60,5
2024-09,3581,2024-09-30,23,43,0.0392607240620698,0.007485795718376917,0.18032783,0.15533109,2024-09,60,5
2024-09,4562,2024-09-30,24,34,0.0505577207436666,-0.0017154739660506305,-0.034690842,-0.05968758,2024-09,60,5
2024-09,6177,2024-09-30,25,38,0.0470632685108146,-0.00744490264567799,-0.08484845,-0.10984519,2024-09,60,5
2024-09,6199,2024-09-30,26,44,0.0391336172649625,-0.00786674035321708,0.25871557,0.23371883,2024-09,60,5
2024-09,7728,2024-09-30,27,40,0.0438833709118512,-0.016951920400806016,0.03020136,0.005204621,2024-09,60,5
2024-09,3066,2024-09-30,28,1,0.0945830755132786,-0.017151246935480962,0.06382976,0.03883302,2024-09,60,5
2024-09,2498,2024-09-30,29,42,0.0393027966879938,-0.01839754546610795,-0.11770727,-0.14270401,2024-09,60,5
2024-09,3455,2024-09-30,30,25,0.0560727424757366,-0.036425687638137964,0.08076926,0.055772524,2024-09,60,5
2024-10,6862,2024-10-30,1,1,0.1117291053901631,0.425590782691407,-0.28863636,-0.26578274,2024-10,60,5
2024-10,8476,2024-10-30,2,20,0.0479332187753268,0.4019996137301361,-0.17492256,-0.15206894,2024-10,60,5
2024-10,6546,2024-10-30,3,9,0.0628198090008232,0.30318521586068764,0.12500004,0.14785366,2024-10,60,5
2024-10,5278,2024-10-30,4,48,0.0325907908104711,0.29763089910388263,0.088586055,0.11143967,2024-10,60,5
2024-10,6640,2024-10-30,5,53,0.0304070357808357,0.21962920139437309,0.099999934,0.12285355,2024-10,60,5
2024-10,4991,2024-10-30,6,11,0.0545760316122915,0.2118247324868287,0.40273553,0.42558914,2024-10,60,5
2024-10,8034,2024-10-30,7,21,0.0475126693225259,0.20798796048691442,-0.15319148,-0.13033786,2024-10,60,5
2024-10,6706,2024-10-30,8,15,0.0536841820131031,0.206763090633899,-0.07255521,-0.049701594,2024-10,60,5
2024-10,6187,2024-10-30,9,51,0.0309034644607568,0.2032610588432187,0.0,0.022853615,2024-10,60,5
2024-10,6890,2024-10-30,10,37,0.0383519169658158,0.18609971072082226,-0.0063938685,0.016459746,2024-10,60,5
2024-10,6609,2024-10-30,11,16,0.0520735316926832,0.16133777811770095,-0.22125606,-0.19840245,2024-10,60,5
2024-10,3455,2024-10-30,12,49,0.0320903444405424,0.11563384067307077,-0.072519116,-0.049665503,2024-10,60,5
2024-10,2061,2024-10-30,13,10,0.0582841939428878,0.1066247091161163,-0.020833412,0.002020202,2024-10,60,5
2024-10,7721,2024-10-30,14,14,0.0539010744523088,0.10308972146045012,-0.040391646,-0.017538032,2024-10,60,5
2024-10,3665,2024-10-30,15,47,0.0326158497972376,0.07886251562427164,0.3116179,0.33447152,2024-10,60,5
2024-10,1595,2024-10-30,16,12,0.0541963022973965,0.06844361925188294,-0.33379123,-0.3109376,2024-10,60,5
2024-10,2646,2024-10-30,17,40,0.0349575153568007,0.06013250183910274,-0.04070795,-0.017854335,2024-10,60,5
2024-10,6651,2024-10-30,18,44,0.0336745194644944,0.04453213619656419,0.048943296,0.07179691,2024-10,60,5
2024-10,3580,2024-10-30,19,58,0.02989261440451,0.04446688082339274,0.03351346,0.056367073,2024-10,60,5
2024-10,8059,2024-10-30,20,3,0.0883084936447373,0.04104582033985526,-0.07571433,-0.052860714,2024-10,60,5
2024-10,1225,2024-10-30,21,5,0.0686091447563367,0.03370971798588274,-0.061915837,-0.039062224,2024-10,60,5
2024-10,6220,2024-10-30,22,32,0.0402526479265578,0.027025190811117157,0.048507545,0.07136116,2024-10,60,5
2024-10,6823,2024-10-30,23,22,0.0473608232018641,0.019403975184025778,-0.13769126,-0.11483765,2024-10,60,5
2024-10,3689,2024-10-30,24,55,0.0303283706817895,0.01244340137012297,-0.09070298,-0.06784937,2024-10,60,5
2024-10,1591,2024-10-30,25,33,0.0396701013314252,0.010985874369316945,0.19258371,0.21543732,2024-10,60,5
2024-10,3607,2024-10-30,26,29,0.0407351281305799,-0.006712869782889631,-0.1285714,-0.10571779,2024-10,60,5
2024-10,6541,2024-10-30,27,7,0.0662399712494888,-0.008034338874919729,0.060995173,0.08384879,2024-10,60,5
2024-10,6919,2024-10-30,28,41,0.0344463138063221,-0.00872334308078413,0.2208333,0.24368691,2024-10,60,5
2024-10,3450,2024-10-30,29,24,0.0435085268005708,-0.008806302599210315,0.12048196,0.14333558,2024-10,60,5
2024-10,4571,2024-10-30,30,17,0.051024222995804,-0.01976409079908157,0.041009445,0.06386306,2024-10,60,5
2024-11,2527,2024-11-29,1,55,0.0320297213753731,0.4677185426232436,-0.019556694,-0.06506729,2024-11,60,5
2024-11,7547,2024-11-29,2,59,0.0296600773179864,0.33627997782215174,-0.111253165,-0.15676376,2024-11,60,5
2024-11,6962,2024-11-29,3,2,0.113462866553822,0.3097855238733586,-0.04324323,-0.08875383,2024-11,60,5
2024-11,7721,2024-11-29,4,38,0.0388391877966183,0.1225332622592721,-0.0012611315,-0.04677173,2024-11,60,5
2024-11,8476,2024-11-29,5,51,0.0329183840764174,0.06863105488188007,-0.13708268,-0.18259329,2024-11,60,5
2024-11,3511,2024-11-29,6,10,0.0711957294869952,0.040752098637911995,-0.10943393,-0.15494452,2024-11,60,5
2024-11,1595,2024-11-29,7,6,0.0984128127561206,0.02673516062324829,0.07331981,0.02780921,2024-11,60,5
2024-11,6862,2024-11-29,8,37,0.039464203121966,-0.013316307117114201,-0.0089286575,-0.054439254,2024-11,60,5
2024-11,3081,2024-11-29,9,29,0.0441042854470296,-0.014319742264422028,0.12316713,0.07765653,2024-11,60,5
2024-11,1569,2024-11-29,10,57,0.0310190159658878,-0.027502998671511653,-0.19999999,-0.2455106,2024-11,60,5
2024-11,8104,2024-11-29,11,39,0.0384843621952486,-0.033938190299091855,-0.2060345,-0.2515451,2024-11,60,5
2024-11,3625,2024-11-29,12,22,0.0544037659191797,-0.03732723685755661,0.18437505,0.13886444,2024-11,60,5
2024-11,6546,2024-11-29,13,30,0.043389111973651,-0.05753671321301046,0.12499994,0.07948934,2024-11,60,5
2024-11,8045,2024-11-29,14,43,0.0379461613833576,-0.06707006725368053,-0.13876146,-0.18427207,2024-11,60,5
2024-11,6558,2024-11-29,15,4,0.1016839057634763,-0.09763424138318373,0.0074720015,-0.038038597,2024-11,60,5
2024-11,3066,2024-11-29,16,24,0.0513702709041058,-0.14641030939516653,-0.15327105,-0.19878165,2024-11,60,5
2024-11,3056,2024-11-29,17,45,0.0363793138332076,-0.16357038555296632,-0.06733522,-0.112845816,2024-11,60,5
2024-11,5244,2024-11-29,18,46,0.0359776365909429,-0.18102992111477487,-0.0471154,-0.092626,2024-11,60,5
2024-11,4577,2024-11-29,19,35,0.0399229261945241,-0.19640817194475954,0.16387336,0.11836276,2024-11,60,5
2024-11,2332,2024-11-29,20,34,0.0405849050644479,-0.2008914845712325,0.18636373,0.14085312,2024-11,60,5
2024-11,3498,2024-11-29,21,13,0.0650984162382004,-0.20780956082708227,0.09532707,0.049816474,2024-11,60,5
2024-11,5228,2024-11-29,22,50,0.0336133243504948,-0.21107523806528516,-0.065326594,-0.11083719,2024-11,60,5
2024-11,2444,2024-11-29,23,5,0.1011234451100428,-0.21990762410584302,-0.010752729,-0.056263328,2024-11,60,5
2024-11,6706,2024-11-29,24,28,0.0455090383366893,-0.23186627731147702,-0.125,-0.1705106,2024-11,60,5
2024-11,6109,2024-11-29,25,36,0.0397343758988235,-0.23738093824747317,-0.054687485,-0.10019808,2024-11,60,5
2024-11,6442,2024-11-29,26,25,0.051160269417269,-0.25841753041734694,0.28260875,0.23709814,2024-11,60,5
2024-11,7751,2024-11-29,27,52,0.0327927187733486,-0.26331790626053503,-0.011002442,-0.05651304,2024-11,60,5
2024-11,3032,2024-11-29,28,49,0.0337005394198511,-0.2645086767634871,0.11552342,0.07001282,2024-11,60,5
2024-11,8489,2024-11-29,29,1,0.1152073801399946,-0.28099114562986455,0.12377848,0.07826788,2024-11,60,5
2024-11,6609,2024-11-29,30,47,0.0359314910185409,-0.28534536936049176,-0.009557889,-0.055068485,2024-11,60,5
2024-12,3543,2024-12-31,1,58,0.0626337839347633,0.09355396962655584,-0.0151515845,-0.034390483,2024-12,60,5
2024-12,8234,2024-12-31,2,60,0.0620705204033851,0.07301970569126626,0.001524367,-0.01771453,2024-12,60,5
2024-12,8104,2024-12-31,3,13,0.08429755492183,0.05612999396073763,-0.06802721,-0.08726611,2024-12,60,5
2024-12,3349,2024-12-31,4,2,0.115215119844235,0.055797796077035076,0.32456136,0.30532247,2024-12,60,5
2024-12,1569,2024-12-31,5,46,0.0670184479791635,0.055797796077035076,0.104536474,0.08529758,2024-12,60,5
2024-12,3356,2024-12-31,6,54,0.0641858601308152,0.055797796077035076,0.019819792,0.0005808948,2024-12,60,5
2024-12,6657,2024-12-31,7,21,0.077591742321976,0.055797796077035076,0.13545816,0.11621926,2024-12,60,5
2024-12,4971,2024-12-31,8,27,0.0733006164533049,0.055797796077035076,0.2513782,0.2321393,2024-12,60,5
2024-12,1342,2024-12-31,9,28,0.0732987348231039,0.05165613438032925,0.111111104,0.09187221,2024-12,60,5
2024-12,6962,2024-12-31,10,49,0.0651798901449708,0.046345663454687304,0.11131392,0.09207502,2024-12,60,5
2024-12,3680,2024-12-31,11,48,0.0654736862270416,0.04275822491112668,-0.07597539,-0.095214285,2024-12,60,5
2024-12,5284,2024-12-31,12,19,0.0819370619895867,0.04275822491112668,-0.028301934,-0.047540832,2024-12,60,5
2024-12,6691,2024-12-31,13,16,0.0835134587664158,0.03617593366626215,0.07109559,0.051856697,2024-12,60,5
2024-12,1432,2024-12-31,14,44,0.0670718214419575,0.03470736586966307,0.019138739,-0.00010015906,2024-12,60,5
2024-12,1466,2024-12-31,15,38,0.0689491943131431,0.03470736586966307,0.055084713,0.035845816,2024-12,60,5
2024-12,4564,2024-12-31,16,23,0.0771920013385771,0.03470736586966307,0.0666667,0.047427803,2024-12,60,5
2024-12,4556,2024-12-31,17,57,0.0628038559169947,0.03470736586966307,-0.021875028,-0.041113924,2024-12,60,5
2024-12,3081,2024-12-31,18,4,0.0963343075547073,0.02783288006374908,0.29287598,0.2736371,2024-12,60,5
2024-12,3066,2024-12-31,19,9,0.0879245649967827,0.025255233247315295,0.05660379,0.037364893,2024-12,60,5
2024-12,6669,2024-12-31,20,52,0.0643797592607219,0.02166779470375467,-0.15769233,-0.17693123,2024-12,60,5
2024-12,2528,2024-12-31,21,26,0.0735353971218508,0.012064750102992966,-0.05088757,-0.07012647,2024-12,60,5
2024-12,3518,2024-12-31,22,5,0.0910588063427298,0.012064750102992966,-0.112871304,-0.13211021,2024-12,60,5
2024-12,5488,2024-12-31,23,12,0.0843939726211838,0.012064750102992966,-0.06538464,-0.08462354,2024-12,60,5
2024-12,8040,2024-12-31,24,25,0.0740094715535725,0.006774308954264632,0.013333334,-0.005905564,2024-12,60,5
2024-12,9938,2024-12-31,25,6,0.0880810106300575,0.006774308954264632,0.079178914,0.059940018,2024-12,60,5
2024-12,7547,2024-12-31,26,11,0.0856179719258592,0.006774308954264632,0.21985807,0.20061916,2024-12,60,5
2024-12,4577,2024-12-31,27,3,0.101821618716566,0.006693597309404657,-0.02456143,-0.043800328,2024-12,60,5
2024-12,6151,2024-12-31,28,32,0.071424189389736,0.006693597309404657,0.006476653,-0.012762245,2024-12,60,5
2024-12,2461,2024-12-31,29,51,0.0645891810782522,0.006693597309404657,-0.005000025,-0.024238922,2024-12,60,5
2024-12,4934,2024-12-31,30,39,0.0685619128313251,0.005583215346870018,-0.062962994,-0.08220189,2024-12,60,5
2025-01,6854,2025-01-22,1,12,0.0471648034007734,0.5216626280039046,0.05707196,0.08976683,2025-01,60,5
2025-01,4772,2025-01-22,2,21,0.0378604467892709,0.4464399384621224,-0.0020576203,0.030637247,2025-01,60,5
2025-01,5314,2025-01-22,3,1,0.1249360798309287,0.3456863378214049,0.06524636,0.09794123,2025-01,60,5
2025-01,2404,2025-01-22,4,14,0.0444488641487997,0.34069105759545104,-0.13469389,-0.10199902,2025-01,60,5
2025-01,6691,2025-01-22,5,33,0.0328662437964415,0.2507660216803784,-0.06638114,-0.033686273,2025-01,60,5
2025-01,2466,2025-01-22,6,5,0.0632716084222505,0.2246518475233164,-0.028025439,0.004669428,2025-01,60,5
2025-01,1598,2025-01-22,7,10,0.0496187936298987,0.22173578536436162,-0.027570006,0.0051248614,2025-01,60,5
2025-01,2480,2025-01-22,8,13,0.047129804566489,0.16752331028982664,0.13194452,0.16463938,2025-01,60,5
2025-01,3211,2025-01-22,9,49,0.0287992781287809,0.1436261943244703,-0.075880736,-0.043185867,2025-01,60,5
2025-01,6669,2025-01-22,10,25,0.0361760185885829,0.1257788541440867,-0.049504943,-0.016810076,2025-01,60,5
2025-01,3406,2025-01-22,11,27,0.0351275882551924,0.10953935387807268,0.09318182,0.12587668,2025-01,60,5
2025-01,3088,2025-01-22,12,17,0.0391569537838003,0.09384551661397711,0.11290322,0.14559808,2025-01,60,5
2025-01,8210,2025-01-22,13,56,0.0255418393311114,0.09001340622878233,0.185567,0.21826187,2025-01,60,5
2025-01,6141,2025-01-22,14,18,0.0389292981951585,0.08966224837567471,0.115107946,0.14780281,2025-01,60,5
2025-01,1570,2025-01-22,15,39,0.0313834622906366,0.08677763974735918,0.10545453,0.1381494,2025-01,60,5
2025-01,2484,2025-01-22,16,30,0.0345739006552316,0.07931226380310341,0.108559385,0.14125425,2025-01,60,5
2025-01,6121,2025-01-22,17,41,0.0307227030228997,0.0785127831907098,-0.025773207,0.00692166,2025-01,60,5
2025-01,3416,2025-01-22,18,22,0.0375718597494091,0.03646763561852582,0.05295951,0.08565438,2025-01,60,5
2025-01,2387,2025-01-22,19,43,0.0303262381376478,0.033237867683393256,0.15737708,0.19007194,2025-01,60,5
2025-01,6805,2025-01-22,20,24,0.0369481064756718,0.015588699849018837,0.0075642914,0.04025916,2025-01,60,5
2025-01,3011,2025-01-22,21,4,0.0673942709082296,0.007766135471076716,-0.013550135,0.019144733,2025-01,60,5
2025-01,5536,2025-01-22,22,44,0.0303248137813294,0.0026763449423532304,-0.11009175,-0.077396885,2025-01,60,5
2025-01,6199,2025-01-22,23,2,0.0869863348777363,-0.007427366662390328,-0.18532819,-0.15263332,2025-01,60,5
2025-01,3002,2025-01-22,24,34,0.0326698695783067,-0.03980352708232628,0.10370368,0.13639854,2025-01,60,5
2025-01,1722,2025-01-22,25,48,0.0288747191323501,-0.04718254124221527,0.024999985,0.057694852,2025-01,60,5
2025-01,3596,2025-01-22,26,51,0.0278150803788489,-0.062117317293211266,0.121813,0.15450786,2025-01,60,5
2025-01,6153,2025-01-22,27,35,0.0321617704658824,-0.07596029778213964,0.02380955,0.056504417,2025-01,60,5
2025-01,3712,2025-01-22,28,26,0.0359473496135573,-0.07640391868211369,0.12847225,0.16116711,2025-01,60,5
2025-01,3526,2025-01-22,29,46,0.0299115531902584,-0.07912958744198069,0.077504806,0.110199675,2025-01,60,5
2025-01,2382,2025-01-22,30,52,0.0276090189883776,-0.10497171513496739,0.030864192,0.06355906,2025-01,60,5
2025-02,2516,2025-02-27,1,45,-0.0112046209847626,0.28937684781516,-0.06521739,-0.0023068038,2025-02,60,5
2025-02,6919,2025-02-27,2,4,0.0533103369153376,0.2377712446475133,-0.09139785,-0.028487265,2025-02,60,5
2025-02,2404,2025-02-27,3,15,0.003767665390754,0.20708122195960466,0.0547148,0.117625386,2025-02,60,5
2025-02,6854,2025-02-27,4,5,0.041891731949095,0.16202872998696166,-0.18501171,-0.12210113,2025-02,60,5
2025-02,7728,2025-02-27,5,31,-0.0055946660457026,0.16138835277926147,-0.14185391,-0.07894333,2025-02,60,5
2025-02,6657,2025-02-27,6,2,0.0588512212588295,0.1538775406119109,0.020408185,0.08331877,2025-02,60,5
2025-02,7721,2025-02-27,7,50,-0.0136063723777756,0.11691234397860946,-0.019704407,0.04320618,2025-02,60,5
2025-02,4536,2025-02-27,8,56,-0.0144795625152207,0.08834403648327813,-0.07798163,-0.015071042,2025-02,60,5
2025-02,6199,2025-02-27,9,16,0.0025408552382906,0.05860971109997528,0.20754717,0.27045777,2025-02,60,5
2025-02,2548,2025-02-27,10,23,-0.0004770006551979,0.04722419165084246,0.0043102745,0.06722086,2025-02,60,5
2025-02,2528,2025-02-27,11,9,0.0192427430714532,0.044615719816630095,-0.14445576,-0.081545174,2025-02,60,5
2025-02,6613,2025-02-27,12,17,0.0018847438207774,0.03936566059872293,-0.1361607,-0.073250115,2025-02,60,5
2025-02,2387,2025-02-27,13,58,-0.0145969602499549,0.03599962026853791,-0.097142875,-0.03423229,2025-02,60,5
2025-02,6596,2025-02-27,14,39,-0.0080130003493063,0.03409811653187719,0.08888882,0.15179941,2025-02,60,5
2025-02,8176,2025-02-27,15,53,-0.0140879065162153,0.027415844243151702,0.0070175705,0.069928154,2025-02,60,5
2025-02,6885,2025-02-27,16,12,0.0079088886503445,0.017407153916384657,-0.13628905,-0.07337846,2025-02,60,5
2025-02,3167,2025-02-27,17,51,-0.0138194644205666,0.014624876616791,-0.13491245,-0.07200186,2025-02,60,5
2025-02,4414,2025-02-27,18,43,-0.0099413952181917,-0.003395359829032746,-0.074550174,-0.011639588,2025-02,60,5
2025-02,2379,2025-02-27,19,59,-0.0146423601798378,-0.02348103736063232,-0.01438849,0.048522096,2025-02,60,5
2025-02,2101,2025-02-27,20,13,0.0068003908788643,-0.026231594597601188,-0.12786625,-0.06495567,2025-02,60,5
2025-02,3088,2025-02-27,21,37,-0.0073618863891729,-0.0277598280426702,-0.11594203,-0.053031445,2025-02,60,5
2025-02,2466,2025-02-27,22,3,0.0581161313628496,-0.050223021337801224,0.008641938,0.07155252,2025-02,60,5
2025-02,5314,2025-02-27,23,1,0.3422432812871859,-0.0565250122649793,0.78205127,0.8449619,2025-02,60,5
2025-02,2852,2025-02-27,24,34,-0.0069992285313816,-0.05729599589495417,0.12939005,0.19230063,2025-02,60,5
2025-02,3025,2025-02-27,25,48,-0.0127298851418139,-0.05733683459598038,-0.099560805,-0.036650218,2025-02,60,5
2025-02,4977,2025-02-27,26,27,-0.0035822670280115,-0.059017827973873505,-0.05676856,0.006142028,2025-02,60,5
2025-02,3008,2025-02-27,27,44,-0.0100135758134035,-0.06034541839220267,-0.08891798,-0.026007392,2025-02,60,5
2025-02,3015,2025-02-27,28,60,-0.014660254577516,-0.07182915757689873,-0.10979229,-0.046881706,2025-02,60,5
2025-02,6781,2025-02-27,29,30,-0.0054251068256315,-0.11329711995683114,-1.5287668e-08,0.06291057,2025-02,60,5
2025-02,3044,2025-02-27,30,38,-0.0076414769212814,-0.11594156166640598,-0.042452816,0.02045777,2025-02,60,5
2025-03,6227,2025-03-31,1,2,0.1084091467009227,0.038105169566163416,-0.041176442,-0.018907728,2025-03,60,5
2025-03,6121,2025-03-31,2,56,0.0537031927229171,0.031115010602690635,-0.06434311,-0.042074397,2025-03,60,5
2025-03,1215,2025-03-31,3,45,0.0552321980229077,0.031115010602690635,0.012145718,0.034414433,2025-03,60,5
2025-03,2208,2025-03-31,4,34,0.0612545163156969,0.031115010602690635,-0.011764751,0.010503964,2025-03,60,5
2025-03,4927,2025-03-31,5,9,0.0862195191222101,0.010769462994453475,-0.2631579,-0.24088919,2025-03,60,5
2025-03,2314,2025-03-31,6,15,0.0735958853477306,0.010769462994453475,-0.05603453,-0.03376582,2025-03,60,5
2025-03,6141,2025-03-31,7,26,0.065261601175786,0.010769462994453475,-0.25839996,-0.23613125,2025-03,60,5
2025-03,1540,2025-03-31,8,35,0.0603268028354197,0.010769462994453475,-0.012345704,0.00992301,2025-03,60,5
2025-03,4562,2025-03-31,9,29,0.0637170219857213,0.010769462994453475,0.05851064,0.08077935,2025-03,60,5
2025-03,3528,2025-03-31,10,1,0.1132691356622818,0.010769462994453475,0.30118686,0.32345557,2025-03,60,5
2025-03,2031,2025-03-31,11,12,0.0759964084362012,0.010769462994453475,-0.07518803,-0.05291932,2025-03,60,5
2025-03,6442,2025-03-31,12,11,0.0772348228513057,0.010769462994453475,-0.16470589,-0.14243717,2025-03,60,5
2025-03,4540,2025-03-31,13,30,0.0636765375442194,0.010769462994453475,-0.102362186,-0.08009347,2025-03,60,5
2025-03,3081,2025-03-31,14,32,0.0627464445081155,0.010769462994453475,-0.094827645,-0.07255893,2025-03,60,5
2025-03,1528,2025-03-31,15,60,0.0533963363241491,0.010769462994453475,-0.090909116,-0.0686404,2025-03,60,5
2025-03,8043,2025-03-31,16,46,0.0550714568912878,0.010769462994453475,-0.015267197,0.0070015173,2025-03,60,5
2025-03,2328,2025-03-31,17,55,0.0538818530952845,0.010769462994453475,-0.17271733,-0.15044862,2025-03,60,5
2025-03,3234,2025-03-31,18,54,0.0541939131442029,0.010769462994453475,-0.15923567,-0.13696696,2025-03,60,5
2025-03,8048,2025-03-31,19,53,0.0543150047249508,0.010769462994453475,-0.17996109,-0.15769237,2025-03,60,5
2025-03,3062,2025-03-31,20,58,0.0534575790437203,0.010769462994453475,-0.08196721,-0.0596985,2025-03,60,5
2025-03,6591,2025-03-31,21,48,0.0547807701863164,0.006789475415820036,-0.06613232,-0.04386361,2025-03,60,5
2025-03,3363,2025-03-31,22,42,0.055813859008739,0.006789475415820036,-0.23770492,-0.2154362,2025-03,60,5
2025-03,5475,2025-03-31,23,43,0.0556695559201524,0.006789475415820036,-0.12800004,-0.10573132,2025-03,60,5
2025-03,5274,2025-03-31,24,5,0.0990775283824254,0.006789475415820036,-0.008264441,0.014004273,2025-03,60,5
2025-03,3356,2025-03-31,25,20,0.0675976594176041,0.006789475415820036,0.17481202,0.19708073,2025-03,60,5
2025-03,6109,2025-03-31,26,23,0.0660365296217016,0.006789475415820036,0.0049261274,0.02719484,2025-03,60,5
2025-03,3504,2025-03-31,27,25,0.0652698328056638,0.004147050252052855,-0.17257462,-0.15030591,2025-03,60,5
2025-03,3625,2025-03-31,28,21,0.0666390756807959,0.004147050252052855,-0.1013072,-0.079038486,2025-03,60,5
2025-03,8114,2025-03-31,29,57,0.0535390888671148,0.004147050252052855,-0.05018588,-0.027917167,2025-03,60,5
2025-03,2465,2025-03-31,30,50,0.0546854948387364,0.004147050252052855,-0.15145984,-0.12919113,2025-03,60,5
2025-04,4949,2025-04-30,1,3,0.1180550295557355,0.2841361877612055,-0.062193114,-0.11716074,2025-04,60,5
2025-04,6199,2025-04-30,2,55,0.0478097191592391,0.2379003676542295,-0.02232143,-0.07728905,2025-04,60,5
2025-04,5530,2025-04-30,3,39,0.0533770688462595,0.1687705280823605,-0.09620989,-0.15117751,2025-04,60,5
2025-04,3555,2025-04-30,4,18,0.0657045939690863,0.15187233548014398,-0.112977125,-0.16794474,2025-04,60,5
2025-04,4971,2025-04-30,5,43,0.051709775987293,0.13755875005340493,0.030150754,-0.024816869,2025-04,60,5
2025-04,3054,2025-04-30,6,20,0.0646318226327776,0.13074430440450782,-0.049800795,-0.10476842,2025-04,60,5
2025-04,5324,2025-04-30,7,10,0.0749635540202992,0.1245785736435003,0.17142859,0.116460964,2025-04,60,5
2025-04,4764,2025-04-30,8,15,0.0712584098273449,0.11486740926636749,0.07270558,0.017737959,2025-04,60,5
2025-04,6735,2025-04-30,9,46,0.0497240571561192,0.08946709324763756,0.051612843,-0.0033547813,2025-04,60,5
2025-04,5278,2025-04-30,10,14,0.0714032172900611,0.08768180368081906,0.02222221,-0.032745413,2025-04,60,5
2025-04,3622,2025-04-30,11,23,0.0615220078953969,0.07755063882219479,0.06299212,0.008024494,2025-04,60,5
2025-04,8942,2025-04-30,12,59,0.0467977060474386,0.07443697178395861,-0.033203144,-0.08817077,2025-04,60,5
2025-04,3455,2025-04-30,13,34,0.0556038182466787,0.06725415500289682,-0.093220346,-0.14818797,2025-04,60,5
2025-04,8937,2025-04-30,14,13,0.0723552402570375,0.05770786978524401,0.091254756,0.036287133,2025-04,60,5
2025-04,6113,2025-04-30,15,58,0.0468290932911624,0.032478181940224816,-0.13157894,-0.18654656,2025-04,60,5
2025-04,2528,2025-04-30,16,19,0.0648374915396311,0.024829492492079566,0.011126523,-0.0438411,2025-04,60,5
2025-04,3230,2025-04-30,17,36,0.0551752891128072,-0.009711083132651052,-0.15356262,-0.20853025,2025-04,60,5
2025-04,3066,2025-04-30,18,44,0.0509779535766756,-0.0183032283830816,-0.12499996,-0.17996758,2025-04,60,5
2025-04,2614,2025-04-30,19,54,0.0479044734067655,-0.02411616069634924,0.09785933,0.042891707,2025-04,60,5
2025-04,6186,2025-04-30,20,37,0.0539863294631983,-0.03695570842212634,0.009599975,-0.045367647,2025-04,60,5
2025-04,6219,2025-04-30,21,31,0.0571748847811787,-0.04102356029761053,-0.021201333,-0.076168954,2025-04,60,5
2025-04,5245,2025-04-30,22,5,0.0875801178332244,-0.04405119855558129,0.09133484,0.03636722,2025-04,60,5
2025-04,8935,2025-04-30,23,2,0.124948117681773,-0.05150545418197034,0.17301045,0.11804283,2025-04,60,5
2025-04,5314,2025-04-30,24,1,0.134901441368605,-0.05392367195949685,-0.06456956,-0.11953719,2025-04,60,5
2025-04,8176,2025-04-30,25,12,0.0735641486494225,-0.05666181273235345,-0.069264084,-0.12423171,2025-04,60,5
2025-04,2258,2025-04-30,26,50,0.0489399604635705,-0.057507601920887344,0.10874996,0.05378234,2025-04,60,5
2025-04,4542,2025-04-30,27,57,0.0471401940578352,-0.05784220486852927,-0.048252873,-0.1032205,2025-04,60,5
2025-04,2547,2025-04-30,28,28,0.0580260717461004,-0.05955133076987428,0.06666671,0.011699083,2025-04,60,5
2025-04,8089,2025-04-30,29,7,0.0810831780005553,-0.0697621372432119,-0.22204971,-0.27701733,2025-04,60,5
2025-04,4927,2025-04-30,30,45,0.0500913462104727,-0.07361216826477428,-0.063424945,-0.11839257,2025-04,60,5
2025-05,6854,2025-05-29,1,46,0.0342890284580569,0.20324617396871023,0.40714285,0.3493941,2025-05,60,5
2025-05,6919,2025-05-29,2,39,0.037570763321202,0.18080285690715164,0.5222349,0.46448618,2025-05,60,5
2025-05,3207,2025-05-29,3,12,0.0549496308475424,0.16670462862982077,0.13513513,0.07738641,2025-05,60,5
2025-05,4174,2025-05-29,4,40,0.0370891402253833,0.1544847635500029,-0.011695951,-0.06944467,2025-05,60,5
2025-05,3528,2025-05-29,5,55,0.026284248281787,0.13223838413506545,-0.05867974,-0.116428465,2025-05,60,5
2025-05,3057,2025-05-29,6,3,0.0870220721300267,0.12866351455418018,-0.0363636,-0.09411232,2025-05,60,5
2025-05,6944,2025-05-29,7,47,0.031076189601089,0.12456338486727225,0.109536104,0.051787384,2025-05,60,5
2025-05,6405,2025-05-29,8,13,0.0525130431096061,0.11082412640567287,0.0020201972,-0.05572852,2025-05,60,5
2025-05,6477,2025-05-29,9,8,0.0681584698431841,0.10966912789322034,-0.0033268766,-0.061075598,2025-05,60,5
2025-05,8059,2025-05-29,10,56,0.0256499492850648,0.10639705270753633,0.020467859,-0.03728086,2025-05,60,5
2025-05,6625,2025-05-29,11,54,0.0264795584799436,0.09548425371186604,0.10501971,0.04727099,2025-05,60,5
2025-05,6658,2025-05-29,12,59,0.0243326836636555,0.09047305516597869,0.044335052,-0.013413668,2025-05,60,5
2025-05,8431,2025-05-29,13,37,0.0379065830865151,0.08976530623166863,-0.05191872,-0.10966744,2025-05,60,5
2025-05,3349,2025-05-29,14,5,0.0754975329943438,0.08575736703536627,-0.045454547,-0.10320327,2025-05,60,5
2025-05,3466,2025-05-29,15,9,0.0657292494604593,0.08306781021061227,-0.06697454,-0.12472326,2025-05,60,5
2025-05,2314,2025-05-29,16,20,0.0478226093040406,0.07877840782910007,0.37575763,0.3180089,2025-05,60,5
2025-05,3543,2025-05-29,17,50,0.0292867131283764,0.0688992170518026,0.010000038,-0.04774868,2025-05,60,5
2025-05,2243,2025-05-29,18,34,0.0385301994781388,0.05988451308349286,0.03846152,-0.019287199,2025-05,60,5
2025-05,6684,2025-05-29,19,35,0.038303297392361,0.04866096593956407,0.061706018,0.0039572977,2025-05,60,5
2025-05,3498,2025-05-29,20,45,0.0343121177666732,0.042376671217711895,-0.012626263,-0.07037498,2025-05,60,5
2025-05,3066,2025-05-29,21,23,0.0475786820054449,0.04085425711859928,-0.049689453,-0.10743818,2025-05,60,5
2025-05,3054,2025-05-29,22,10,0.0652083729088026,0.035807263964950424,0.034632,-0.023116719,2025-05,60,5
2025-05,6657,2025-05-29,23,27,0.0452343761029411,0.033551243128456795,0.008683046,-0.049065676,2025-05,60,5
2025-05,1325,2025-05-29,24,24,0.0473328413770107,0.025280449810457906,-0.2414634,-0.29921213,2025-05,60,5
2025-05,6533,2025-05-29,25,19,0.0501215838178848,0.02001478746035744,0.11985019,0.06210147,2025-05,60,5
2025-05,6219,2025-05-29,26,6,0.0719143213132987,0.015074412781762811,-0.15467624,-0.21242496,2025-05,60,5
2025-05,6108,2025-05-29,27,1,0.122877348298709,0.006868913997654633,-0.03135894,-0.08910766,2025-05,60,5
2025-05,6442,2025-05-29,28,48,0.0310367137257008,0.006555506757628747,0.05764965,-9.9070385e-05,2025-05,60,5
2025-05,8034,2025-05-29,29,11,0.0575638358128014,0.005303661192779096,0.1949686,0.13721988,2025-05,60,5
2025-05,4416,2025-05-29,30,42,0.0368020459052902,-0.006711493829038573,-0.021909257,-0.07965798,2025-05,60,5
2025-06,7749,2025-06-30,1,1,0.0772066527205404,0.9187226309995896,-0.1656535,-0.21763767,2025-06,60,5
2025-06,7547,2025-06-30,2,39,0.0342322474926401,0.6079193145463925,0.32945412,0.27746993,2025-06,60,5
2025-06,7740,2025-06-30,3,26,0.0404354655280511,0.5454966415377059,0.07487923,0.02289505,2025-06,60,5
2025-06,1519,2025-06-30,4,57,0.02729744322118,0.45761260553937677,0.25392517,0.201941,2025-06,60,5
2025-06,2348,2025-06-30,5,58,0.0263660444024085,0.4402793885022522,-0.033613473,-0.08559766,2025-06,60,5
2025-06,6944,2025-06-30,6,15,0.0500476351071555,0.42284107200459586,0.018972509,-0.03301167,2025-06,60,5
2025-06,6625,2025-06-30,7,18,0.0469166342348002,0.38682887869892557,-0.08502026,-0.13700444,2025-06,60,5
2025-06,3147,2025-06-30,8,49,0.0295013979929622,0.3563113530415058,-0.10576926,-0.15775344,2025-06,60,5
2025-06,6461,2025-06-30,9,24,0.0415091801062854,0.19564457026466991,0.10764871,0.05566453,2025-06,60,5
2025-06,8937,2025-06-30,10,4,0.0696699656610072,0.18390599612738098,-0.06711409,-0.119098276,2025-06,60,5
2025-06,3040,2025-06-30,11,35,0.0357020568992556,0.17726813738729852,-0.025459625,-0.07744381,2025-06,60,5
2025-06,8422,2025-06-30,12,51,0.0291061800070627,0.1318433408836047,0.035714287,-0.016269892,2025-06,60,5
2025-06,2528,2025-06-30,13,6,0.0619720913121733,0.07249598378820205,-0.05636075,-0.108344935,2025-06,60,5
2025-06,6735,2025-06-30,14,40,0.0341260296628098,0.03517127177385418,0.08016971,0.028185528,2025-06,60,5
2025-06,6109,2025-06-30,15,56,0.027642996461072,0.01872903107436713,0.051567163,-0.00041701723,2025-06,60,5
2025-06,6727,2025-06-30,16,44,0.0319857417855243,0.008383177622534911,0.13932364,0.08733945,2025-06,60,5
2025-06,3563,2025-06-30,17,29,0.0396700356115044,-0.0345852091781139,-0.06469501,-0.11667919,2025-06,60,5
2025-06,2404,2025-06-30,18,55,0.0278552744300809,-0.05033659109725286,0.30394793,0.25196373,2025-06,60,5
2025-06,5278,2025-06-30,19,46,0.0311347818980365,-0.0773872232665665,0.35353535,0.30155116,2025-06,60,5
2025-06,7751,2025-06-30,20,3,0.0697933131724753,-0.09761871827558026,0.06459054,0.012606363,2025-06,60,5
2025-06,8942,2025-06-30,21,20,0.0440308977666635,-0.10892221458124414,0.017017221,-0.03496696,2025-06,60,5
2025-06,6669,2025-06-30,22,50,0.0292175348017175,-0.16440597816728322,0.021611001,-0.030373178,2025-06,60,5
2025-06,4414,2025-06-30,23,60,0.0254664978134911,-0.16565055755125088,0.03257212,-0.01941206,2025-06,60,5
2025-06,6129,2025-06-30,24,48,0.0302658316511595,-0.1697499631324814,0.034653407,-0.017330773,2025-06,60,5
2025-06,2615,2025-06-30,25,43,0.0327293165408472,-0.19924436221841035,0.018930923,-0.033053257,2025-06,60,5
2025-06,2548,2025-06-30,26,52,0.0286145972751656,-0.23583862654083793,-0.017277071,-0.06926125,2025-06,60,5
2025-06,3490,2025-06-30,27,5,0.066981982336957,-0.23724645743455258,-0.021825733,-0.073809914,2025-06,60,5
2025-06,3054,2025-06-30,28,2,0.0699511758950546,-0.2585285288172891,-0.044117615,-0.0961018,2025-06,60,5
2025-06,3499,2025-06-30,29,28,0.040010143512576,-0.2604060760957344,0.041353397,-0.010630784,2025-06,60,5
2025-06,3466,2025-06-30,30,16,0.049242440048971,-0.2780565768480349,0.042767316,-0.009216865,2025-06,60,5
2025-07,6691,2025-07-31,1,29,0.031266895905321,0.47755880608586876,0.1495327,0.12005711,2025-07,60,5
2025-07,6534,2025-07-31,2,11,0.0537942024222833,0.4399374774186758,0.28158194,0.25210634,2025-07,60,5
2025-07,2059,2025-07-31,3,37,0.0273340446736335,0.2850827101380693,0.16346154,0.13398595,2025-07,60,5
2025-07,2404,2025-07-31,4,23,0.0345421582372801,0.22354456268404,0.5,0.4705244,2025-07,60,5
2025-07,1519,2025-07-31,5,22,0.034764957753133,0.22035451811215856,-0.0030816642,-0.032557257,2025-07,60,5
2025-07,3596,2025-07-31,6,48,0.0208299919814284,0.1750087816259986,0.028199567,-0.001276025,2025-07,60,5
2025-07,7740,2025-07-31,7,10,0.0543261242976397,0.17122589697911006,0.1452381,0.11576251,2025-07,60,5
2025-07,8473,2025-07-31,8,53,0.0193642292299914,0.09094937109375321,0.11969699,0.0902214,2025-07,60,5
2025-07,2383,2025-07-31,9,5,0.0657763793080418,0.05169601676213137,0.09417041,0.064694814,2025-07,60,5
2025-07,6727,2025-07-31,10,46,0.0215996042567264,-0.024581802104908512,1.53125,1.5017744,2025-07,60,5
2025-07,6838,2025-07-31,11,8,0.0573990173090237,-0.028329336342123417,0.054750428,0.025274836,2025-07,60,5
2025-07,6919,2025-07-31,12,20,0.0362667642934766,-0.08560673609237202,0.56790125,0.5384257,2025-07,60,5
2025-07,6944,2025-07-31,13,6,0.0631120030397864,-0.11048806450133843,0.40166867,0.37219307,2025-07,60,5
2025-07,2368,2025-07-31,14,33,0.0289377753464715,-0.1156332289461298,0.3538874,0.3244118,2025-07,60,5
2025-07,6442,2025-07-31,15,7,0.0579084142014124,-0.13968181694342888,0.54,0.51052445,2025-07,60,5
2025-07,3147,2025-07-31,16,41,0.0259336260516561,-0.1603885550085072,0.16394408,0.1344685,2025-07,60,5
2025-07,7751,2025-07-31,17,1,0.0996463574253014,-0.16761799862571775,0.08342362,0.05394803,2025-07,60,5
2025-07,8422,2025-07-31,18,30,0.0308613631652626,-0.17319700840483918,0.047368422,0.01789283,2025-07,60,5
2025-07,3665,2025-07-31,19,32,0.0294023441101777,-0.202888870790863,0.21468927,0.18521369,2025-07,60,5
2025-07,2883,2025-07-31,20,47,0.0214428780057379,-0.211946872189755,0.0066006854,-0.022874907,2025-07,60,5
2025-07,6805,2025-07-31,21,18,0.0371028403039602,-0.23414287252965538,0.27631718,0.2468416,2025-07,60,5
2025-07,5315,2025-07-31,22,58,0.0186732077759642,-0.2354521146749594,0.012135922,-0.01733967,2025-07,60,5
2025-07,3653,2025-07-31,23,27,0.0319910700540878,-0.24192522626643564,0.55185187,0.5223763,2025-07,60,5
2025-07,9918,2025-07-31,24,14,0.0428148819557764,-0.256732186213974,-0.014869851,-0.044345442,2025-07,60,5
2025-07,3624,2025-07-31,25,59,0.0175409038385424,-0.2702071650594826,-0.09280743,-0.12228302,2025-07,60,5
2025-07,2528,2025-07-31,26,15,0.0413384244629801,-0.28197856316070674,0.054104507,0.024628915,2025-07,60,5
2025-07,2547,2025-07-31,27,26,0.0320714327972081,-0.28857318110909425,-0.013333299,-0.04280889,2025-07,60,5
2025-07,6885,2025-07-31,28,3,0.0849449695850162,-0.3001268428069413,0.1291947,0.099719115,2025-07,60,5
2025-07,6664,2025-07-31,29,36,0.0274675460903217,-0.3289095116849394,0.19585253,0.16637695,2025-07,60,5
2025-07,6274,2025-07-31,30,25,0.0322687977963603,-0.349339712271245,0.38086304,0.35138744,2025-07,60,5
2025-08,6418,2025-08-29,1,21,0.0457839871061356,0.23288901217770847,1.2658612,1.210267,2025-08,60,5
2025-08,2308,2025-08-29,2,57,0.0309294828526009,0.20311100751277264,0.20113315,0.14553891,2025-08,60,5
2025-08,5439,2025-08-29,3,22,0.0430955781985282,0.1970097422223614,-0.043343652,-0.09893789,2025-08,60,5
2025-08,3402,2025-08-29,4,52,0.0315277981462683,0.1786635990997541,-0.07857143,-0.13416567,2025-08,60,5
2025-08,6805,2025-08-29,5,8,0.0605958389622455,0.16264108241674208,-0.14424779,-0.19984202,2025-08,60,5
2025-08,3030,2025-08-29,6,16,0.0514915227649611,0.15818448485004533,-0.17990655,-0.23550078,2025-08,60,5
2025-08,6667,2025-08-29,7,3,0.0705872538018398,0.11665400597216688,-0.10509031,-0.16068456,2025-08,60,5
2025-08,2368,2025-08-29,8,37,0.0353484574287904,0.09423949107264579,-0.17417417,-0.22976841,2025-08,60,5
2025-08,3081,2025-08-29,9,5,0.0645210133296519,0.08952466733466334,-0.073068894,-0.12866314,2025-08,60,5
2025-08,3653,2025-08-29,10,9,0.0598662185261119,0.08164102723074948,0.011520738,-0.0440735,2025-08,60,5
2025-08,6669,2025-08-29,11,48,0.0329994002603485,0.07999315266311924,0.039182283,-0.016411955,2025-08,60,5
2025-08,3357,2025-08-29,12,58,0.0306121045197934,0.07956707753078435,0.036437247,-0.01915699,2025-08,60,5
2025-08,3694,2025-08-29,13,54,0.0313003424623356,0.06426382845602513,-0.21515155,-0.27074578,2025-08,60,5
2025-08,5536,2025-08-29,14,23,0.0430224896053457,0.06191045014242266,-0.22833844,-0.2839327,2025-08,60,5
2025-08,6442,2025-08-29,15,27,0.041111824622536,0.05623111980290559,-0.16301969,-0.21861392,2025-08,60,5
2025-08,2383,2025-08-29,16,44,0.0336785121851312,0.05499298671052549,0.012396694,-0.043197542,2025-08,60,5
2025-08,2360,2025-08-29,17,26,0.0412285977603088,0.04169522411053838,-0.027586207,-0.08318044,2025-08,60,5
2025-08,6197,2025-08-29,18,49,0.0323278537404744,0.02596791614612107,-0.13725491,-0.19284914,2025-08,60,5
2025-08,8932,2025-08-29,19,19,0.0469297798618329,0.02460752446003033,-0.082969435,-0.13856368,2025-08,60,5
2025-08,6691,2025-08-29,20,1,0.0804386579408121,0.01892553471524369,-0.108606555,-0.1642008,2025-08,60,5
2025-08,6613,2025-08-29,21,60,0.0300839605269229,0.01698554595768259,-0.23026316,-0.2858574,2025-08,60,5
2025-08,2327,2025-08-29,22,7,0.0615487715731955,0.013462033098446558,0.18996416,0.13436992,2025-08,60,5
2025-08,1815,2025-08-29,23,45,0.0335313636333346,0.012706537832278802,-0.15053764,-0.20613188,2025-08,60,5
2025-08,6139,2025-08-29,24,30,0.0387711278694655,0.005923507036229406,0.0044008074,-0.05119343,2025-08,60,5
2025-08,6781,2025-08-29,25,17,0.0499540124740204,-0.0005884674582138146,-0.18726592,-0.24286015,2025-08,60,5
2025-08,1215,2025-08-29,26,6,0.0624285806434538,-0.004550843942541134,0.03773585,-0.017858388,2025-08,60,5
2025-08,3040,2025-08-29,27,10,0.0581924652729167,-0.010207983338576303,0.08153081,0.025936572,2025-08,60,5
2025-08,2402,2025-08-29,28,11,0.0563045048925599,-0.010879118463576275,-0.18780486,-0.2433991,2025-08,60,5
2025-08,3002,2025-08-29,29,20,0.0464795052165599,-0.012188805968434344,-0.07843135,-0.13402559,2025-08,60,5
2025-08,1595,2025-08-29,30,55,0.031202366656784,-0.02274378785827294,-0.08374379,-0.13933803,2025-08,60,5
2025-09,2059,2025-09-30,1,14,0.058495385386856,0.2025471472071086,0.23053892,0.13709353,2025-09,60,5
2025-09,3017,2025-09-30,2,42,0.0411697777630858,0.17632976232296688,0.44230768,0.3488623,2025-09,60,5
2025-09,2360,2025-09-30,3,24,0.0485253605194561,0.15778838378416546,0.41206896,0.31862357,2025-09,60,5
2025-09,8081,2025-09-30,4,59,0.0371075862578304,0.15294091131211332,0.0021459227,-0.091299474,2025-09,60,5
2025-09,2301,2025-09-30,5,40,0.0415870705527803,0.14766828808950294,0.037572253,-0.055873144,2025-09,60,5
2025-09,2441,2025-09-30,6,27,0.0455454202139811,0.14642828785809367,0.117274195,0.023828797,2025-09,60,5
2025-09,2308,2025-09-30,7,15,0.0580729848620481,0.1353231826892232,0.14367816,0.05023276,2025-09,60,5
2025-09,3231,2025-09-30,8,46,0.0406707864840251,0.12203764793653614,0.030821918,-0.06262348,2025-09,60,5
2025-09,2330,2025-09-30,9,32,0.0431868301093346,0.11962012205736428,0.12831442,0.034869023,2025-09,60,5
2025-09,3653,2025-09-30,10,38,0.041755146677266,0.08900883465289366,-0.12345679,-0.21690218,2025-09,60,5
2025-09,2451,2025-09-30,11,49,0.0397856563771974,0.08389058660478803,0.17777778,0.084332384,2025-09,60,5
2025-09,6672,2025-09-30,12,28,0.0450225367945741,0.08144096063997336,-0.072388835,-0.16583423,2025-09,60,5
2025-09,2376,2025-09-30,13,19,0.0532440785328163,0.06952084170729214,-0.09076175,-0.18420714,2025-09,60,5
2025-09,2382,2025-09-30,14,43,0.0411161084102527,0.05780380798306073,0.025597269,-0.06784813,2025-09,60,5
2025-09,8932,2025-09-30,15,8,0.0638227989082226,0.05531430047908925,-0.5510949,-0.6445403,2025-09,60,5
2025-09,2379,2025-09-30,16,5,0.0654374264684889,0.04802247541540603,-0.06021898,-0.15366438,2025-09,60,5
2025-09,3005,2025-09-30,17,26,0.0456133158845323,0.04534998765213102,-0.115384616,-0.20883001,2025-09,60,5
2025-09,2903,2025-09-30,18,33,0.0428960837531646,0.037758404858779224,-0.035634793,-0.12908019,2025-09,60,5
2025-09,2727,2025-09-30,19,36,0.0419718521459665,0.02736701339888186,-0.063043475,-0.15648887,2025-09,60,5
2025-09,2498,2025-09-30,20,12,0.0597941005242841,0.011487715275390047,-0.15551838,-0.24896377,2025-09,60,5
2025-09,2316,2025-09-30,21,16,0.0565484543853801,0.004172969496984534,0.05480872,-0.038636677,2025-09,60,5
2025-09,2368,2025-09-30,22,6,0.0649492616730297,-0.026095234320879686,0.061573546,-0.03187185,2025-09,60,5
2025-09,2527,2025-09-30,23,45,0.0407021813278313,-0.02618282777581247,0.07283466,-0.020610735,2025-09,60,5
2025-09,2327,2025-09-30,24,37,0.04181096582921,-0.0323830650327831,0.44347826,0.35003287,2025-09,60,5
2025-09,3044,2025-09-30,25,4,0.0704980936639651,-0.037307385817586476,0.1307947,0.037349306,2025-09,60,5
2025-09,2258,2025-09-30,26,3,0.0719040621936178,-0.04040028461625819,0.035897475,-0.057547923,2025-09,60,5
2025-09,6173,2025-09-30,27,25,0.0463119633203031,-0.043393513618996175,0.10943395,0.015988551,2025-09,60,5
2025-09,2344,2025-09-30,28,34,0.0423844849972222,-0.044221387797470146,0.62275445,0.52930903,2025-09,60,5
2025-09,2428,2025-09-30,29,29,0.0439990810128873,-0.05522818665017852,0.09883721,0.005391814,2025-09,60,5
2025-09,6217,2025-09-30,30,54,0.0384727361523706,-0.05541810330076801,0.21252796,0.11908256,2025-09,60,5
2025-10,6510,2025-10-31,1,25,0.0137391525092384,0.1929330036116042,0.19254659,0.21404135,2025-10,60,5
2025-10,2314,2025-10-31,2,1,0.2980451073196991,0.14984214477902924,0.10849053,0.12998529,2025-10,60,5
2025-10,2360,2025-10-31,3,8,0.0457591422688859,0.14471710035354238,0.01236094,0.033855703,2025-10,60,5
2025-10,2308,2025-10-31,4,14,0.0349098136168236,0.13745779152083187,-0.06048387,-0.038989108,2025-10,60,5
2025-10,3665,2025-10-31,5,10,0.0397300762303815,0.11715978255122733,0.15412186,0.17561662,2025-10,60,5
2025-10,2466,2025-10-31,6,58,0.0019987875919077,0.11677747243043429,0.055336032,0.0768308,2025-10,60,5
2025-10,6805,2025-10-31,7,55,0.0022415074977988,0.10053824747839991,0.07167236,0.09316712,2025-10,60,5
2025-10,2850,2025-10-31,8,18,0.0223690240306221,0.09102160841412153,0.03982301,0.06131777,2025-10,60,5
2025-10,8422,2025-10-31,9,16,0.0271570304577249,0.07664646261924249,0.01449277,0.035987534,2025-10,60,5
2025-10,6021,2025-10-31,10,47,0.005121902798558,0.06069805343740504,-0.0038910653,0.017603697,2025-10,60,5
2025-10,2612,2025-10-31,11,43,0.0064528161490381,0.0029030011269846247,0.029360915,0.050855678,2025-10,60,5
2025-10,3653,2025-10-31,12,45,0.0052600661111699,-0.012073136942075048,0.35747662,0.3789714,2025-10,60,5
2025-10,2330,2025-10-31,13,54,0.0024478701148884,-0.01852869098212295,-0.046357624,-0.024862861,2025-10,60,5
2025-10,6409,2025-10-31,14,11,0.0376394242255487,-0.021416700086810504,-0.04918033,-0.027685566,2025-10,60,5
2025-10,8932,2025-10-31,15,6,0.0515474555714992,-0.025493385177853087,-0.05135135,-0.029856587,2025-10,60,5
2025-10,3349,2025-10-31,16,19,0.0218225488868954,-0.032968184910733986,0.35,0.37149477,2025-10,60,5
2025-10,2852,2025-10-31,17,23,0.0146684071462502,-0.04831688824864089,0.062499985,0.083994746,2025-10,60,5
2025-10,3017,2025-10-31,18,40,0.0071747896606683,-0.049602123682930946,-0.05172414,-0.030229377,2025-10,60,5
2025-10,7402,2025-10-31,19,49,0.0044411063998278,-0.051817023157426464,0.14410481,0.16559957,2025-10,60,5
2025-10,8103,2025-10-31,20,28,0.0123037509062578,-0.06514989322169974,-0.09094342,-0.06944866,2025-10,60,5
2025-10,6669,2025-10-31,21,24,0.0139024516753535,-0.06991180825438685,0.054209918,0.07570468,2025-10,60,5
2025-10,5314,2025-10-31,22,2,0.1097587949733938,-0.07898698669037939,-0.086065575,-0.064570814,2025-10,60,5
2025-10,2357,2025-10-31,23,39,0.008137156329582,-0.08182377419671713,-0.1315029,-0.110008135,2025-10,60,5
2025-10,6739,2025-10-31,24,41,0.0071375897745293,-0.08424936439410338,-0.14267015,-0.12117539,2025-10,60,5
2025-10,3057,2025-10-31,25,12,0.0357436239670811,-0.08501522227471169,0.23622048,0.25771526,2025-10,60,5
2025-10,2812,2025-10-31,26,46,0.0052600074035975,-0.08974301866412757,-0.025700899,-0.0042061363,2025-10,60,5
2025-10,5490,2025-10-31,27,34,0.0091764102327453,-0.09925044210422379,-0.075,-0.053505242,2025-10,60,5
2025-10,8059,2025-10-31,28,31,0.0095778699879507,-0.10129827546258274,-0.19354837,-0.1720536,2025-10,60,5
2025-10,6591,2025-10-31,29,52,0.0027580816497468,-0.1043137197375236,-0.08165682,-0.06016206,2025-10,60,5
2025-10,2317,2025-10-31,30,17,0.0225006763325947,-0.11054105622362399,-0.115686275,-0.094191514,2025-10,60,5
2025-11,6155,2025-11-28,1,19,0.0594900784081509,0.11796181819965965,0.13421048,0.0913382,2025-11,60,5
2025-11,6203,2025-11-28,2,40,0.0439564417930676,0.07300209829031584,-0.18335348,-0.22622576,2025-11,60,5
2025-11,4939,2025-11-28,3,10,0.0775376508348314,0.07295508426674588,0.21875,0.17587772,2025-11,60,5
2025-11,6220,2025-11-28,4,3,0.1054077298340929,0.07295508426674588,0.01171872,-0.031153558,2025-11,60,5
2025-11,8043,2025-11-28,5,11,0.0771612207667572,0.07295508426674588,0.1391753,0.096303016,2025-11,60,5
2025-11,2360,2025-11-28,6,54,0.0383438323586188,0.06133070885778015,-0.047560975,-0.090433255,2025-11,60,5
2025-11,1815,2025-11-28,7,60,0.0359177226037102,0.056898860402380215,0.23500004,0.19212776,2025-11,60,5
2025-11,8110,2025-11-28,8,43,0.0417741606865664,0.05072861853539955,0.45209178,0.4092195,2025-11,60,5
2025-11,2368,2025-11-28,9,23,0.055408900266459,0.04582764623571485,0.10987261,0.06700033,2025-11,60,5
2025-11,2491,2025-11-28,10,15,0.0674292291196553,0.03905722910286386,0.28896108,0.2460888,2025-11,60,5
2025-11,2327,2025-11-28,11,30,0.0481460548006508,0.03905722910286386,-0.05319149,-0.09606377,2025-11,60,5
2025-11,6835,2025-11-28,12,24,0.054675535332155,0.030080629780342167,-0.033540335,-0.07641261,2025-11,60,5
2025-11,3037,2025-11-28,13,4,0.0949300549269539,0.02794315224231879,0.16052632,0.11765404,2025-11,60,5
2025-11,7721,2025-11-28,14,35,0.0455944333378967,0.026249153218736675,0.03757827,-0.005294008,2025-11,60,5
2025-11,6418,2025-11-28,15,48,0.0407786245739812,0.025675037182379287,-0.01956525,-0.06243753,2025-11,60,5
2025-11,5309,2025-11-28,16,34,0.0457754421674591,0.025675037182379287,0.11419256,0.07132028,2025-11,60,5
2025-11,5291,2025-11-28,17,1,0.1248095359568301,0.025675037182379287,-0.06712561,-0.10999789,2025-11,60,5
2025-11,2404,2025-11-28,18,51,0.0395000627377611,0.022834441233167038,0.1525,0.10962772,2025-11,60,5
2025-11,5328,2025-11-28,19,29,0.0495114977991419,0.020278387603076785,-0.004807619,-0.047679897,2025-11,60,5
2025-11,3236,2025-11-28,20,32,0.0469666154679157,0.020278387603076785,0.042750917,-0.00012136082,2025-11,60,5
2025-11,2392,2025-11-28,21,20,0.0587767463575326,0.020278387603076785,-0.051020406,-0.093892686,2025-11,60,5
2025-11,2345,2025-11-28,22,53,0.0389505835295502,0.0174617448746476,0.17391305,0.13104077,2025-11,60,5
2025-11,4523,2025-11-28,23,14,0.0695957001963808,0.015377415303392088,0.025906734,-0.016965544,2025-11,60,5
2025-11,2498,2025-11-28,24,59,0.0361473239268363,0.015377415303392088,-0.011999969,-0.05487225,2025-11,60,5
2025-11,3715,2025-11-28,25,52,0.0389822746721414,0.013386649241727796,0.014450924,-0.028421355,2025-11,60,5
2025-11,1727,2025-11-28,26,55,0.0380129858140054,0.013386649241727796,0.08585863,0.04298635,2025-11,60,5
2025-11,6449,2025-11-28,27,26,0.0513294420577576,0.013109300243452585,-0.07932011,-0.12219239,2025-11,60,5
2025-11,4934,2025-11-28,28,18,0.0643610953520554,0.013109300243452585,0.09055123,0.047678947,2025-11,60,5
2025-11,8935,2025-11-28,29,16,0.0651599295417013,0.013109300243452585,0.075129576,0.032257296,2025-11,60,5
2025-11,2413,2025-11-28,30,2,0.1106855534390221,0.005721884602485792,0.63636357,0.5934913,2025-11,60,5
2025-12,4542,2025-12-31,1,29,0.046916298173485,0.249001248253812,0.18087554,0.0575252,2025-12,60,5
2025-12,6419,2025-12-31,2,2,0.0777025838188045,0.20930575817301808,-0.17076021,-0.29411057,2025-12,60,5
2025-12,6515,2025-12-31,3,59,0.035474084387024,0.15385330254317445,0.35416666,0.23081632,2025-12,60,5
2025-12,5274,2025-12-31,4,12,0.0584916156064501,0.15385330254317445,0.28305784,0.1597075,2025-12,60,5
2025-12,5475,2025-12-31,5,47,0.0387449549353734,0.15284973277202607,0.11518325,-0.008167093,2025-12,60,5
2025-12,8046,2025-12-31,6,42,0.0416449060967349,0.14009729710883373,0.53593427,0.41258392,2025-12,60,5
2025-12,3092,2025-12-31,7,5,0.0677964215952877,0.13789857578167036,0.015624985,-0.10772536,2025-12,60,5
2025-12,6205,2025-12-31,8,41,0.0419992145827956,0.11199508072686529,-0.12437811,-0.24772845,2025-12,60,5
2025-12,3665,2025-12-31,9,51,0.037876189843364,0.08123275145164452,-0.10491803,-0.22826837,2025-12,60,5
2025-12,5439,2025-12-31,10,35,0.0440016324030048,0.07381008598413011,-0.03448276,-0.1578331,2025-12,60,5
2025-12,6425,2025-12-31,11,19,0.0534328838227281,0.07271579003506538,-0.16098703,-0.28433737,2025-12,60,5
2025-12,3709,2025-12-31,12,20,0.0510339983785131,0.04598888543519058,0.23705174,0.113701396,2025-12,60,5
2025-12,3685,2025-12-31,13,36,0.043943554787611,0.044596661640307,-0.15085152,-0.27420187,2025-12,60,5
2025-12,6669,2025-12-31,14,23,0.0489808067092513,0.0338640861187977,-0.18061674,-0.3039671,2025-12,60,5
2025-12,3653,2025-12-31,15,49,0.0384717319770992,0.03236041402042726,0.03949731,-0.083853036,2025-12,60,5
2025-12,8110,2025-12-31,16,34,0.0440606721384253,0.02810185315841827,0.35910648,0.23575614,2025-12,60,5
2025-12,6139,2025-12-31,17,50,0.0381328542726246,0.00813242990082369,0.10830325,-0.015047093,2025-12,60,5
2025-12,2360,2025-12-31,18,38,0.0425714358197787,0.005701438614238101,0.28970775,0.16635741,2025-12,60,5
2025-12,5488,2025-12-31,19,55,0.0362936489449825,6.74716469138692e-06,0.063492104,-0.059858236,2025-12,60,5
2025-12,4973,2025-12-31,20,46,0.0391192703419919,-0.009310737483475516,0.31274137,0.18939103,2025-12,60,5
2025-12,2316,2025-12-31,21,10,0.0616170598980698,-0.013222167720441002,-0.072463766,-0.1958141,2025-12,60,5
2025-12,4938,2025-12-31,22,4,0.070721569263552,-0.013431921524004924,0.018895281,-0.10445506,2025-12,60,5
2025-12,2392,2025-12-31,23,1,0.0840304442896401,-0.014364927802641078,0.08086254,-0.042487804,2025-12,60,5
2025-12,2308,2025-12-31,24,26,0.0486806354186488,-0.01564513986877267,0.29381442,0.17046408,2025-12,60,5
2025-12,2327,2025-12-31,25,16,0.0552278493659958,-0.021594156651310762,0.19139785,0.0680475,2025-12,60,5
2025-12,4130,2025-12-31,26,44,0.040270019940686,-0.023538308247690543,0.08499097,-0.03835937,2025-12,60,5
2025-12,1519,2025-12-31,27,48,0.0386033328109046,-0.026066927116950758,0.3181818,0.19483148,2025-12,60,5
2025-12,3131,2025-12-31,28,57,0.0361008329590751,-0.02897831991991573,0.15873016,0.035379823,2025-12,60,5
2025-12,8937,2025-12-31,29,37,0.043757248851758,-0.038139936417134104,-0.13114753,-0.2544979,2025-12,60,5
2025-12,6770,2025-12-31,30,32,0.0448399559783154,-0.044386756331158114,0.6336261,0.5102758,2025-12,60,5
2026-01,7751,2026-01-30,1,50,0.0542679788842791,0.29218275449450576,0.59313726,0.5291884,2026-01,60,5
2026-01,2408,2026-01-30,2,30,0.0663147480891455,0.242286294823612,-0.18064517,-0.24459407,2026-01,60,5
2026-01,4971,2026-01-30,3,6,0.1292474792132668,0.2300765607911273,0.24418604,0.18023714,2026-01,60,5
2026-01,3135,2026-01-30,4,24,0.0783293849640059,0.21717544050494297,0.013157895,-0.050791,2026-01,60,5
2026-01,6442,2026-01-30,5,44,0.056728665942589,0.20452582910983552,0.037249282,-0.026699614,2026-01,60,5
2026-01,2466,2026-01-30,6,23,0.0786899500283573,0.20419565973851397,-0.23273022,-0.2966791,2026-01,60,5
2026-01,2413,2026-01-30,7,39,0.0590395233081198,0.15662420387551673,0.24581733,0.18186843,2026-01,60,5
2026-01,3105,2026-01-30,8,8,0.1012745007809579,0.1231359286047997,0.3171806,0.2532317,2026-01,60,5
2026-01,2345,2026-01-30,9,60,0.0517459696745556,0.11724241429727132,0.35,0.2860511,2026-01,60,5
2026-01,6229,2026-01-30,10,42,0.0572111077671284,0.08492393259738121,-0.031111145,-0.09506004,2026-01,60,5
2026-01,6265,2026-01-30,11,2,0.1960097626891485,0.06326209500174279,-0.15642458,-0.22037348,2026-01,60,5
2026-01,3555,2026-01-30,12,12,0.0929809800306304,0.05745919486232653,0.12083333,0.056884434,2026-01,60,5
2026-01,6805,2026-01-30,13,15,0.0898621138218275,0.0439101200154693,0.32269505,0.25874615,2026-01,60,5
2026-01,3017,2026-01-30,14,7,0.111328663493987,0.008106505356442632,0.29166666,0.22771776,2026-01,60,5
2026-01,3466,2026-01-30,15,54,0.0536028769692233,-0.0535356305344086,-0.06371913,-0.12766802,2026-01,60,5
2026-01,3308,2026-01-30,16,52,0.0540387119543042,-0.06606843412181718,0.15347716,0.08952827,2026-01,60,5
2026-01,3349,2026-01-30,17,43,0.0569656535615125,-0.08184158482624825,-0.006980763,-0.07092966,2026-01,60,5
2026-01,6426,2026-01-30,18,1,0.1962206505683802,-0.09051356892160498,0.085365854,0.021416958,2026-01,60,5
2026-01,5475,2026-01-30,19,13,0.0929424694447319,-0.09129713780174764,0.7253219,0.661373,2026-01,60,5
2026-01,2368,2026-01-30,20,27,0.0692122354602593,-0.1343222816000914,0.27738264,0.21343374,2026-01,60,5
2026-01,2349,2026-01-30,21,51,0.0542200718128615,-0.1467127834040035,0.0037037178,-0.06024518,2026-01,60,5
2026-01,4768,2026-01-30,22,45,0.056456727297247,-0.16477608303273936,0.11237374,0.048424844,2026-01,60,5
2026-01,3354,2026-01-30,23,16,0.0871443775275509,-0.1794252496673202,0.10358567,0.039636772,2026-01,60,5
2026-01,2314,2026-01-30,24,28,0.0675547705272879,-0.18128395200202313,-0.16627079,-0.23021969,2026-01,60,5
2026-01,4577,2026-01-30,25,34,0.0602236080219941,-0.18653567570876461,0.7980769,0.73412806,2026-01,60,5
2026-01,8289,2026-01-30,26,19,0.0847662258525062,-0.2058248105085852,0.41188964,0.34794074,2026-01,60,5
2026-01,5302,2026-01-30,27,3,0.1599877923454652,-0.21904637620398512,-0.013100403,-0.0770493,2026-01,60,5
2026-01,6669,2026-01-30,28,38,0.0591457349020503,-0.2352753163997775,0.16875872,0.10480983,2026-01,60,5
2026-01,2383,2026-01-30,29,46,0.0558177927371009,-0.24381956455668524,0.4244186,0.3604697,2026-01,60,5
2026-01,6443,2026-01-30,30,53,0.0539532554899806,-0.2444701232364811,0.28186274,0.21791384,2026-01,60,5
2026-02,5291,2026-02-26,1,60,0.0344123841796346,0.17652927055904402,0.40110916,0.46610793,2026-02,60,5
2026-02,4542,2026-02-26,2,13,0.0952714752324075,0.10755091774314414,0.15460527,0.21960405,2026-02,60,5
2026-02,3006,2026-02-26,3,3,0.162954924914274,0.09852371003812858,0.15436241,0.21936119,2026-02,60,5
2026-02,5475,2026-02-26,4,39,0.0505115574647502,0.09676193441522407,0.031400967,0.09639975,2026-02,60,5
2026-02,2367,2026-02-26,5,20,0.0783076282246278,0.09475176292768774,0.28196716,0.34696594,2026-02,60,5
2026-02,5302,2026-02-26,6,9,0.1018167283519091,0.08847953581555966,-0.08064517,-0.015646389,2026-02,60,5
2026-02,2337,2026-02-26,7,7,0.1124863515159033,0.06692461100086174,0.18483412,0.2498329,2026-02,60,5
2026-02,2457,2026-02-26,8,42,0.0490713777095004,0.06133463281716958,-0.14735101,-0.082352236,2026-02,60,5
2026-02,6727,2026-02-26,9,33,0.0563582116304767,0.05672919682818667,0.511335,0.5763338,2026-02,60,5
2026-02,2408,2026-02-26,10,24,0.073530131038801,0.05179307760307168,-0.18097015,-0.11597137,2026-02,60,5
2026-02,6134,2026-02-26,11,53,0.0409470559035998,0.051264848928619565,-0.049839266,0.015159512,2026-02,60,5
2026-02,5351,2026-02-26,12,12,0.0972836239029376,0.04892943563572392,0.28623188,0.35123065,2026-02,60,5
2026-02,8431,2026-02-26,13,45,0.0464358492638979,0.04822873424024446,-0.026785647,0.03821313,2026-02,60,5
2026-02,6770,2026-02-26,14,17,0.0874914274683784,0.04226309314419087,-0.17086835,-0.10586958,2026-02,60,5
2026-02,7728,2026-02-26,15,32,0.0581717786039733,0.029270440201152482,-0.07125307,-0.0062542916,2026-02,60,5
2026-02,3105,2026-02-26,16,47,0.0428323658265942,0.019468417981464432,0.15558912,0.2205879,2026-02,60,5
2026-02,6015,2026-02-26,17,54,0.0406270858679911,0.01672489803772056,-0.08108107,-0.016082292,2026-02,60,5
2026-02,6133,2026-02-26,18,31,0.0595578850814943,0.015118880503338799,-0.027542356,0.03745642,2026-02,60,5
2026-02,2491,2026-02-26,19,15,0.0908385692041767,0.01316420291956285,-0.09428569,-0.029286912,2026-02,60,5
2026-02,2369,2026-02-26,20,35,0.0552205946952726,0.011872908980376642,0.12867647,0.19367525,2026-02,60,5
2026-02,6282,2026-02-26,21,26,0.0655609178544761,0.01051029198014598,-0.018072244,0.046926532,2026-02,60,5
2026-02,2440,2026-02-26,22,28,0.0636769118104912,0.00956854091839187,-0.060702864,0.004295913,2026-02,60,5
2026-02,7751,2026-02-26,23,51,0.0410192043646619,-0.005846935153757028,0.3755274,0.4405262,2026-02,60,5
2026-02,5498,2026-02-26,24,4,0.1424379027405591,-0.008513806699614735,-0.06644518,-0.0014464019,2026-02,60,5
2026-02,8110,2026-02-26,25,21,0.0760253051085309,-0.013624416072655895,-0.18548387,-0.1204851,2026-02,60,5
2026-02,2460,2026-02-26,26,46,0.0433556835571595,-0.0150249188205182,-0.15878381,-0.09378503,2026-02,60,5
2026-02,3711,2026-02-26,27,56,0.0389801565281992,-0.0258428903628057,-0.013947002,0.051051777,2026-02,60,5
2026-02,6443,2026-02-26,28,2,0.1661160204367664,-0.028989806300710193,0.0044643027,0.06946308,2026-02,60,5
2026-02,2431,2026-02-26,29,57,0.0384451851071526,-0.03239379592795184,-0.20655735,-0.14155857,2026-02,60,5
2026-02,3550,2026-02-26,30,55,0.0401395645796913,-0.03712755191264062,0.08450704,0.14950582,2026-02,60,5
2026-03,3037,2026-03-31,1,17,0.091632178439925,0.14974911545232494,0.82438016,0.5973007,2026-03,60,5
2026-03,3054,2026-03-31,2,47,0.0583027141638772,0.10073641212533124,-0.08713697,-0.31421643,2026-03,60,5
2026-03,3529,2026-03-31,3,32,0.0740956833349139,0.09561021457157874,0.41123188,0.18415241,2026-03,60,5
2026-03,3081,2026-03-31,4,28,0.0783975485014331,0.09561021457157874,0.5575221,0.33044264,2026-03,60,5
2026-03,4991,2026-03-31,5,39,0.0630936566903258,0.08966750571932189,0.62891567,0.4018362,2026-03,60,5
2026-03,3138,2026-03-31,6,60,0.0496856276813751,0.0857170848969357,-0.13636364,-0.3634431,2026-03,60,5
2026-03,3555,2026-03-31,7,15,0.0940505485163848,0.0797870312910311,0.57961786,0.35253838,2026-03,60,5
2026-03,6141,2026-03-31,8,29,0.0770312536601218,0.0797870312910311,0.58536583,0.35828635,2026-03,60,5
2026-03,5475,2026-03-31,9,1,0.2790780467560679,0.07321785530837785,0.64220184,0.41512236,2026-03,60,5
2026-03,6919,2026-03-31,10,9,0.1120674816726784,0.060753937991098496,0.10286317,-0.124216296,2026-03,60,5
2026-03,2337,2026-03-31,11,16,0.0918991130586563,0.05385155129159891,0.232,0.0049205245,2026-03,60,5
2026-03,3535,2026-03-31,12,27,0.0817870164024989,0.04929642782736295,0.16818182,-0.058897648,2026-03,60,5
2026-03,3163,2026-03-31,13,31,0.0745466599630203,0.047284921309490455,0.3221709,0.09509145,2026-03,60,5
2026-03,6739,2026-03-31,14,42,0.061402060281351,0.042308058926140174,0.19831224,-0.02876723,2026-03,60,5
2026-03,6830,2026-03-31,15,41,0.0627591021817076,0.036223453906657044,0.6831683,0.4560888,2026-03,60,5
2026-03,3363,2026-03-31,16,22,0.0843079316262296,0.03361782118730661,0.29679596,0.0697165,2026-03,60,5
2026-03,1710,2026-03-31,17,49,0.0574692354441973,0.027380289189772603,-0.0909091,-0.31798857,2026-03,60,5
2026-03,6821,2026-03-31,18,44,0.0598615292519798,0.026279144453051587,-0.062166963,-0.28924644,2026-03,60,5
2026-03,6510,2026-03-31,19,26,0.0818847553795777,0.019860129537842983,0.06666667,-0.1604128,2026-03,60,5
2026-03,3105,2026-03-31,20,55,0.0520169214281908,0.01870452960261565,0.42933333,0.20225386,2026-03,60,5
2026-03,2489,2026-03-31,21,7,0.1163957000649634,0.015604622597049173,0.27575752,0.04867805,2026-03,60,5
2026-03,6426,2026-03-31,22,6,0.1178803263871692,0.013407030100011626,0.5629371,0.3358576,2026-03,60,5
2026-03,6226,2026-03-31,23,57,0.0512195678612804,0.00576859359924578,-0.011810994,-0.23889047,2026-03,60,5
2026-03,4989,2026-03-31,24,59,0.0496987245640622,-0.003795304182450488,0.67159766,0.44451818,2026-03,60,5
2026-03,4919,2026-03-31,25,34,0.0697992275373189,-0.008814579723483455,0.5775401,0.35046062,2026-03,60,5
2026-03,3576,2026-03-31,26,2,0.1701260363587501,-0.012257237881361668,-0.2951542,-0.52223366,2026-03,60,5
2026-03,3205,2026-03-31,27,14,0.0946680009253963,-0.013576322195743909,-0.10366826,-0.33074772,2026-03,60,5
2026-03,3149,2026-03-31,28,23,0.0826633991813378,-0.01640976239806683,0.03275109,-0.19432838,2026-03,60,5
2026-03,3135,2026-03-31,29,4,0.1478549573190216,-0.021016484485668358,0.3101852,0.08310573,2026-03,60,5
2026-03,8046,2026-03-31,30,30,0.0748511014589693,-0.021241874930885696,0.7914438,0.5643644,2026-03,60,5
2026-04,4741,2026-04-09,1,25,0.1032210608684752,0.42973889785667535,0.23199996,0.03858185,2026-04,60,5
2026-04,6727,2026-04-09,2,44,0.0838182929741223,0.42678520687430554,0.2,0.006581889,2026-04,60,5
2026-04,6168,2026-04-09,3,26,0.102353648197156,0.3198913792573171,-0.05263154,-0.24604966,2026-04,60,5
2026-04,3576,2026-04-09,4,1,0.2465425758369109,0.28752955093664717,-0.14250612,-0.33592424,2026-04,60,5
2026-04,6187,2026-04-09,5,35,0.0920100611441016,0.28370636765153134,0.15053764,-0.042880476,2026-04,60,5
2026-04,4956,2026-04-09,6,11,0.1257554590634431,0.2760086303463716,0.33152178,0.13810366,2026-04,60,5
2026-04,1309,2026-04-09,7,17,0.1150637892404759,0.2627528610869987,-0.2721382,-0.46555632,2026-04,60,5
2026-04,6443,2026-04-09,8,22,0.1048432753879216,0.254794988263341,0.08559787,-0.10782024,2026-04,60,5
2026-04,4991,2026-04-09,9,28,0.1007592931818834,0.22940499595848035,0.2173913,0.023973184,2026-04,60,5
2026-04,6217,2026-04-09,10,23,0.1047266637371561,0.22483754086063895,0.15652174,-0.036896378,2026-04,60,5
2026-04,3508,2026-04-09,11,60,0.0736632935160593,0.21612399781757818,-0.07368421,-0.26710233,2026-04,60,5
2026-04,1304,2026-04-09,12,16,0.1174777975587804,0.19521879276893878,-0.19365081,-0.38706893,2026-04,60,5
2026-04,5228,2026-04-09,13,56,0.0779906590721703,0.1757818542739955,0.44484633,0.25142822,2026-04,60,5
2026-04,7751,2026-04-09,14,20,0.1118749830749556,0.17559730874438836,-0.017721519,-0.21113963,2026-04,60,5
2026-04,3691,2026-04-09,15,45,0.0826177257314149,0.17306900688156546,0.15384616,-0.039571956,2026-04,60,5
2026-04,5291,2026-04-09,16,53,0.0786925082531544,0.17070704941494716,-0.001418418,-0.19483653,2026-04,60,5
2026-04,6821,2026-04-09,17,38,0.0916835708004714,0.15497106677327932,-0.07272727,-0.26614538,2026-04,60,5
2026-04,1305,2026-04-09,18,24,0.1041610978582183,0.14253969274417286,-0.22960721,-0.4230253,2026-04,60,5
2026-04,3498,2026-04-09,19,21,0.1090048022579565,0.1419821507738308,0.03888889,-0.15452923,2026-04,60,5
2026-04,3049,2026-04-09,20,5,0.171280873961101,0.13155150423801298,-0.03773585,-0.23115396,2026-04,60,5
2026-04,4971,2026-04-09,21,43,0.0846793095368137,0.11648902453517145,0.075,-0.11841811,2026-04,60,5
2026-04,2360,2026-04-09,22,54,0.0784833362768014,0.0959685370211276,0.15544042,-0.037977695,2026-04,60,5
2026-04,5289,2026-04-09,23,34,0.0920410614369299,0.0857770753541196,0.34453782,0.15111971,2026-04,60,5
2026-04,2406,2026-04-09,24,50,0.0796707457792675,0.07279802932332244,-0.0060241194,-0.19944224,2026-04,60,5
2026-04,4534,2026-04-09,25,48,0.0816164805880546,0.05602841981689104,-0.018442577,-0.21186069,2026-04,60,5
2026-04,4973,2026-04-09,26,29,0.1007329559165233,0.003464530172064984,0.33691272,0.1434946,2026-04,60,5
2026-04,6770,2026-04-09,27,18,0.1143583361191705,-0.0027764628264343285,0.11839708,-0.075021036,2026-04,60,5
2026-04,6643,2026-04-09,28,59,0.0750106115498481,-0.010702267754128674,0.32976446,0.13634634,2026-04,60,5
2026-04,4989,2026-04-09,29,46,0.0821704877138787,-0.014160974205079987,0.26604268,0.072624564,2026-04,60,5
2026-04,3363,2026-04-09,30,47,0.0817083869999009,-0.019649346088769705,0.053315993,-0.14010212,2026-04,60,5
