month,ticker,date,rank,rank_score,rank_label,trade_return_20d,trade_excess_return_20d
2024-01,2006,2024-01-31,1,0.059814739553015285,2,0.04858295992016792,-0.05407576635479927
2024-01,1604,2024-01-31,2,0.059814739553015285,2,0.012280693277716637,-0.09037803113460541
2024-01,2480,2024-01-31,3,0.059814739553015285,3,0.09128628671169281,-0.011372441425919533
2024-01,2912,2024-01-31,4,0.059814739553015285,1,0.0075187887996435165,-0.09513993561267853
2024-01,7709,2024-01-31,5,0.0437841711231566,4,0.15294113755226135,0.05028241127729416
2024-01,6994,2024-01-31,6,0.0437841711231566,4,0.48965513706207275,0.38699641823768616
2024-01,8473,2024-01-31,7,0.0437841711231566,4,0.18307693302631378,0.08041820675134659
2024-01,7712,2024-01-31,8,0.0437841711231566,2,0.025000009685754776,-0.07765872031450272
2024-01,7721,2024-01-31,9,0.0437841711231566,4,0.5111876726150513,0.4085289537906647
2024-01,3529,2024-01-31,10,0.026214930103071184,1,-0.012567339465022087,-0.11522606760263443
2024-01,6451,2024-01-31,11,0.026214930103071184,3,0.09333328157663345,-0.00932544656097889
2024-01,3580,2024-01-31,12,0.026214930103071184,0,-0.06724144518375397,-0.16990017890930176
2024-01,3581,2024-01-31,13,0.026214930103071184,0,-0.0317460335791111,-0.1344047635793686
2024-01,3583,2024-01-31,14,0.026214930103071184,4,0.3016241192817688,0.198965385556221
2024-01,3592,2024-01-31,15,0.026214930103071184,4,0.2346666157245636,0.1320078819990158
2024-01,3413,2024-01-31,16,0.026214930103071184,4,0.12962967157363892,0.026970943436026573
2024-01,6693,2024-01-31,17,0.026214930103071184,2,0.03253185749053955,-0.07012686878442764
2024-01,6739,2024-01-31,18,0.026214930103071184,4,0.6955016851425171,0.5928429365158081
2024-01,3324,2024-01-31,19,0.026214930103071184,4,0.6702128648757935,0.5675541162490845
2024-01,8299,2024-01-31,20,0.026214930103071184,4,0.14366723597049713,0.04100850969552994
2024-01,8415,2024-01-31,21,0.026214930103071184,1,-0.02180238999426365,-0.1244611144065857
2024-01,8227,2024-01-31,22,0.026214930103071184,0,-0.30179640650749207,-0.40445512533187866
2024-01,9958,2024-01-31,23,0.026214930103071184,2,0.040632039308547974,-0.06202668696641922
2024-01,8183,2024-01-31,24,0.026214930103071184,0,-0.03258644416928291,-0.1352451741695404
2024-01,6684,2024-01-31,25,0.026214930103071184,0,-0.1130841001868248,-0.215742826461792
2024-01,6679,2024-01-31,26,0.026214930103071184,1,-0.019079698249697685,-0.12173842638731003
2024-01,1785,2024-01-31,27,0.026214930103071184,3,0.08607592433691025,-0.016582803800702095
2024-01,6640,2024-01-31,28,0.026214930103071184,4,0.6109588146209717,0.5083000659942627
2024-01,2211,2024-01-31,29,0.026214930103071184,3,0.07964605838060379,-0.023012669757008553
2024-01,3402,2024-01-31,30,0.026214930103071184,4,0.18471339344978333,0.08205466717481613
2024-02,1307,2024-02-29,1,0.36824895161961096,4,0.10299622267484665,0.040793683379888535
2024-02,2211,2024-02-29,2,0.28395441476322536,4,0.19069762527942657,0.12849508225917816
2024-02,1108,2024-02-29,3,0.2765300361773162,2,0.0031645947601646185,-0.059037946164608
2024-02,3045,2024-02-29,4,0.2688760938252059,3,0.03658523038029671,-0.025617310777306557
2024-02,2903,2024-02-29,5,0.2688760938252059,4,0.2172132283449173,0.15501068532466888
2024-02,2412,2024-02-29,6,0.2618663892065707,3,0.04149376600980759,-0.020708775147795677
2024-02,2607,2024-02-29,7,0.24866507136732202,1,-0.06855431944131851,-0.13075685501098633
2024-02,2451,2024-02-29,8,0.2381086213567071,4,0.09213747084140778,0.029934929683804512
2024-02,3188,2024-02-29,9,0.221739397678965,4,0.5430107116699219,0.48080816864967346
2024-02,2362,2024-02-29,10,0.221739397678965,3,0.01995013654232025,-0.04225240275263786
2024-02,2528,2024-02-29,11,0.21670788201467528,4,0.22077932953834534,0.15857678651809692
2024-02,2206,2024-02-29,12,0.21395477364667542,3,0.02818787284195423,-0.03401466831564903
2024-02,1104,2024-02-29,13,0.21002153160219178,3,0.05704692378640175,-0.005155616905540228
2024-02,2474,2024-02-29,14,0.20843610526006406,4,0.10687022656202316,0.04466768726706505
2024-02,2597,2024-02-29,15,0.20436865426592282,4,0.27868834137916565,0.21648579835891724
2024-02,2505,2024-02-29,16,0.1923929272705794,4,0.2261640578508377,0.1639615148305893
2024-02,2357,2024-02-29,17,0.1665910878473773,1,-0.07330414652824402,-0.13550668954849243
2024-02,3189,2024-02-29,18,0.16585293541589224,3,0.017489824444055557,-0.04471271485090256
2024-02,2070,2024-02-29,19,0.1653882337965684,4,0.11353705078363419,0.05133451148867607
2024-02,2608,2024-02-29,20,0.16378231775320595,3,0.02239799313247204,-0.039804548025131226
2024-02,2545,2024-02-29,21,0.16285909982419805,3,0.03935189172625542,-0.022850649431347847
2024-02,2501,2024-02-29,22,0.1599845314406503,4,0.15176141262054443,0.08955886960029602
2024-02,2504,2024-02-29,23,0.15912575501328624,4,0.12035658955574036,0.05815405026078224
2024-02,2540,2024-02-29,24,0.14949039770972372,3,0.045810066163539886,-0.016392474994063377
2024-02,1319,2024-02-29,25,0.14341694385050296,4,0.2499999850988388,0.1877974420785904
2024-02,5274,2024-02-29,26,0.13875734831361727,4,0.20652182400226593,0.14431928098201752
2024-02,1504,2024-02-29,27,0.13840614194680229,4,0.15939082205295563,0.09718827903270721
2024-02,3543,2024-02-29,28,0.1372644741951044,1,-0.04609223082661629,-0.1082947701215744
2024-02,2377,2024-02-29,29,0.1312590572224731,0,-0.13020825386047363,-0.19241079688072205
2024-02,2006,2024-02-29,30,0.12785321983149067,1,-0.05818186700344086,-0.12038441002368927
2024-03,9958,2024-03-29,1,0.039146957888254286,2,0.01590909995138645,0.010875685140490532
2024-03,9955,2024-03-29,2,0.039146957888254286,4,0.29423457384109497,0.28920117020606995
2024-03,9946,2024-03-29,3,0.039146957888254286,4,0.45490196347236633,0.4498685598373413
2024-03,9945,2024-03-29,4,0.039146957888254286,4,0.09388326853513718,0.08884984999895096
2024-03,9941,2024-03-29,5,0.039146957888254286,2,0.010238923132419586,0.005205507855862379
2024-03,8404,2024-03-29,6,0.039146957888254286,4,0.10597826540470123,0.10094484686851501
2024-03,8431,2024-03-29,7,0.039146957888254286,0,-0.07253886014223099,-0.0775722786784172
2024-03,8436,2024-03-29,8,0.039146957888254286,0,-0.0677420049905777,-0.07277542352676392
2024-03,8438,2024-03-29,9,0.039146957888254286,4,0.2706093490123749,0.26557594537734985
2024-03,8454,2024-03-29,10,0.039146957888254286,4,0.13333338499069214,0.12829996645450592
2024-03,8464,2024-03-29,11,0.039146957888254286,3,0.0823863223195076,0.07735290378332138
2024-03,8261,2024-03-29,12,0.039146957888254286,0,-0.06931821256875992,-0.07435163110494614
2024-03,8271,2024-03-29,13,0.039146957888254286,1,-0.0451977513730526,-0.05023116618394852
2024-03,8289,2024-03-29,14,0.039146957888254286,0,-0.07291660457849503,-0.07795002311468124
2024-03,8299,2024-03-29,15,0.039146957888254286,2,-0.0028368839994072914,-0.007870298810303211
2024-03,8358,2024-03-29,16,0.039146957888254286,4,0.09197325259447098,0.08693983405828476
2024-03,8374,2024-03-29,17,0.039146957888254286,3,0.018003355711698532,0.012969940900802612
2024-03,8383,2024-03-29,18,0.039146957888254286,2,-0.014669990167021751,-0.01970340497791767
2024-03,8390,2024-03-29,19,0.039146957888254286,1,-0.030927840620279312,-0.03596125543117523
2024-03,8213,2024-03-29,20,0.039146957888254286,0,-0.08447486907243729,-0.0895082876086235
2024-03,8215,2024-03-29,21,0.039146957888254286,2,0.005813755560666323,0.0007803402841091156
2024-03,8222,2024-03-29,22,0.039146957888254286,1,-0.05820106714963913,-0.06323448568582535
2024-03,8227,2024-03-29,23,0.039146957888254286,0,-0.14748194813728333,-0.15251536667346954
2024-03,8234,2024-03-29,24,0.039146957888254286,3,0.061678461730480194,0.056645046919584274
2024-03,8240,2024-03-29,25,0.039146957888254286,3,0.042857035994529724,0.037823621183633804
2024-03,8249,2024-03-29,26,0.039146957888254286,2,-0.0034246500581502914,-0.008458064869046211
2024-03,8255,2024-03-29,27,0.039146957888254286,2,0.0026881974190473557,-0.0023452178575098515
2024-03,8150,2024-03-29,28,0.039146957888254286,0,-0.083832286298275,-0.08886570483446121
2024-03,8155,2024-03-29,29,0.039146957888254286,2,0.010638336651027203,0.0056049213744699955
2024-03,8162,2024-03-29,30,0.039146957888254286,1,-0.028014659881591797,-0.03304807469248772
2024-04,2313,2024-04-30,1,0.2138066067925461,0,-0.028497351333498955,-0.0905616357922554
2024-04,3045,2024-04-30,2,0.2138066067925461,1,-0.009615376591682434,-0.07167965918779373
2024-04,2345,2024-04-30,3,0.2138066067925461,4,0.15570172667503357,0.09363744407892227
2024-04,3017,2024-04-30,4,0.2138066067925461,4,0.27515703439712524,0.21309274435043335
2024-04,3044,2024-04-30,5,0.2138066067925461,3,0.06565655767917633,0.003592271823436022
2024-04,3013,2024-04-30,6,0.17793488313285552,4,0.2452317625284195,0.1831674724817276
2024-04,2387,2024-04-30,7,0.17793488313285552,1,-0.0032154542859643698,-0.06527973711490631
2024-04,2330,2024-04-30,8,0.16581868919798956,3,0.08618497848510742,0.024120692163705826
2024-04,2395,2024-04-30,9,0.15944132652841095,1,-0.020463809370994568,-0.08252809196710587
2024-04,2328,2024-04-30,10,0.1402828413297264,4,0.16885027289390564,0.10678599029779434
2024-04,1216,2024-04-30,11,0.13438036429174144,1,0.007874115370213985,-0.054190170019865036
2024-04,1702,2024-04-30,12,0.13438036429174144,1,0.009868459776043892,-0.052195824682712555
2024-04,2383,2024-04-30,13,0.12774063734018493,1,0.0023473717737942934,-0.05971691384911537
2024-04,2204,2024-04-30,14,0.12564329714285075,0,-0.10211275517940521,-0.1641770452260971
2024-04,3037,2024-04-30,15,0.1233014181030814,2,0.058171819895505905,-0.0038924659602344036
2024-04,2362,2024-04-30,16,0.12162427050546631,4,0.4911242127418518,0.4290599226951599
2024-04,2442,2024-04-30,17,0.11924982263515041,3,0.08842448890209198,0.026360202580690384
2024-04,2393,2024-04-30,18,0.11859975921788019,4,0.1360759735107422,0.07401169091463089
2024-04,2392,2024-04-30,19,0.11842231530353484,4,0.6077170372009277,0.5456527471542358
2024-04,2382,2024-04-30,20,0.11690904130470789,4,0.12992127239704132,0.06785698980093002
2024-04,2301,2024-04-30,21,0.11072623258206406,4,0.14530779421329498,0.08324351161718369
2024-04,2530,2024-04-30,22,0.10422198168892151,0,-0.07101164013147354,-0.13307592272758484
2024-04,7734,2024-04-30,23,0.10000704653337217,0,-0.15337423980236053,-0.21543852984905243
2024-04,2201,2024-04-30,24,0.09850864063205085,2,0.033236946910619736,-0.02882733941078186
2024-04,2010,2024-04-30,25,0.09627787371579336,0,-0.09534371644258499,-0.1574079990386963
2024-04,1102,2024-04-30,26,0.09627787371579336,1,-0.020594973117113113,-0.08265925943851471
2024-04,3032,2024-04-30,27,0.09582061923773202,2,0.01576869562268257,-0.046295590698719025
2024-04,3034,2024-04-30,28,0.09504263885184486,1,0.0016392342513427138,-0.0604250505566597
2024-04,3042,2024-04-30,29,0.09186891368049437,2,0.031111013144254684,-0.03095327317714691
2024-04,2351,2024-04-30,30,0.09130892484692535,4,0.1422017514705658,0.0801374688744545
2024-05,1503,2024-05-31,1,0.42041145798772345,4,0.241970032453537,0.15297740697860718
2024-05,2467,2024-05-31,2,0.35866305142456245,4,0.22661861777305603,0.13762599229812622
2024-05,2540,2024-05-31,3,0.33417057574309156,4,0.15588237345218658,0.06688974052667618
2024-05,2059,2024-05-31,4,0.31188361078686316,3,0.056276991963386536,-0.03271563723683357
2024-05,2383,2024-05-31,5,0.3058269434673075,4,0.11217189580202103,0.02317926473915577
2024-05,6139,2024-05-31,6,0.28683228770585273,4,0.20776250958442688,0.11876987665891647
2024-05,1522,2024-05-31,7,0.27850852537252113,4,0.10730940103530884,0.01831676997244358
2024-05,2368,2024-05-31,8,0.24795077600589424,2,0.02527889795601368,-0.06371372938156128
2024-05,2454,2024-05-31,9,0.2390655014196956,4,0.11857692152261734,0.029584290459752083
2024-05,2603,2024-05-31,10,0.2057465042356231,0,-0.066660076379776,-0.1556527018547058
2024-05,3563,2024-05-31,11,0.17974534229601802,3,0.08110763132572174,-0.007884999737143517
2024-05,2852,2024-05-31,12,0.1736480908574902,1,-0.029761943966150284,-0.11875457316637039
2024-05,2636,2024-05-31,13,0.1107194148745067,0,-0.1278446614742279,-0.21683728694915771
2024-05,2348,2024-05-31,14,0.09549427239648933,2,-0.006135015282779932,-0.0951276496052742
2024-05,1519,2024-05-31,15,0.09102109893129295,4,0.310924232006073,0.2219316065311432
2024-05,3583,2024-05-31,16,0.07229708424723637,4,0.16599398851394653,0.07700135558843613
2024-05,3030,2024-05-31,17,0.06563150765536205,0,-0.04933412745594978,-0.1383267641067505
2024-05,3529,2024-05-31,18,0.05270297423803572,4,0.14864866435527802,0.05965603515505791
2024-05,2545,2024-05-31,19,0.04995571448946624,1,-0.014754125848412514,-0.10374675691127777
2024-05,2731,2024-05-31,20,0.04605495404777707,1,-0.025559136644005775,-0.11455176770687103
2024-05,7734,2024-05-31,21,0.041411912098304186,3,0.06071416661143303,-0.028278464451432228
2024-05,2330,2024-05-31,22,0.027424584415398322,4,0.1582137942314148,0.06922116130590439
2024-05,5508,2024-05-31,23,0.013286754420832242,4,0.15158914029598236,0.06259650737047195
2024-05,2015,2024-05-31,24,0.010297488015563724,3,0.05616432800889015,-0.032828301191329956
2024-05,3152,2024-05-31,25,-0.0017542602302033864,1,-0.019184602424502373,-0.10817722976207733
2024-05,3010,2024-05-31,26,-0.0073994343828946586,4,0.13944219052791595,0.05044956132769585
2024-05,3004,2024-05-31,27,-0.00907261440070999,3,0.042654018849134445,-0.04633861035108566
2024-05,2327,2024-05-31,28,-0.011268074481092856,4,0.1998094618320465,0.1108168289065361
2024-05,2501,2024-05-31,29,-0.02676275247824791,0,-0.14835165441036224,-0.23734427988529205
2024-05,2020,2024-05-31,30,-0.03674257290184992,0,-0.0618877150118351,-0.1508803516626358
2024-06,1519,2024-06-28,1,0.04443826531812943,0,-0.16654014587402344,-0.13142938911914825
2024-06,1527,2024-06-28,2,0.04443826531812943,3,0.004497748799622059,0.03960850462317467
2024-06,1503,2024-06-28,3,0.04443826531812943,0,-0.15913139283657074,-0.12402063608169556
2024-06,1513,2024-06-28,4,0.04443826531812943,3,0.007874015718698502,0.042984772473573685
2024-06,1734,2024-06-28,5,0.04443826531812943,2,-0.020512977614998817,0.014597777277231216
2024-06,2330,2024-06-28,6,0.04443826531812943,2,-0.028925741091370583,0.006185013800859451
2024-06,2379,2024-06-28,7,0.04443826531812943,1,-0.07037036120891571,-0.03525960445404053
2024-06,2382,2024-06-28,8,0.04443826531812943,0,-0.13578277826309204,-0.10067202150821686
2024-06,2404,2024-06-28,9,0.04443826531812943,2,-0.03693568333983421,-0.0018249283311888576
2024-06,2383,2024-06-28,10,0.04443826531812943,1,-0.09263162314891815,-0.05752086639404297
2024-06,1582,2024-06-28,11,0.04443826531812943,2,-0.044344451278448105,-0.009233696386218071
2024-06,2385,2024-06-28,12,0.04443826531812943,1,-0.08695647120475769,-0.05184571444988251
2024-06,2441,2024-06-28,13,0.04443826531812943,2,-0.031897902488708496,0.0032128526363521814
2024-06,2495,2024-06-28,14,0.04443826531812943,0,-0.1302187591791153,-0.09510800242424011
2024-06,2493,2024-06-28,15,0.04443826531812943,1,-0.07130037993192673,-0.036189623177051544
2024-06,3026,2024-06-28,16,0.04443826531812943,1,-0.06289975345134735,-0.027788998559117317
2024-06,3014,2024-06-28,17,0.04443826531812943,1,-0.0843455120921135,-0.04923475533723831
2024-06,2360,2024-06-28,18,0.04443826531812943,2,-0.04836197569966316,-0.013251220807433128
2024-06,3017,2024-06-28,19,0.04443826531812943,0,-0.1647058129310608,-0.1295950561761856
2024-06,3023,2024-06-28,20,0.04443826531812943,4,0.1254294365644455,0.16054019331932068
2024-06,2230,2024-06-28,21,0.04443826531812943,2,-0.04558403044939041,-0.010473275557160378
2024-06,2301,2024-06-28,22,0.04443826531812943,1,-0.06728959828615189,-0.0321788415312767
2024-06,3034,2024-06-28,23,0.04443826531812943,1,-0.07778576016426086,-0.04267500340938568
2024-06,3035,2024-06-28,24,0.04443826531812943,1,-0.0887574702501297,-0.05364671349525452
2024-06,2472,2024-06-28,25,0.04443826531812943,2,-0.03154202923178673,0.0035687258932739496
2024-06,1786,2024-06-28,26,0.04443826531812943,0,-0.1674765646457672,-0.13236580789089203
2024-06,2474,2024-06-28,27,0.04443826531812943,2,-0.05740206688642502,-0.022291311994194984
2024-06,2476,2024-06-28,28,0.04443826531812943,1,-0.10313897579908371,-0.06802821904420853
2024-06,2478,2024-06-28,29,0.04443826531812943,2,-0.0569259449839592,-0.021815190091729164
2024-06,2454,2024-06-28,30,0.04443826531812943,1,-0.08700352907180786,-0.05189277231693268
2024-07,3013,2024-07-31,1,0.7614054019126824,4,0.07142853736877441,0.06371162086725235
2024-07,2383,2024-07-31,2,0.7219403130792209,2,0.00668894499540329,-0.001027972437441349
2024-07,6782,2024-07-31,3,0.6727602179195927,0,-0.10685481131076813,-0.11457172781229019
2024-07,6834,2024-07-31,4,0.6540684788782768,0,-0.07194241136312485,-0.07965932786464691
2024-07,6584,2024-07-31,5,0.6063950056956672,1,-0.034280821681022644,-0.04199773818254471
2024-07,5530,2024-07-31,6,0.6044954383156222,1,-0.030273422598838806,-0.03799033910036087
2024-07,2392,2024-07-31,7,0.6039845994833836,2,-0.011064955964684486,-0.01878187246620655
2024-07,4561,2024-07-31,8,0.5810431134702313,4,0.5894737839698792,0.5817568898200989
2024-07,3406,2024-07-31,9,0.5693311439436839,2,-0.009380863048136234,-0.017097780480980873
2024-07,4958,2024-07-31,10,0.5681539381634952,0,-0.07220214605331421,-0.07991906255483627
2024-07,2357,2024-07-31,11,0.5619132032506683,4,0.17446810007095337,0.1667511761188507
2024-07,2476,2024-07-31,12,0.5456400932262859,4,0.10147784650325775,0.09376093000173569
2024-07,6449,2024-07-31,13,0.5402630309449078,2,0.0031545364763587713,-0.004562380723655224
2024-07,6664,2024-07-31,14,0.5266289544327032,4,0.21557970345020294,0.20786277949810028
2024-07,8039,2024-07-31,15,0.5193599416968697,4,0.25402504205703735,0.2463081181049347
2024-07,1414,2024-07-31,16,0.5190429591580407,1,-0.037199150770902634,-0.0449160672724247
2024-07,4722,2024-07-31,17,0.49189967995786155,1,-0.0672268196940422,-0.07494373619556427
2024-07,2610,2024-07-31,18,0.4875414695895322,0,-0.0895196944475174,-0.09723661094903946
2024-07,1522,2024-07-31,19,0.4846421214973148,3,0.0271492600440979,0.019432343542575836
2024-07,6442,2024-07-31,20,0.4651074374137867,1,-0.03529409319162369,-0.04301100969314575
2024-07,6919,2024-07-31,21,0.43661096475437067,4,0.0694214403629303,0.061704523861408234
2024-07,2439,2024-07-31,22,0.4181608785797777,4,0.06290309876203537,0.055186182260513306
2024-07,4566,2024-07-31,23,0.39817928075669135,4,0.08415299654006958,0.07643608003854752
2024-07,2312,2024-07-31,24,0.3760852771473001,2,-0.025000015273690224,-0.03271693363785744
2024-07,2537,2024-07-31,25,0.3722035470292217,0,-0.1367347091436386,-0.14445163309574127
2024-07,6197,2024-07-31,26,0.34808778141416724,4,0.07396447658538818,0.06624756008386612
2024-07,3712,2024-07-31,27,0.34763823249396,2,-0.024305514991283417,-0.03202243149280548
2024-07,6640,2024-07-31,28,0.3331188887921053,4,0.12958714365959167,0.12187022715806961
2024-07,3362,2024-07-31,29,0.3068443319160631,3,0.020533880218863487,0.012816962786018848
2024-07,2495,2024-07-31,30,0.30478997766166493,3,0.03267975524067879,0.024962838739156723
2024-08,9958,2024-08-30,1,0.04133216576427446,1,-0.06329113990068436,-0.06133539229631424
2024-08,1101,2024-08-30,2,0.04133216576427446,3,0.02735559456050396,0.029311342164874077
2024-08,1102,2024-08-30,3,0.04133216576427446,4,0.062291376292705536,0.06424712389707565
2024-08,1103,2024-08-30,4,0.04133216576427446,2,-0.00546442111954093,-0.0035086728166788816
2024-08,1104,2024-08-30,5,0.04133216576427446,3,-0.003225875087082386,-0.001270126667805016
2024-08,1108,2024-08-30,6,0.04133216576427446,3,-0.0032894944306463003,-0.0013337460113689303
2024-08,1201,2024-08-30,7,0.04133216576427446,2,-0.013477112166583538,-0.011521363630890846
2024-08,1210,2024-08-30,8,0.04133216576427446,1,-0.03738316148519516,-0.03542741388082504
2024-08,1215,2024-08-30,9,0.04133216576427446,2,-0.013131394982337952,-0.01117564644664526
2024-08,1216,2024-08-30,10,0.04133216576427446,4,0.05313998460769653,0.05509573221206665
2024-08,1218,2024-08-30,11,0.04133216576427446,2,-0.007211486343294382,-0.00525573780760169
2024-08,1219,2024-08-30,12,0.04133216576427446,3,-7.561476422779378e-08,0.0019556728657335043
2024-08,1225,2024-08-30,13,0.04133216576427446,0,-0.12101911008358002,-0.1190633624792099
2024-08,1227,2024-08-30,14,0.04133216576427446,3,0.008951482363045216,0.010907230898737907
2024-08,8436,2024-08-30,15,0.04133216576427446,1,-0.045296166092157364,-0.04334041848778725
2024-08,8438,2024-08-30,16,0.04133216576427446,0,-0.1391485631465912,-0.13719281554222107
2024-08,8454,2024-08-30,17,0.04133216576427446,3,0.010256483219563961,0.012212231755256653
2024-08,8464,2024-08-30,18,0.04133216576427446,4,0.08510637283325195,0.08706212043762207
2024-08,8473,2024-08-30,19,0.04133216576427446,2,-0.025236569344997406,-0.02328082174062729
2024-08,8476,2024-08-30,20,0.04133216576427446,1,-0.06013745814561844,-0.05818171054124832
2024-08,8489,2024-08-30,21,0.04133216576427446,2,-0.006884642411023378,-0.004928893875330687
2024-08,8908,2024-08-30,22,0.04133216576427446,1,-0.04130440205335617,-0.03934865444898605
2024-08,8358,2024-08-30,23,0.04133216576427446,1,-0.06000006943941116,-0.058044321835041046
2024-08,8374,2024-08-30,24,0.04133216576427446,3,0.018248192965984344,0.02020394057035446
2024-08,8383,2024-08-30,25,0.04133216576427446,2,-0.01430150680243969,-0.012345758266746998
2024-08,8390,2024-08-30,26,0.04133216576427446,3,0.03434063866734505,0.036296386271715164
2024-08,8404,2024-08-30,27,0.04133216576427446,4,0.27777764201164246,0.2797333896160126
2024-08,8415,2024-08-30,28,0.04133216576427446,3,0.0029196548275649548,0.0048754033632576466
2024-08,8422,2024-08-30,29,0.04133216576427446,2,-0.03141360357403755,-0.029457855969667435
2024-08,8431,2024-08-30,30,0.04133216576427446,1,-0.034883737564086914,-0.0329279899597168
2024-09,2376,2024-09-30,1,0.581236975046612,4,0.08461542427539825,0.05961868539452553
2024-09,2609,2024-09-30,2,0.5697878130551558,3,-0.0014265358913689852,-0.026423275470733643
2024-09,2637,2024-09-30,3,0.5525525286598584,2,-0.03474899381399155,-0.05974573269486427
2024-09,1476,2024-09-30,4,0.5113810936905121,1,-0.044362299144268036,-0.06935904175043106
2024-09,1709,2024-09-30,5,0.49172993069313004,1,-0.07723575830459595,-0.10223250091075897
2024-09,2603,2024-09-30,6,0.4354552727818863,4,0.04411769285798073,0.019120953977108
2024-09,3131,2024-09-30,7,0.43367085267095223,2,-0.036931831389665604,-0.06192857027053833
2024-09,3017,2024-09-30,8,0.39452246694463683,4,0.06521739065647125,0.040220651775598526
2024-09,2497,2024-09-30,9,0.35873779145990464,0,-0.15759627521038055,-0.18259301781654358
2024-09,2330,2024-09-30,10,0.35610817585852156,4,0.05997929722070694,0.03498255833983421
2024-09,1773,2024-09-30,11,0.3412037934870492,2,-0.03098604641854763,-0.055982787162065506
2024-09,2543,2024-09-30,12,0.3296801621731332,4,0.41126564145088196,0.3862689137458801
2024-09,1570,2024-09-30,13,0.32846313308383585,1,-0.06176965311169624,-0.08676639199256897
2024-09,1436,2024-09-30,14,0.3195966277199053,3,0.007168472744524479,-0.017828267067670822
2024-09,1216,2024-09-30,15,0.29424763023035067,3,0.013729951344430447,-0.011266788467764854
2024-09,2615,2024-09-30,16,0.2849391934185829,1,-0.05800003930926323,-0.08299677819013596
2024-09,2618,2024-09-30,17,0.27529926445979824,3,5.5765490003523155e-09,-0.02499673329293728
2024-09,6409,2024-09-30,18,0.24938343195289903,3,0.024449901655316353,-0.0005468379240483046
2024-09,2059,2024-09-30,19,0.2329102694676093,4,0.14864864945411682,0.1236519068479538
2024-09,2383,2024-09-30,20,0.23173028778414975,1,-0.05426356568932533,-0.07926030457019806
2024-09,1319,2024-09-30,21,0.22754729601349274,3,0.01877935230731964,-0.00621738750487566
2024-09,2382,2024-09-30,22,0.22556477709925538,4,0.13594044744968414,0.11094370484352112
2024-09,2545,2024-09-30,23,0.22055027555849915,3,0.026845654472708702,0.0018489148933440447
2024-09,2233,2024-09-30,24,0.21918457093539445,2,-0.03603601083159447,-0.061032749712467194
2024-09,2480,2024-09-30,25,0.21053445240038693,3,0.04016067832708359,0.015163938514888287
2024-09,2504,2024-09-30,26,0.1848068216097042,4,0.09864598512649536,0.07364924252033234
2024-09,3045,2024-09-30,27,0.1787216882777354,2,-0.013043503277003765,-0.038040243089199066
2024-09,2428,2024-09-30,28,0.17869199314237366,1,-0.05128198489546776,-0.07627872377634048
2024-09,2727,2024-09-30,29,0.1649099889544387,4,0.0859728753566742,0.06097613647580147
2024-09,3025,2024-09-30,30,0.16327935034925534,4,0.16049373149871826,0.13549698889255524
2024-10,1736,2024-10-30,1,0.3783203251985998,3,0.04040399566292763,0.0632576122879982
2024-10,2301,2024-10-30,2,0.32620143208622776,3,0.04522612690925598,0.06807973980903625
2024-10,4551,2024-10-30,3,0.28656328064840686,0,-0.1072797104716301,-0.08442609757184982
2024-10,3617,2024-10-30,4,0.25770540662577457,4,0.12762510776519775,0.15047872066497803
2024-10,8114,2024-10-30,5,0.2524620636629804,4,0.5481482148170471,0.5710018277168274
2024-10,3017,2024-10-30,6,0.23900184450704542,4,0.04918035864830017,0.07203397154808044
2024-10,2382,2024-10-30,7,0.2283398075382754,2,-0.006896558217704296,0.015957055613398552
2024-10,2324,2024-10-30,8,0.22654947437112274,4,0.07871726900339127,0.10157088190317154
2024-10,3443,2024-10-30,9,0.2159477860777072,3,0.017699113115668297,0.04055272787809372
2024-10,2603,2024-10-30,10,0.2076584751838741,4,0.048309143632650375,0.07116276025772095
2024-10,2404,2024-10-30,11,0.20683241813867284,4,0.24024030566215515,0.2630939185619354
2024-10,3665,2024-10-30,12,0.20647148803133228,4,0.311617910861969,0.33447152376174927
2024-10,2449,2024-10-30,13,0.19140145081766918,3,0.02066112868487835,0.04351474344730377
2024-10,4977,2024-10-30,14,0.18834727372749133,4,0.0714285671710968,0.09428218007087708
2024-10,6768,2024-10-30,15,0.1862840946056077,4,0.17721520364284515,0.20006881654262543
2024-10,2504,2024-10-30,16,0.1836256325386265,3,0.041666749864816666,0.06452036648988724
2024-10,3711,2024-10-30,17,0.18275700070248502,3,0.010309352539479733,0.03316296637058258
2024-10,2308,2024-10-30,18,0.1827138860775594,3,0.007874039001762867,0.030727652832865715
2024-10,1402,2024-10-30,19,0.17460871084770185,1,-0.056708309799432755,-0.03385469689965248
2024-10,2059,2024-10-30,20,0.1731160223583585,4,0.13469387590885162,0.1575474888086319
2024-10,1528,2024-10-30,21,0.172571401969846,0,-0.13086417317390442,-0.10801056027412415
2024-10,2379,2024-10-30,22,0.17136259493821548,3,0.040838852524757385,0.06369246542453766
2024-10,9904,2024-10-30,23,0.16917371231829473,4,0.11066128313541412,0.1335148960351944
2024-10,2330,2024-10-30,24,0.1627221999562292,3,0.00903618149459362,0.03188979625701904
2024-10,2852,2024-10-30,25,0.16208518540133326,4,0.0814976841211319,0.10435129702091217
2024-10,3231,2024-10-30,26,0.16181095355655176,4,0.055813997983932495,0.07866761088371277
2024-10,6890,2024-10-30,27,0.15949801104069322,2,-0.00639386847615242,0.016459746286273003
2024-10,2477,2024-10-30,28,0.15089135198955395,0,-0.16801074147224426,-0.145157128572464
2024-10,2049,2024-10-30,29,0.1472179721297337,2,-0.03433481603860855,-0.011481202207505703
2024-10,2377,2024-10-30,30,0.13860416795650538,2,-0.03448278829455376,-0.011629174463450909
2024-11,2371,2024-11-29,1,0.8581231137821811,2,-0.009503710083663464,-0.05501430854201317
2024-11,3019,2024-11-29,2,0.646359684038579,4,0.6851851344108582,0.6396745443344116
2024-11,2312,2024-11-29,3,0.6228277805181663,0,-0.08862878382205963,-0.13413938879966736
2024-11,1736,2024-11-29,4,0.5928866087518144,4,0.21904762089252472,0.173537015914917
2024-11,2345,2024-11-29,5,0.5234282980548413,4,0.19354835152626038,0.14803774654865265
2024-11,1598,2024-11-29,6,0.48494696838056467,2,-0.010830332525074482,-0.05634092912077904
2024-11,1795,2024-11-29,7,0.45721643372597404,1,-0.0765305683016777,-0.12204116582870483
2024-11,1432,2024-11-29,8,0.4299129984027989,4,0.062176208943128586,0.016665611416101456
2024-11,1725,2024-11-29,9,0.42650639686548003,0,-0.10378511995077133,-0.14929571747779846
2024-11,1231,2024-11-29,10,0.4242496774039574,4,0.10416663438081741,0.05865603685379028
2024-11,2545,2024-11-29,11,0.42360867998994656,0,-0.1686430275440216,-0.21415363252162933
2024-11,2618,2024-11-29,12,0.41242383949123124,4,0.09330154955387115,0.047790952026844025
2024-11,1760,2024-11-29,13,0.40226398527822377,0,-0.09357994794845581,-0.13909055292606354
2024-11,2347,2024-11-29,14,0.38400232917221755,1,-0.052910033613443375,-0.0984206348657608
2024-11,2891,2024-11-29,15,0.3831672487116696,4,0.046419043093919754,0.0009084451012313366
2024-11,1504,2024-11-29,16,0.3724187113109997,2,-0.009293713606894016,-0.05480431020259857
2024-11,2392,2024-11-29,17,0.3721231942173833,0,-0.08999998867511749,-0.13551059365272522
2024-11,1712,2024-11-29,18,0.3626824591076057,2,-0.040838781744241714,-0.08634938299655914
2024-11,1708,2024-11-29,19,0.35404803882470437,0,-0.09820356220006943,-0.14371415972709656
2024-11,2402,2024-11-29,20,0.33175178712289227,1,-0.05903608351945877,-0.1045466810464859
2024-11,2480,2024-11-29,21,0.32400045328733035,4,0.10358572006225586,0.05807512253522873
2024-11,2885,2024-11-29,22,0.3215425468769337,4,0.046546515077352524,0.0010359170846641064
2024-11,1466,2024-11-29,23,0.30229093027583165,0,-0.170138880610466,-0.21564948558807373
2024-11,3081,2024-11-29,24,0.2938080086702607,4,0.12316712737083435,0.07765652984380722
2024-11,3230,2024-11-29,25,0.2936016948318593,4,0.09773128479719162,0.05222068727016449
2024-11,2383,2024-11-29,26,0.2752157542910063,4,0.32771337032318115,0.2822027802467346
2024-11,2606,2024-11-29,27,0.2653330512476698,1,-0.043551139533519745,-0.08906173706054688
2024-11,6923,2024-11-29,28,0.2560097537533864,1,-0.06481476873159409,-0.11032536625862122
2024-11,2314,2024-11-29,29,0.25463373805997047,4,0.16037742793560028,0.11486683040857315
2024-11,7721,2024-11-29,30,0.25432781331176735,3,-0.0012611314887180924,-0.04677173122763634
2024-12,2395,2024-12-31,1,0.8256796650045446,4,0.19448478519916534,0.17524588108062744
2024-12,1795,2024-12-31,2,0.7855342155840395,3,0.029629625380039215,0.010390727780759335
2024-12,2543,2024-12-31,3,0.7552175493330837,4,0.2135135531425476,0.1942746490240097
2024-12,2458,2024-12-31,4,0.7529269269577198,4,0.06209149211645126,0.04285259544849396
2024-12,3005,2024-12-31,5,0.737547561005482,4,0.15639814734458923,0.13715924322605133
2024-12,2520,2024-12-31,6,0.7053386017938479,2,0.005859396420419216,-0.013379501178860664
2024-12,1319,2024-12-31,7,0.6976880794488001,3,0.05381163954734802,0.03457274287939072
2024-12,2376,2024-12-31,8,0.6467388755344652,0,-0.06445673108100891,-0.08369562774896622
2024-12,2357,2024-12-31,9,0.6345154866442719,4,0.07954541593790054,0.06030651926994324
2024-12,2476,2024-12-31,10,0.6303362712771264,3,0.04572083428502083,0.026481937617063522
2024-12,3030,2024-12-31,11,0.625527812121702,4,0.07377049326896667,0.05453159660100937
2024-12,2618,2024-12-31,12,0.6105227979068599,2,0.00450962083414197,-0.014729276299476624
2024-12,2615,2024-12-31,13,0.6094457187187486,0,-0.08078333735466003,-0.10002223402261734
2024-12,3231,2024-12-31,14,0.6062367259840674,2,0.00966186448931694,-0.00957703310996294
2024-12,2610,2024-12-31,15,0.5989483870556025,0,-0.05836579203605652,-0.07760468870401382
2024-12,2204,2024-12-31,16,0.5927871821535821,3,0.040049958974123,0.020811062306165695
2024-12,2455,2024-12-31,17,0.578576252301284,2,0.003012096742168069,-0.01622680015861988
2024-12,2382,2024-12-31,18,0.5750776084381091,0,-0.11578945070505142,-0.13502834737300873
2024-12,2495,2024-12-31,19,0.5743997165784954,2,0.009389647282660007,-0.009849250316619873
2024-12,3013,2024-12-31,20,0.5726721315781207,0,-0.0777384489774704,-0.0969773456454277
2024-12,2535,2024-12-31,21,0.550721767601418,3,0.04655493050813675,0.027316033840179443
2024-12,2454,2024-12-31,22,0.5353692422956082,4,0.0931900218129158,0.0739511251449585
2024-12,3022,2024-12-31,23,0.526436459553465,3,0.048346083611249924,0.029107186943292618
2024-12,2368,2024-12-31,24,0.5213294336900937,0,-0.057851213961839676,-0.07709011435508728
2024-12,3230,2024-12-31,25,0.5200584189372075,0,-0.09430893510580063,-0.11354783177375793
2024-12,2313,2024-12-31,26,0.5197515877593291,2,8.826518893556567e-08,-0.019238809123635292
2024-12,1522,2024-12-31,27,0.5158105094549601,3,0.05371246114373207,0.034473564475774765
2024-12,1231,2024-12-31,28,0.4548125746715399,4,0.13309356570243835,0.11385466903448105
2024-12,2387,2024-12-31,29,0.4405345915578348,3,0.03606559708714485,0.016826700419187546
2024-12,3017,2024-12-31,30,0.43508739582376,0,-0.11878012865781784,-0.13801902532577515
2025-01,3036,2025-01-22,1,0.41847796048176256,0,-0.022624460980296135,0.010070405900478363
2025-01,1598,2025-01-22,2,0.39873497892786636,0,-0.027570005506277084,0.005124861374497414
2025-01,2301,2025-01-22,3,0.38451214931780375,2,0.04285714030265808,0.07555200904607773
2025-01,4722,2025-01-22,4,0.3224543161404269,4,0.2387755662202835,0.27147042751312256
2025-01,6215,2025-01-22,5,0.302982914219537,2,0.050691232085227966,0.08338610082864761
2025-01,6890,2025-01-22,6,0.2987739300721402,0,-0.06637164950370789,-0.03367678076028824
2025-01,9802,2025-01-22,7,0.2913483700995322,3,0.07971006631851196,0.11240493506193161
2025-01,3645,2025-01-22,8,0.2886233760063497,4,0.12248066812753677,0.15517553687095642
2025-01,4931,2025-01-22,9,0.2810152648022413,2,0.04661659151315689,0.07931146025657654
2025-01,2308,2025-01-22,10,0.2765813487061357,0,-0.025000039488077164,0.007694827392697334
2025-01,2328,2025-01-22,11,0.2647825547370586,4,0.15247778594493866,0.1851726472377777
2025-01,6768,2025-01-22,12,0.2632896588889041,4,0.14444449543952942,0.17713935673236847
2025-01,2415,2025-01-22,13,0.26079697632541715,2,0.03979235887527466,0.0724872276186943
2025-01,2357,2025-01-22,14,0.25769959657198105,4,0.11499998718500137,0.14769485592842102
2025-01,4991,2025-01-22,15,0.2537719149091672,0,-0.087649405002594,-0.05495453625917435
2025-01,5225,2025-01-22,16,0.24874510622200474,3,0.10588231682777405,0.1385771781206131
2025-01,5536,2025-01-22,17,0.24624202932298578,0,-0.11009175330400467,-0.07739688456058502
2025-01,3711,2025-01-22,18,0.2392128783269002,1,0.02795027382671833,0.06064514070749283
2025-01,6558,2025-01-22,19,0.2271053153083122,3,0.06902655214071274,0.10172142088413239
2025-01,4912,2025-01-22,20,0.21715822005803867,1,0.015267127193510532,0.047961995005607605
2025-01,3694,2025-01-22,21,0.2104287509182658,4,0.19475644826889038,0.22745130956172943
2025-01,1712,2025-01-22,22,0.2095579047488448,3,0.07070712745189667,0.10340199619531631
2025-01,9939,2025-01-22,23,0.206687092004493,2,0.04075229912996292,0.07344716787338257
2025-01,8935,2025-01-22,24,0.20523497574598792,2,0.05921054631471634,0.09190541505813599
2025-01,3015,2025-01-22,25,0.19881276325856087,3,0.0753532126545906,0.10804808139801025
2025-01,6670,2025-01-22,26,0.1876784569772921,3,0.06250005960464478,0.09519492834806442
2025-01,1736,2025-01-22,27,0.18199555807025683,0,-0.005319151561707258,0.027375714853405952
2025-01,2516,2025-01-22,28,0.18171539955289004,4,0.46726194024086,0.49995681643486023
2025-01,3596,2025-01-22,29,0.18154168785718355,4,0.12181299924850464,0.1545078605413437
2025-01,2480,2025-01-22,30,0.1778002919863404,4,0.13194452226161957,0.16463938355445862
2025-02,1402,2025-02-27,1,0.2446631900209872,4,0.04651159793138504,0.10942218452692032
2025-02,2101,2025-02-27,2,0.23976319727450993,0,-0.1278662532567978,-0.06495566666126251
2025-02,2597,2025-02-27,3,0.2369604221400691,4,0.05128209665417671,0.11419268697500229
2025-02,3052,2025-02-27,4,0.23390455208636665,4,0.04641343653202057,0.10932402312755585
2025-02,6805,2025-02-27,5,0.23181513381352767,2,-0.071428582072258,-0.008517995476722717
2025-02,1616,2025-02-27,6,0.23076545614079438,4,0.19900493323802948,0.26191553473472595
2025-02,1104,2025-02-27,7,0.22726916978812112,3,-0.014876017346978188,0.04803457111120224
2025-02,1215,2025-02-27,8,0.19732113035862897,3,-0.019512198865413666,0.04339838773012161
2025-02,1464,2025-02-27,9,0.19528486973419507,3,-0.02179834432899952,0.04111224412918091
2025-02,2221,2025-02-27,10,0.192843161213954,4,0.02608690783381462,0.0889974981546402
2025-02,1108,2025-02-27,11,0.18232880301091411,3,-0.01661127805709839,0.04629930853843689
2025-02,1603,2025-02-27,12,0.18161204221321503,4,0.016574542969465256,0.07948513329029083
2025-02,2206,2025-02-27,13,0.1810296866885953,4,0.028776897117495537,0.09168748557567596
2025-02,2882,2025-02-27,14,0.18042986746151998,2,-0.06841331720352173,-0.005502730142325163
2025-02,2357,2025-02-27,15,0.17941676034673681,3,-0.04179108515381813,0.021119501441717148
2025-02,2010,2025-02-27,16,0.17873907493117663,4,0.08421055227518082,0.1471211463212967
2025-02,6937,2025-02-27,17,0.1768471966881,0,-0.20270271599292755,-0.13979212939739227
2025-02,3034,2025-02-27,18,0.17516915252071674,4,0.018181832507252693,0.08109241724014282
2025-02,3044,2025-02-27,19,0.16619873722749387,2,-0.04245281592011452,0.02045777067542076
2025-02,2885,2025-02-27,20,0.16210243390876633,2,-0.04781424626708031,0.015096340328454971
2025-02,7721,2025-02-27,21,0.16162601061540754,3,-0.019704407081007957,0.04320618137717247
2025-02,2516,2025-02-27,22,0.15929499260744698,2,-0.06521739065647125,-0.0023068038281053305
2025-02,1709,2025-02-27,23,0.15560388289825627,1,-0.08775980025529861,-0.024849213659763336
2025-02,2545,2025-02-27,24,0.15469248319634177,1,-0.09115643054246902,-0.028245843946933746
2025-02,3617,2025-02-27,25,0.1520103179137711,3,-0.00806450191885233,0.054846085608005524
2025-02,6199,2025-02-27,26,0.15137377778933703,4,0.2075471729040146,0.27045777440071106
2025-02,3135,2025-02-27,27,0.15127306857717798,3,-0.026729512959718704,0.036181073635816574
2025-02,2520,2025-02-27,28,0.14975988330558346,4,0.016333946958184242,0.07924453169107437
2025-02,2838,2025-02-27,29,0.1464287924471039,4,0.09872603416442871,0.161636620759964
2025-02,1210,2025-02-27,30,0.1463673719044383,4,0.048648662865161896,0.11155924946069717
2025-03,1218,2025-03-31,1,0.05155349605732922,4,0.01225492637604475,0.03452363982796669
2025-03,9931,2025-03-31,2,0.05155349605732922,3,-0.026648014783859253,-0.0043793004006147385
2025-03,1225,2025-03-31,3,0.05155349605732922,3,-0.03420199081301689,-0.011933276429772377
2025-03,1219,2025-03-31,4,0.05155349605732922,3,-0.01048958022147417,0.011779134161770344
2025-03,8104,2025-03-31,5,0.04140208169490988,2,-0.05817170441150665,-0.03590299189090729
2025-03,2485,2025-03-31,6,0.04140208169490988,1,-0.10266155749559402,-0.08039284497499466
2025-03,5228,2025-03-31,7,0.035121898960288535,0,-0.16666670143604279,-0.14439798891544342
2025-03,1434,2025-03-31,8,0.032613182899537164,2,-0.07541907578706741,-0.05315036326646805
2025-03,1582,2025-03-31,9,0.032613182899537164,0,-0.16701675951480865,-0.1447480469942093
2025-03,1436,2025-03-31,10,0.032613182899537164,2,-0.059288498014211655,-0.03701978549361229
2025-03,1442,2025-03-31,11,0.032613182899537164,0,-0.11764705181121826,-0.0953783392906189
2025-03,1319,2025-03-31,12,0.032613182899537164,4,0.007662872783839703,0.029931586235761642
2025-03,3044,2025-03-31,13,0.032613182899537164,1,-0.0893300473690033,-0.06706133484840393
2025-03,3045,2025-03-31,14,0.032613182899537164,3,-0.025751085951924324,-0.0034823715686798096
2025-03,1708,2025-03-31,15,0.032613182899537164,1,-0.08044373989105225,-0.05817502737045288
2025-03,2059,2025-03-31,16,0.032613182899537164,4,0.048048049211502075,0.07031676173210144
2025-03,6753,2025-03-31,17,0.032613182899537164,0,-0.12070482224225998,-0.09843610972166061
2025-03,3059,2025-03-31,18,0.032613182899537164,2,-0.05714287608861923,-0.03487416356801987
2025-03,6491,2025-03-31,19,0.032613182899537164,3,-0.03064063936471939,-0.008371924981474876
2025-03,2615,2025-03-31,20,0.032613182899537164,4,0.04961832985281944,0.0718870460987091
2025-03,2617,2025-03-31,21,0.032613182899537164,1,-0.08760331571102142,-0.06533460319042206
2025-03,2618,2025-03-31,22,0.032613182899537164,2,-0.054054081439971924,-0.03178536891937256
2025-03,3694,2025-03-31,23,0.032613182899537164,1,-0.10236218571662903,-0.08009347319602966
2025-03,3019,2025-03-31,24,0.032613182899537164,2,-0.04929574206471443,-0.027027027681469917
2025-03,3617,2025-03-31,25,0.032613182899537164,4,-0.0035523883998394012,0.018716325983405113
2025-03,1609,2025-03-31,26,0.032613182899537164,1,-0.08928573131561279,-0.06701701879501343
2025-03,3030,2025-03-31,27,0.032613182899537164,3,-0.027272695675492287,-0.005003981292247772
2025-03,6691,2025-03-31,28,0.032613182899537164,4,0.0037546600215137005,0.026023374870419502
2025-03,3481,2025-03-31,29,0.032613182899537164,1,-0.10163941234350204,-0.07937069982290268
2025-03,6670,2025-03-31,30,0.032613182899537164,4,0.017118416726589203,0.03938712924718857
2025-04,6757,2025-04-30,1,0.5244675891705558,4,0.15347716212272644,0.0985095351934433
2025-04,2454,2025-04-30,2,0.49737472363622276,0,-0.08029204607009888,-0.13525967299938202
2025-04,2543,2025-04-30,3,0.4273109849447816,4,0.21951214969158173,0.16454452276229858
2025-04,1442,2025-04-30,4,0.3886782212402215,1,-0.034246549010276794,-0.08921417593955994
2025-04,2539,2025-04-30,5,0.38834221950805564,2,0.0,-0.054967623203992844
2025-04,9918,2025-04-30,6,0.35953424025887376,2,0.012820526957511902,-0.04214709624648094
2025-04,1616,2025-04-30,7,0.3359265884295012,4,0.09016399830579758,0.03519637510180473
2025-04,3045,2025-04-30,8,0.3198586841146189,2,0.004405345302075148,-0.05056227743625641
2025-04,3044,2025-04-30,9,0.2998715226269748,4,0.15675677359104156,0.10178914666175842
2025-04,2301,2025-04-30,10,0.2728163561911311,3,0.05072467774152756,-0.004242946393787861
2025-04,2603,2025-04-30,11,0.2518410246118858,4,0.1754807084798813,0.12051308155059814
2025-04,1210,2025-04-30,12,0.2505895125083729,3,0.06521747261285782,0.0102498484775424
2025-04,1102,2025-04-30,13,0.24130517556066938,0,-0.07000001519918442,-0.12496764212846756
2025-04,4904,2025-04-30,14,0.20637039015126418,2,0.006984848063439131,-0.047982774674892426
2025-04,2466,2025-04-30,15,0.1902476389095518,1,-0.04222225770354271,-0.09718988090753555
2025-04,2023,2025-04-30,16,0.17564534932285278,1,-0.037974707782268524,-0.09294233471155167
2025-04,2618,2025-04-30,17,0.16723148916302447,3,0.05692103132605553,0.0019534071907401085
2025-04,2368,2025-04-30,18,0.16664551422553264,4,0.3299233019351959,0.274955689907074
2025-04,2597,2025-04-30,19,0.15805755338545666,3,0.04970760643482208,-0.005260017700493336
2025-04,2412,2025-04-30,20,0.1545641873631137,2,-2.6904078964662403e-08,-0.05496764928102493
2025-04,1215,2025-04-30,21,0.15400117213660325,4,0.1560368835926056,0.10106925666332245
2025-04,2402,2025-04-30,22,0.14909181419826933,2,0.03367879241704941,-0.021288830786943436
2025-04,1342,2025-04-30,23,0.14385565055265337,1,-0.0031813683453947306,-0.05814899131655693
2025-04,2105,2025-04-30,24,0.1326076550664404,2,0.029382014647126198,-0.025585608556866646
2025-04,2727,2025-04-30,25,0.12373502983621452,4,0.12000001966953278,0.06503239274024963
2025-04,3078,2025-04-30,26,0.11927227454121146,4,0.1135135367512703,0.05854591354727745
2025-04,3036,2025-04-30,27,0.1184679779902646,3,0.05982908234000206,0.004861458204686642
2025-04,1231,2025-04-30,28,0.11511877238999128,3,0.053846221417188644,-0.0011214027181267738
2025-04,3029,2025-04-30,29,0.11115933691406438,0,-0.08399999886751175,-0.1389676183462143
2025-04,1524,2025-04-30,30,0.1077488232748623,0,-0.08827783912420273,-0.14324545860290527
2025-05,3036,2025-05-29,1,0.2589335930132377,4,0.08979589492082596,0.032047174870967865
2025-05,1587,2025-05-29,2,0.23262378542444037,3,0.02629728801548481,-0.03145143389701843
2025-05,4551,2025-05-29,3,0.20226041985506032,4,0.3082626760005951,0.2505139410495758
2025-05,2905,2025-05-29,4,0.2017094603682853,1,-0.01574801653623581,-0.0734967365860939
2025-05,1906,2025-05-29,5,0.18557289040170796,1,-0.019685037434101105,-0.0774337574839592
2025-05,2421,2025-05-29,6,0.1848996815229529,3,0.021765999495983124,-0.03598272055387497
2025-05,2345,2025-05-29,7,0.16969265715774498,2,-0.013477113097906113,-0.0712258368730545
2025-05,2015,2025-05-29,8,0.16783940632979455,3,0.026856252923607826,-0.030892467126250267
2025-05,2258,2025-05-29,9,0.16264370152299185,1,-0.0259593166410923,-0.08370804041624069
2025-05,1563,2025-05-29,10,0.15922859443949114,1,-0.03914594650268555,-0.09689466655254364
2025-05,8464,2025-05-29,11,0.15777358996462587,1,-0.044548653066158295,-0.10229737311601639
2025-05,1104,2025-05-29,12,0.1576928447825624,1,-0.019436685368418694,-0.07718540728092194
2025-05,2201,2025-05-29,13,0.1561866417440339,1,-0.04696130380034447,-0.10471002757549286
2025-05,2233,2025-05-29,14,0.15276978950915457,4,0.21739138662815094,0.15964266657829285
2025-05,3078,2025-05-29,15,0.15251007346613968,2,-0.007290475070476532,-0.06503919512033463
2025-05,2903,2025-05-29,16,0.1514700035002179,2,0.0027781303506344557,-0.05497058853507042
2025-05,3044,2025-05-29,17,0.15118006385656774,4,0.16627079248428345,0.10852207243442535
2025-05,2243,2025-05-29,18,0.15113006824320133,3,0.03846152126789093,-0.019287198781967163
2025-05,1108,2025-05-29,19,0.15073577273578576,1,-0.019801968708634377,-0.07755068689584732
2025-05,3022,2025-05-29,20,0.15016938086157114,0,-0.05734764412045479,-0.11509636789560318
2025-05,6763,2025-05-29,21,0.14505081703035946,4,0.19962693750858307,0.14187821745872498
2025-05,3005,2025-05-29,22,0.14355584050773615,1,-0.025353774428367615,-0.08310249447822571
2025-05,1522,2025-05-29,23,0.14241854392816866,3,0.021436164155602455,-0.03631255775690079
2025-05,8454,2025-05-29,24,0.1381068579580606,1,-0.045425403863191605,-0.10317412763834
2025-05,2308,2025-05-29,25,0.13724872738172317,4,0.13265764713287354,0.07490892708301544
2025-05,8044,2025-05-29,26,0.131985607942124,0,-0.07599996030330658,-0.13374868035316467
2025-05,6605,2025-05-29,27,0.13153606839307158,4,0.08587262034416199,0.028123900294303894
2025-05,2360,2025-05-29,28,0.12953287698428945,4,0.3286588490009308,0.2709101140499115
2025-05,6414,2025-05-29,29,0.12906142245682406,1,-0.02282538264989853,-0.08057410269975662
2025-05,8422,2025-05-29,30,0.12816918878879568,2,-0.013049722649157047,-0.07079844176769257
2025-06,3056,2025-06-30,1,0.10266754510819222,3,0.026825694367289543,-0.025158485397696495
2025-06,2851,2025-06-30,2,0.10266754510819222,2,0.0,-0.05198417976498604
2025-06,2850,2025-06-30,3,0.10266754510819222,1,-0.02735559269785881,-0.07933977246284485
2025-06,2062,2025-06-30,4,0.10266754510819222,2,0.014314865693449974,-0.03766931593418121
2025-06,3217,2025-06-30,5,0.09541769092672452,4,0.14030076563358307,0.08831658214330673
2025-06,2467,2025-06-30,6,0.09541769092672452,1,-0.019607843831181526,-0.07159202545881271
2025-06,2317,2025-06-30,7,0.09541769092672452,4,0.1293620467185974,0.07737786322832108
2025-06,2327,2025-06-30,8,0.09541769092672452,4,0.08793456107378006,0.03595038130879402
2025-06,2301,2025-06-30,9,0.09541769092672452,4,0.12162160873413086,0.06963742524385452
2025-06,1612,2025-06-30,10,0.09541769092672452,1,-0.01233751606196165,-0.06432169675827026
2025-06,1603,2025-06-30,11,0.09541769092672452,1,-0.01538457628339529,-0.0673687532544136
2025-06,2379,2025-06-30,12,0.09541769092672452,2,0.01587301678955555,-0.03611116483807564
2025-06,2006,2025-06-30,13,0.08512562896886501,2,0.018957357853651047,-0.03302682191133499
2025-06,2472,2025-06-30,14,0.08512562896886501,2,0.0026076037902384996,-0.04937657713890076
2025-06,2010,2025-06-30,15,0.08512562896886501,3,0.050131864845752716,-0.001852315734140575
2025-06,2201,2025-06-30,16,0.08512562896886501,2,0.010355153121054173,-0.04162902757525444
2025-06,2211,2025-06-30,17,0.08512562896886501,2,0.01362798921763897,-0.03835619240999222
2025-06,3038,2025-06-30,18,0.08512562896886501,1,-0.0067415558733046055,-0.058725737035274506
2025-06,1527,2025-06-30,19,0.08512562896886501,3,0.030955523252487183,-0.021028656512498856
2025-06,2069,2025-06-30,20,0.08512562896886501,2,0.013605429790914059,-0.038378749042749405
2025-06,1720,2025-06-30,21,0.08512562896886501,2,0.005244717001914978,-0.04673946276307106
2025-06,1227,2025-06-30,22,0.08290685218192832,2,0.016235804185271263,-0.035748377442359924
2025-06,6776,2025-06-30,23,0.08135035056678583,2,0.0050549875013530254,-0.046929191797971725
2025-06,6835,2025-06-30,24,0.08135035056678583,0,-0.06636159121990204,-0.11834577471017838
2025-06,3694,2025-06-30,25,0.08135035056678583,2,0.014910407364368439,-0.0370737724006176
2025-06,9925,2025-06-30,26,0.08135035056678583,2,0.0261766966432333,-0.02580748312175274
2025-06,6191,2025-06-30,27,0.08135035056678583,4,0.36766669154167175,0.3156825006008148
2025-06,6196,2025-06-30,28,0.08135035056678583,4,0.13676880300045013,0.0847846195101738
2025-06,6414,2025-06-30,29,0.08135035056678583,3,0.04123711213469505,-0.01074706856161356
2025-06,4904,2025-06-30,30,0.08135035056678583,0,-0.09141580015420914,-0.14339998364448547
2025-07,2351,2025-07-31,1,0.15021597434095016,4,0.19515477120876312,0.1656791865825653
2025-07,2462,2025-07-31,2,0.1477224161524738,0,-0.028169045224785805,-0.05764463543891907
2025-07,2476,2025-07-31,3,0.1477224161524738,4,0.3456166386604309,0.3161410391330719
2025-07,2316,2025-07-31,4,0.1477224161524738,4,0.42500001192092896,0.39552441239356995
2025-07,2313,2025-07-31,5,0.1477224161524738,4,0.2515431344509125,0.22206754982471466
2025-07,2355,2025-07-31,6,0.1477224161524738,4,0.19033673405647278,0.16086114943027496
2025-07,2328,2025-07-31,7,0.1477224161524738,4,0.37704914808273315,0.34757354855537415
2025-07,2472,2025-07-31,8,0.1477224161524738,4,0.17995359003543854,0.15047800540924072
2025-07,3044,2025-07-31,9,0.1477224161524738,3,0.14821428060531616,0.11873868852853775
2025-07,2367,2025-07-31,10,0.1477224161524738,3,0.11796733736991882,0.08849174529314041
2025-07,2420,2025-07-31,11,0.1477224161524738,2,0.06708866357803345,0.037613071501255035
2025-07,2402,2025-07-31,12,0.1477224161524738,4,0.5538656115531921,0.5243900418281555
2025-07,3023,2025-07-31,13,0.1477224161524738,1,0.0040671261958777905,-0.025408465415239334
2025-07,2428,2025-07-31,14,0.1477224161524738,3,0.14310497045516968,0.11362937837839127
2025-07,2108,2025-07-31,15,0.1375231069814276,2,0.06342494487762451,0.0339493528008461
2025-07,2543,2025-07-31,16,0.13629974162923766,1,-0.009109391830861568,-0.038584984838962555
2025-07,2527,2025-07-31,17,0.13629974162923766,0,-0.03695576265454292,-0.06643135100603104
2025-07,2385,2025-07-31,18,0.13551368798429095,2,0.05343511328101158,0.02395952120423317
2025-07,2375,2025-07-31,19,0.1277445275943528,2,0.0594729445874691,0.02999735251069069
2025-07,2504,2025-07-31,20,0.1275570953732211,1,0.014965965412557125,-0.014509625732898712
2025-07,2520,2025-07-31,21,0.1275570953732211,0,-0.17189250886440277,-0.20136809349060059
2025-07,1477,2025-07-31,22,0.1275570953732211,2,0.03437085077166557,0.0048952591605484486
2025-07,2850,2025-07-31,23,0.1275570953732211,3,0.141649067401886,0.11217347532510757
2025-07,2855,2025-07-31,24,0.12263120585944028,3,0.09736844152212143,0.06789284944534302
2025-07,1464,2025-07-31,25,0.11420724903386952,0,-0.10864657908678055,-0.13812217116355896
2025-07,3045,2025-07-31,26,0.10962101113177788,1,0.004716981202363968,-0.024758610874414444
2025-07,3034,2025-07-31,27,0.10962101113177788,0,-0.0793650820851326,-0.10884067416191101
2025-07,3188,2025-07-31,28,0.10445956220754571,2,0.05323199927806854,0.02375640720129013
2025-07,2530,2025-07-31,29,0.10445956220754571,3,0.09999997168779373,0.07052437961101532
2025-07,2010,2025-07-31,30,0.10406517715465474,2,0.06923078745603561,0.0397551953792572
2025-08,2428,2025-08-29,1,0.5607476051603574,4,0.13245032727718353,0.0768560916185379
2025-08,2313,2025-08-29,2,0.5181303826953261,0,-0.11481485515832901,-0.17040909826755524
2025-08,2421,2025-08-29,3,0.516903741184085,0,-0.11355311423540115,-0.16914735734462738
2025-08,2476,2025-08-29,4,0.47310890148582263,3,-0.004878048785030842,-0.060472287237644196
2025-08,3044,2025-08-29,5,0.4600502314549486,0,-0.09937888383865356,-0.1549731194972992
2025-08,2308,2025-08-29,6,0.3797420872053112,4,0.2011331468820572,0.14553891122341156
2025-08,1773,2025-08-29,7,0.37857104773959066,1,-0.05673758685588837,-0.112331822514534
2025-08,3037,2025-08-29,8,0.37774834869434454,3,0.038327526301145554,-0.017266711220145226
2025-08,2472,2025-08-29,9,0.3591120099524562,2,-0.03054303675889969,-0.08613727241754532
2025-08,2204,2025-08-29,10,0.33603833019036333,4,0.06610172241926193,0.010507484897971153
2025-08,2497,2025-08-29,11,0.3216042930014399,1,-0.08460070192813873,-0.14019493758678436
2025-08,2329,2025-08-29,12,0.3209589484777012,2,-0.02013426274061203,-0.07572849839925766
2025-08,1560,2025-08-29,13,0.3145455929183316,1,-0.07082153111696243,-0.12641577422618866
2025-08,1514,2025-08-29,14,0.3108816598552007,0,-0.12227074056863785,-0.17786498367786407
2025-08,2614,2025-08-29,15,0.2910560787556577,4,0.17827290296554565,0.12267866730690002
2025-08,2451,2025-08-29,16,0.2813866343570374,3,0.03940886631608009,-0.016185371205210686
2025-08,2420,2025-08-29,17,0.2709940278082865,0,-0.0967741534113884,-0.15236839652061462
2025-08,2383,2025-08-29,18,0.27069309775802736,3,0.012396694160997868,-0.04319754242897034
2025-08,2233,2025-08-29,19,0.2690205230126002,0,-0.2043222039937973,-0.2599164545536041
2025-08,2449,2025-08-29,20,0.2637051593438685,2,-0.040123455226421356,-0.09571769088506699
2025-08,2206,2025-08-29,21,0.2577976792109331,2,-0.04301074147224426,-0.09860497713088989
2025-08,3042,2025-08-29,22,0.2559030231398079,3,0.006764443125575781,-0.04882979393005371
2025-08,1342,2025-08-29,23,0.24463249627150635,1,-0.05752217397093773,-0.11311641335487366
2025-08,2478,2025-08-29,24,0.21048400279981816,4,0.22811053693294525,0.17251630127429962
2025-08,2317,2025-08-29,25,0.21033793050447108,4,0.08128079026937485,0.02568655274808407
2025-08,1503,2025-08-29,26,0.19821684189864056,0,-0.12439024448394775,-0.17998448014259338
2025-08,2454,2025-08-29,27,0.19746995636834294,2,-0.043795619159936905,-0.09938985854387283
2025-08,2404,2025-08-29,28,0.19507848142999326,0,-0.2644897997379303,-0.3200840353965759
2025-08,2467,2025-08-29,29,0.192461211387521,1,-0.07196030020713806,-0.1275545358657837
2025-08,2402,2025-08-29,30,0.1827141865100524,0,-0.18780486285686493,-0.24339909851551056
2025-09,8390,2025-09-30,1,0.05755745766538774,0,-0.09322042018175125,-0.18666581809520721
2025-09,8374,2025-09-30,2,0.05755745766538774,0,-0.10020244121551514,-0.1936478316783905
2025-09,1101,2025-09-30,3,0.05755745766538774,0,-0.09053493291139603,-0.183980330824852
2025-09,3317,2025-09-30,4,0.05755745766538774,3,0.04814812168478966,-0.045297276228666306
2025-09,3338,2025-09-30,5,0.05755745766538774,0,-0.09246578067541122,-0.1859111785888672
2025-09,3533,2025-09-30,6,0.05755745766538774,0,-0.11254019290208817,-0.20598559081554413
2025-09,3376,2025-09-30,7,0.05755745766538774,0,-0.1958174854516983,-0.28926289081573486
2025-09,3379,2025-09-30,8,0.05755745766538774,2,-0.022608682513237,-0.11605408042669296
2025-09,3388,2025-09-30,9,0.05755745766538774,2,-0.026687609031796455,-0.12013300508260727
2025-09,3357,2025-09-30,10,0.05755745766538774,4,0.15325669944286346,0.0598113015294075
2025-09,3556,2025-09-30,11,0.05755745766538774,2,-0.006527415476739407,-0.09997281432151794
2025-09,3402,2025-09-30,12,0.05755745766538774,0,-0.09363295882940292,-0.1870783567428589
2025-09,3413,2025-09-30,13,0.05755745766538774,4,0.2346089780330658,0.14116358757019043
2025-09,3416,2025-09-30,14,0.05755745766538774,0,-0.07821229100227356,-0.17165768146514893
2025-09,3583,2025-09-30,15,0.05755745766538774,0,-0.09275730699300766,-0.18620270490646362
2025-09,3587,2025-09-30,16,0.05755745766538774,2,-0.009756097570061684,-0.1032014936208725
2025-09,3588,2025-09-30,17,0.05755745766538774,0,-0.09644197672605515,-0.1898873746395111
2025-09,3596,2025-09-30,18,0.05755745766538774,0,-0.08200455456972122,-0.17544995248317719
2025-09,7709,2025-09-30,19,0.05755745766538774,3,0.03866668790578842,-0.05477871000766754
2025-09,7712,2025-09-30,20,0.05755745766538774,0,-0.17216117680072784,-0.2656065821647644
2025-09,7721,2025-09-30,21,0.05755745766538774,2,-0.039024416357278824,-0.13246981799602509
2025-09,7728,2025-09-30,22,0.05755745766538774,2,-0.02184087410569191,-0.11528626829385757
2025-09,6923,2025-09-30,23,0.05755745766538774,0,-0.1280701607465744,-0.22151555120944977
2025-09,6933,2025-09-30,24,0.05755745766538774,4,0.13008129596710205,0.03663589805364609
2025-09,6937,2025-09-30,25,0.05755745766538774,3,0.0078125,-0.08563289791345596
2025-09,7749,2025-09-30,26,0.05755745766538774,1,-0.059454191476106644,-0.1528995931148529
2025-09,8021,2025-09-30,27,0.05755745766538774,4,0.12857143580913544,0.035126037895679474
2025-09,1734,2025-09-30,28,0.05755745766538774,3,0.05409841239452362,-0.03934698551893234
2025-09,1760,2025-09-30,29,0.05755745766538774,1,-0.06760567426681519,-0.16105106472969055
2025-09,1784,2025-09-30,30,0.05755745766538774,4,0.31959137320518494,0.22614598274230957
2025-10,3093,2025-10-31,1,0.1717751215686399,3,0.012096820399165154,0.033591583371162415
2025-10,5203,2025-10-31,2,0.1717751215686399,4,0.06382978707551956,0.08532454818487167
2025-10,4953,2025-10-31,3,0.15738222185019363,3,0.00800000037997961,0.029494762420654297
2025-10,6664,2025-10-31,4,0.15261544944620503,1,-0.08007117360830307,-0.05857641249895096
2025-10,2375,2025-10-31,5,0.15261544944620503,2,-0.014736858196556568,0.006757904309779406
2025-10,6894,2025-10-31,6,0.15261544944620503,0,-0.08883827179670334,-0.06734351068735123
2025-10,8422,2025-10-31,7,0.14553909135059387,3,0.014492769725620747,0.03598753362894058
2025-10,6235,2025-10-31,8,0.14553909135059387,0,-0.1566433608531952,-0.13514859974384308
2025-10,3357,2025-10-31,9,0.13822254972775877,4,0.06270626932382584,0.08420103043317795
2025-10,2049,2025-10-31,10,0.13822254972775877,0,-0.13646532595157623,-0.11497056484222412
2025-10,6913,2025-10-31,11,0.13822254972775877,0,-0.16040955483913422,-0.1389147937297821
2025-10,3088,2025-10-31,12,0.13822254972775877,1,-0.060753338038921356,-0.039258576929569244
2025-10,6278,2025-10-31,13,0.13822254972775877,1,-0.06818182021379471,-0.046687059104442596
2025-10,1514,2025-10-31,14,0.13822254972775877,0,-0.15739129483699799,-0.13589653372764587
2025-10,8155,2025-10-31,15,0.13822254972775877,4,0.05325443670153618,0.07474920153617859
2025-10,6151,2025-10-31,16,0.13575754894029818,3,0.021818196401000023,0.043312959372997284
2025-10,4912,2025-10-31,17,0.13563658065907336,4,0.06382981687784195,0.08532457798719406
2025-10,8021,2025-10-31,18,0.13537058419010145,4,0.13389120995998383,0.15538597106933594
2025-10,6743,2025-10-31,19,0.13356258480931402,3,-0.0033783912658691406,0.01811637170612812
2025-10,5434,2025-10-31,20,0.1311461916321476,0,-0.133237823843956,-0.11174306273460388
2025-10,2461,2025-10-31,21,0.12951266240331705,2,-0.009708713740110397,0.011786048300564289
2025-10,6603,2025-10-31,22,0.12709626922615064,4,0.10230179131031036,0.12379655241966248
2025-10,8042,2025-10-31,23,0.12709626922615064,4,0.3225433826446533,0.3440381586551666
2025-10,1815,2025-10-31,24,0.12709626922615064,4,0.11156458407640457,0.13305935263633728
2025-10,8261,2025-10-31,25,0.12381284393234203,1,-0.08374384045600891,-0.0622490793466568
2025-10,8091,2025-10-31,26,0.12381284393234203,4,0.06481481343507767,0.08630957454442978
2025-10,2441,2025-10-31,27,0.12381284393234203,3,0.0,0.02149476297199726
2025-10,6568,2025-10-31,28,0.12381284393234203,0,-0.09502262622117996,-0.07352786511182785
2025-10,5222,2025-10-31,29,0.12381284393234203,2,-0.018518518656492233,0.002976243617013097
2025-10,5236,2025-10-31,30,0.12381284393234203,0,-0.09558823704719543,-0.07409347593784332
2025-11,3135,2025-11-28,1,0.10499044105774492,4,0.3367469012737274,0.2938746213912964
2025-11,9907,2025-11-28,2,0.10499044105774492,1,-0.026737967506051064,-0.06961024552583694
2025-11,1104,2025-11-28,3,0.10499044105774492,0,-0.043130941689014435,-0.08600322157144547
2025-11,8390,2025-11-28,4,0.0594327212968928,3,0.07339451462030411,0.030522236600518227
2025-11,1409,2025-11-28,5,0.05701439697195563,0,-0.06481488049030304,-0.10768716037273407
2025-11,3189,2025-11-28,6,0.056851224778227766,3,0.04878048598766327,0.005908207967877388
2025-11,3702,2025-11-28,7,0.056851224778227766,0,-0.15463916957378387,-0.1975114494562149
2025-11,6138,2025-11-28,8,0.056851224778227766,0,-0.11434511095285416,-0.1572173833847046
2025-11,3037,2025-11-28,9,0.056851224778227766,4,0.1605263203382492,0.11765404045581818
2025-11,3264,2025-11-28,10,0.056851224778227766,4,0.21739129722118378,0.17451901733875275
2025-11,2903,2025-11-28,11,0.056247180448461366,0,-0.07916665077209473,-0.12203893065452576
2025-11,2548,2025-11-28,12,0.05269307356595881,4,0.13461539149284363,0.0917431116104126
2025-11,6505,2025-11-28,13,0.05232304315235253,0,-0.06130269542336464,-0.10417497158050537
2025-11,6712,2025-11-28,14,0.04826002986866675,1,-0.03478260710835457,-0.0776548832654953
2025-11,6664,2025-11-28,15,0.04826002986866675,4,0.18023255467414856,0.13736027479171753
2025-11,6109,2025-11-28,16,0.04826002986866675,1,-0.039840638637542725,-0.08271291851997375
2025-11,2905,2025-11-28,17,0.04826002986866675,1,-0.012539173476397991,-0.0554114505648613
2025-11,6435,2025-11-28,18,0.04826002986866675,0,-0.043478261679410934,-0.08635053783655167
2025-11,6170,2025-11-28,19,0.04826002986866675,0,-0.04150574654340744,-0.08437802642583847
2025-11,3689,2025-11-28,20,0.04702968890537205,3,0.0714285746216774,0.028556296601891518
2025-11,3715,2025-11-28,21,0.04702968890537205,2,0.014450923539698124,-0.02842135541141033
2025-11,6274,2025-11-28,22,0.04702968890537205,4,0.15269805490970612,0.10982577502727509
2025-11,6223,2025-11-28,23,0.04702968890537205,1,-0.013274336233735085,-0.056146614253520966
2025-11,4967,2025-11-28,24,0.04702968890537205,4,0.23333333432674408,0.19046105444431305
2025-11,2614,2025-11-28,25,0.04702968890537205,2,-0.004357315134257078,-0.0472295917570591
2025-11,6515,2025-11-28,26,0.04702968890537205,1,-0.019434629008173943,-0.062306907027959824
2025-11,6781,2025-11-28,27,0.04702968890537205,0,-0.0662020891904831,-0.10907436907291412
2025-11,6770,2025-11-28,28,0.04702968890537205,4,0.14927540719509125,0.10640312731266022
2025-11,6805,2025-11-28,29,0.04702968890537205,2,0.02866242080926895,-0.01420985721051693
2025-11,6290,2025-11-28,30,0.04702968890537205,2,0.005524862091988325,-0.03734741732478142
2025-12,8358,2025-12-31,1,0.04304266040790928,0,-0.06890459358692169,-0.1922549307346344
2025-12,8299,2025-12-31,2,0.04304266040790928,4,0.5841924548149109,0.460842102766037
2025-12,9931,2025-12-31,3,0.04304266040790928,1,0.0029498073272407055,-0.12040053308010101
2025-12,9945,2025-12-31,4,0.04304266040790928,1,-0.018394622951745987,-0.1417449712753296
2025-12,1102,2025-12-31,5,0.04304266040790928,0,-0.0445343516767025,-0.1678846925497055
2025-12,9939,2025-12-31,6,0.04304266040790928,1,0.008196720853447914,-0.11515361815690994
2025-12,1104,2025-12-31,7,0.04304266040790928,1,0.0016666412120684981,-0.12168370187282562
2025-12,9938,2025-12-31,8,0.04304266040790928,1,0.0,-0.1233503445982933
2025-12,9935,2025-12-31,9,0.04304266040790928,1,0.0024938227143138647,-0.12085651606321335
2025-12,1402,2025-12-31,10,0.04304266040790928,2,0.01618707738816738,-0.10716326534748077
2025-12,1342,2025-12-31,11,0.04304266040790928,2,0.04894326627254486,-0.07440707832574844
2025-12,8249,2025-12-31,12,0.04304266040790928,4,0.2584493160247803,0.13509897887706757
2025-12,8240,2025-12-31,13,0.04304266040790928,3,0.14016175270080566,0.01681140996515751
2025-12,8936,2025-12-31,14,0.04304266040790928,0,-0.05797102674841881,-0.18132136762142181
2025-12,5478,2025-12-31,15,0.04304266040790928,2,0.04145599901676178,-0.08189434558153152
2025-12,5483,2025-12-31,16,0.04304266040790928,3,0.1294790655374527,0.00612872326746583
2025-12,3533,2025-12-31,17,0.04304266040790928,3,0.12741312384605408,0.004062781576067209
2025-12,3545,2025-12-31,18,0.04304266040790928,2,0.058027077466249466,-0.06532326340675354
2025-12,5904,2025-12-31,19,0.04304266040790928,0,-0.08418657630681992,-0.20753692090511322
2025-12,5530,2025-12-31,20,0.04304266040790928,3,0.10169489681720734,-0.02165544591844082
2025-12,5536,2025-12-31,21,0.04304266040790928,0,-0.13476549088954926,-0.25811582803726196
2025-12,3529,2025-12-31,22,0.04304266040790928,3,0.1011560708284378,-0.02219427190721035
2025-12,3483,2025-12-31,23,0.04304266040790928,0,-0.07684213668107986,-0.20019248127937317
2025-12,3484,2025-12-31,24,0.04304266040790928,2,0.037656888365745544,-0.08569345623254776
2025-12,3551,2025-12-31,25,0.04304266040790928,0,-0.07035175710916519,-0.1937021017074585
2025-12,3556,2025-12-31,26,0.04304266040790928,4,0.21951214969158173,0.09616180509328842
2025-12,3580,2025-12-31,27,0.04304266040790928,2,0.03343460336327553,-0.08991573750972748
2025-12,3532,2025-12-31,28,0.04304266040790928,4,0.5356394052505493,0.4122890532016754
2025-12,8110,2025-12-31,29,0.04304266040790928,4,0.35910648107528687,0.23575614392757416
2025-12,8070,2025-12-31,30,0.04304266040790928,3,0.07630975544452667,-0.047040585428476334
2026-01,3711,2026-01-30,1,0.3558620010963926,4,0.17517006397247314,0.11122117191553116
2026-01,3034,2026-01-30,2,0.32693981738326927,3,0.03187251091003418,-0.032076384872198105
2026-01,2330,2026-01-30,3,0.30346966826693667,4,0.10857142508029938,0.04462252929806709
2026-01,3044,2026-01-30,4,0.3025982406594901,1,-0.055482167750597,-0.11943106353282928
2026-01,2449,2026-01-30,5,0.29272175752722296,3,0.05699481815099716,-0.006954077631235123
2026-01,3260,2026-01-30,6,0.28980146291353787,2,0.0014285714132711291,-0.06252032518386841
2026-01,2308,2026-01-30,7,0.2874863322797321,4,0.18143460154533386,0.11748570948839188
2026-01,2404,2026-01-30,8,0.28218967626689856,4,0.2109375,0.14698860049247742
2026-01,1503,2026-01-30,9,0.2725573863668141,1,-0.07126948982477188,-0.13521838188171387
2026-01,2454,2026-01-30,10,0.27056606653203835,3,0.029154518619179726,-0.03479437530040741
2026-01,5434,2026-01-30,11,0.2546404805440159,3,0.03405572846531868,-0.029893167316913605
2026-01,2303,2026-01-30,12,0.24941235757113794,2,-0.0016051119891926646,-0.06555400788784027
2026-01,3264,2026-01-30,13,0.24672089089112878,2,-0.009646302089095116,-0.07359519600868225
2026-01,4967,2026-01-30,14,0.24672089089112878,0,-0.21074379980564117,-0.27469268441200256
2026-01,6138,2026-01-30,15,0.24672089089112878,0,-0.075396828353405,-0.13934572041034698
2026-01,6640,2026-01-30,16,0.24672089089112878,4,0.23461538553237915,0.17066648602485657
2026-01,1301,2026-01-30,17,0.24619075245002128,2,0.012889415957033634,-0.051059480756521225
2026-01,2379,2026-01-30,18,0.24088004603266852,2,-0.019648397341370583,-0.08359729498624802
2026-01,3665,2026-01-30,19,0.24033645057219025,4,0.30314961075782776,0.23920071125030518
2026-01,8299,2026-01-30,20,0.23571310177096388,0,-0.1599999964237213,-0.2239488959312439
2026-01,6139,2026-01-30,21,0.23219523401717712,1,-0.05000000074505806,-0.11394889652729034
2026-01,6472,2026-01-30,22,0.2278496304793881,0,-0.21345515549182892,-0.2774040400981903
2026-01,2383,2026-01-30,23,0.2267853157807309,4,0.4244185984134674,0.3604696989059448
2026-01,5274,2026-01-30,24,0.22411562005953295,4,0.12158393859863281,0.05763504281640053
2026-01,6510,2026-01-30,25,0.2053717493844706,4,0.13808801770210266,0.07413912564516068
2026-01,6683,2026-01-30,26,0.20379047590361926,4,0.7675940990447998,0.7036452293395996
2026-01,2451,2026-01-30,27,0.2024646870079066,0,-0.0912698432803154,-0.15521873533725739
2026-01,7734,2026-01-30,28,0.2010444837367003,4,0.5772727131843567,0.5133238434791565
2026-01,1313,2026-01-30,29,0.1936659753210235,3,0.10313906520605087,0.03919016942381859
2026-01,6548,2026-01-30,30,0.19189501387788438,0,-0.14438501000404358,-0.20833390951156616
2026-02,6177,2026-02-26,1,0.09038890923445252,3,0.02217535488307476,0.08717413246631622
2026-02,2548,2026-02-26,2,0.09038890923445252,4,0.12903225421905518,0.1940310299396515
2026-02,4938,2026-02-26,3,0.09003703704548005,4,0.1082191988825798,0.1732179820537567
2026-02,2801,2026-02-26,4,0.09003703704548005,2,-0.03738314285874367,0.027615634724497795
2026-02,2886,2026-02-26,5,0.09003703704548005,2,-0.04166668653488159,0.02333209104835987
2026-02,4532,2026-02-26,6,0.09003703704548005,3,0.055769260972738266,0.12076804041862488
2026-02,2015,2026-02-26,7,0.09003703704548005,1,-0.07440470904111862,-0.009405931457877159
2026-02,2881,2026-02-26,8,0.09003703704548005,1,-0.06900212168693542,-0.004003344569355249
2026-02,6024,2026-02-26,9,0.09003703704548005,3,0.03787878900766373,0.10287756472826004
2026-02,2884,2026-02-26,10,0.09003703704548005,1,-0.06666664779186249,-0.0016678704414516687
2026-02,5213,2026-02-26,11,0.0688399553857396,4,0.09349590539932251,0.15849468111991882
2026-02,3515,2026-02-26,12,0.06579623872767398,2,-0.042222220450639725,0.022776557132601738
2026-02,3211,2026-02-26,13,0.06579623872767398,4,0.23728813230991364,0.30228692293167114
2026-02,3323,2026-02-26,14,0.06579623872767398,1,-0.07323569059371948,-0.00823691301047802
2026-02,2324,2026-02-26,15,0.06579623872767398,2,-0.024193547666072845,0.04080522805452347
2026-02,2539,2026-02-26,16,0.06361869279733359,2,-0.015228426083922386,0.04977035149931908
2026-02,6547,2026-02-26,17,0.0630988341981267,4,0.5199999809265137,0.5849987864494324
2026-02,4147,2026-02-26,18,0.0630988341981267,3,0.06031125411391258,0.1253100335597992
2026-02,1528,2026-02-26,19,0.0630988341981267,4,0.14898425340652466,0.21398302912712097
2026-02,8422,2026-02-26,20,0.0630988341981267,0,-0.13333334028720856,-0.06833456456661224
2026-02,8027,2026-02-26,21,0.0630988341981267,4,0.383315771818161,0.4483145475387573
2026-02,6265,2026-02-26,22,0.0630988341981267,3,0.023936212062835693,0.088934987783432
2026-02,2850,2026-02-26,23,0.06208091096401745,3,0.017391303554177284,0.08239007741212845
2026-02,2412,2026-02-26,24,0.06208091096401745,2,-0.007407407276332378,0.05759137123823166
2026-02,2880,2026-02-26,25,0.06142317887006336,0,-0.1184210553765297,-0.05342227965593338
2026-02,4560,2026-02-26,26,0.06052689913591452,2,-0.025449169799685478,0.039549607783555984
2026-02,6534,2026-02-26,27,0.05953683143929074,3,0.05372407287359238,0.11872284859418869
2026-02,4207,2026-02-26,28,0.057878623277484824,2,-0.007594917435199022,0.05740385875105858
2026-02,3213,2026-02-26,29,0.055073236570307674,3,0.01814519241452217,0.08314397186040878
2026-02,2395,2026-02-26,30,0.05483728448199162,2,-0.022058824077248573,0.04293995350599289
2026-03,3017,2026-03-31,1,1.1950052444773163,4,0.33726415038108826,0.1101846843957901
2026-03,2345,2026-03-31,2,1.0327931193531779,4,0.4384858012199402,0.21140633523464203
2026-03,9933,2026-03-31,3,1.0254472877764942,1,0.006849315017461777,-0.22023014724254608
2026-03,2368,2026-03-31,4,0.9169175201941768,4,0.5359116196632385,0.3088321387767792
2026-03,3036,2026-03-31,5,0.8699105095340882,0,-0.10132158547639847,-0.3284010589122772
2026-03,8096,2026-03-31,6,0.8564509024537875,1,-0.015452555380761623,-0.24253202974796295
2026-03,4906,2026-03-31,7,0.7665561946790126,0,-0.08776593953371048,-0.31484541296958923
2026-03,6274,2026-03-31,8,0.5947034224413773,4,0.6833333373069763,0.45625385642051697
2026-03,3211,2026-03-31,9,0.5511438306351268,1,-0.02038043551146984,-0.24745990335941315
2026-03,3054,2026-03-31,10,0.5419335880790074,0,-0.08713696897029877,-0.3142164349555969
2026-03,6213,2026-03-31,11,0.462677239122133,4,0.7307692170143127,0.5036897659301758
2026-03,3702,2026-03-31,12,0.43534534020651694,2,0.0907127633690834,-0.13636671006679535
2026-03,8210,2026-03-31,13,0.42547677933720895,4,0.2639821171760559,0.03690264746546745
2026-03,3037,2026-03-31,14,0.4247536004192697,4,0.8243801593780518,0.5973007082939148
2026-03,2367,2026-03-31,15,0.381618425693928,0,-0.26025640964508057,-0.4873358905315399
2026-03,3653,2026-03-31,16,0.3805628902842405,4,0.35175880789756775,0.12467934191226959
2026-03,3533,2026-03-31,17,0.36994454460129267,3,0.216279074549675,-0.010800394229590893
2026-03,3715,2026-03-31,18,0.36184616023670957,0,-0.061994608491659164,-0.2890740633010864
2026-03,2383,2026-03-31,19,0.34206827853011984,4,0.6232143044471741,0.3961348235607147
2026-03,3665,2026-03-31,20,0.33945464846646256,4,0.48525470495224,0.25817522406578064
2026-03,5871,2026-03-31,21,0.3227225489254973,2,0.04054053872823715,-0.1865389347076416
2026-03,6223,2026-03-31,22,0.31925105896170297,4,0.2628205120563507,0.03574104234576225
2026-03,1905,2026-03-31,23,0.31899249370607197,0,-0.2215569168329239,-0.44863638281822205
2026-03,2347,2026-03-31,24,0.29688970067909126,2,0.057692307978868484,-0.16938716173171997
2026-03,3711,2026-03-31,25,0.2860897102936223,4,0.3855072557926178,0.15842778980731964
2026-03,6805,2026-03-31,26,0.27416499482839723,3,0.11590296775102615,-0.111176498234272
2026-03,5536,2026-03-31,27,0.26334100009264394,3,0.15223464369773865,-0.07484482228755951
2026-03,2010,2026-03-31,28,0.2504567382487272,1,-0.019801979884505272,-0.24688145518302917
2026-03,2308,2026-03-31,29,0.2447310370430913,4,0.4778156876564026,0.25073620676994324
2026-03,2059,2026-03-31,30,0.24009957004570842,3,0.17771084606647491,-0.04936862364411354
2026-04,6442,2026-04-08,1,1.2635759485829907,0,-0.03899082541465759,-0.2453233003616333
2026-04,2308,2026-04-08,2,0.9380137153318121,4,0.3531157374382019,0.1467832624912262
2026-04,2345,2026-04-08,3,0.885306892204784,4,0.4797687828540802,0.2734363079071045
2026-04,3533,2026-04-08,4,0.8109706643491122,3,0.1949685513973236,-0.011363916099071503
2026-04,2455,2026-04-08,5,0.795313118151535,3,0.16923077404499054,-0.03710169345140457
2026-04,8046,2026-04-08,6,0.7789505264355348,4,0.4727838337421417,0.266451358795166
2026-04,2486,2026-04-08,7,0.7319097880177873,4,0.7539432048797607,0.5476107597351074
2026-04,4958,2026-04-08,8,0.7272305652006372,4,0.7045907974243164,0.4982583224773407
2026-04,2368,2026-04-08,9,0.7242530387338935,4,0.4356435537338257,0.22931107878684998
2026-04,2383,2026-04-08,10,0.6769039437510723,4,0.5379844903945923,0.3316520154476166
2026-04,8112,2026-04-08,11,0.6743934332871997,2,0.049516886472702026,-0.15681558847427368
2026-04,1560,2026-04-08,12,0.6173935826084171,3,0.1403162032365799,-0.06601626425981522
2026-04,6285,2026-04-08,13,0.596455392552325,3,0.14798206090927124,-0.05835040658712387
2026-04,3665,2026-04-08,14,0.5369572544034965,4,0.38308456540107727,0.17675209045410156
2026-04,3653,2026-04-08,15,0.533948107112174,0,-0.06850961595773697,-0.2748420834541321
2026-04,8454,2026-04-08,16,0.5319693684791829,2,0.04709141328930855,-0.15924105048179626
2026-04,8039,2026-04-08,17,0.5157780731596564,2,0.0833333358168602,-0.12299913167953491
2026-04,3008,2026-04-08,18,0.5044266341613417,3,0.12445414811372757,-0.08187831938266754
2026-04,3443,2026-04-08,19,0.4912806292817352,4,1.1541502475738525,0.9478178024291992
2026-04,3017,2026-04-08,20,0.4870592521184796,2,0.06858406960964203,-0.13774840533733368
2026-04,3714,2026-04-08,21,0.45952314746922196,4,0.36259540915489197,0.15626293420791626
2026-04,1303,2026-04-08,22,0.4411441488069588,2,0.05737706646323204,-0.14895540475845337
2026-04,2313,2026-04-08,23,0.43233596705106536,0,-0.08941605687141418,-0.2957485318183899
2026-04,3583,2026-04-08,24,0.42116463658424413,4,0.39335665106773376,0.18702417612075806
2026-04,2467,2026-04-08,25,0.4171925270811779,3,0.2229580581188202,0.01662559062242508
2026-04,8996,2026-04-08,26,0.36654837139649865,3,0.1256544440984726,-0.08067802339792252
2026-04,3702,2026-04-08,27,0.3006073737969967,3,0.12012985348701477,-0.08620261400938034
2026-04,3711,2026-04-08,28,0.3000432828691701,4,0.39534884691238403,0.18901637196540833
2026-04,2059,2026-04-08,29,0.2809136025086569,4,0.4644477963447571,0.25811532139778137
2026-04,2360,2026-04-08,30,0.2776405381243999,4,0.31728044152259827,0.11094797402620316
