feature,mean_ic,abs_mean_ic,std_ic,t_stat,ic_sharpe,months,avg_n,decision
ma_death_cross,-5.15193209970013e-05,5.15193209970013e-05,0.03951601913233307,-0.006898838196049125,-0.0013037578715728176,28,1106.607142857143,remove
trust_cumsum_20d_norm,-0.00010735135599695222,0.00010735135599695222,0.04645884276774489,-0.01222695073544487,-0.0023106764956161013,28,1106.5714285714287,remove
three_white_soldiers,0.00013902979186437202,0.00013902979186437202,0.042552870640089606,0.017288528297578792,0.00326722474354974,28,1106.607142857143,remove
stoch_rsi_d,-0.00026943658259903934,0.00026943658259903934,0.06331628790668857,-0.022517497952840863,-0.004255407123615924,28,1105.7142857142858,remove
inst_total_5d,0.00043139914141478365,0.00043139914141478365,0.06414084338652588,0.03558964253438776,0.006725810242548323,28,1106.607142857143,remove
rsi_bullish_div,-0.00045714285631190345,0.00045714285631190345,0.03450348578294971,-0.06755782182407258,-0.013249178914491178,26,1106.5,remove
stoch_rsi_k,-0.0005156725110358884,0.0005156725110358884,0.06263233762187966,-0.043566670954863405,-0.008233326914110675,28,1105.7142857142858,remove
return_3d,0.0006236073164187565,0.0006236073164187565,0.1158343000173065,0.028487414777106392,0.0053836153568121445,28,1106.5357142857142,remove
foreign_cumsum_1d,0.0006767739898106635,0.0006767739898106635,0.05875176838259753,0.06095393279656077,0.011519210543645972,28,1106.607142857143,remove
has_ann_30d,0.0007959241373212932,0.0007959241373212932,0.014366147868256886,0.07835132423403449,0.055402752680831654,2,879.0,remove
vol_zscore,0.0008814172141548932,0.0008814172141548932,0.058446295081895035,0.079800122374826,0.015080805599736477,28,1106.392857142857,remove
trust_cumsum_20d,-0.00096854925042066,0.00096854925042066,0.04684156102601322,-0.10941311062233788,-0.02067713434833611,28,1106.607142857143,remove
ma_slope_5,-0.0010173351425919082,0.0010173351425919082,0.07526874136582938,-0.07152014869552654,-0.013516037655623129,28,1106.4285714285713,remove
inst_buy_ratio_20d,-0.0010547752826460196,0.0010547752826460196,0.06487962241345517,-0.08602618150750774,-0.016257420179240645,28,1106.5,remove
trust_cumsum_1d_norm,0.0010554876140151063,0.0010554876140151063,0.049677476145765016,0.11242752068961412,0.021246804304591995,28,1105.392857142857,remove
foreign_cumsum_1d_norm,0.0011438479685445273,0.0011438479685445273,0.06016808996122517,0.1005960888698827,0.019010873858247297,28,1105.392857142857,remove
cci_20,-0.0011955912862669277,0.0011955912862669277,0.09983055988698522,-0.06337212205799743,-0.011976205358563708,28,1105.9285714285713,remove
ann_count_30d,0.0012386544124889432,0.0012386544124889432,0.012689417743106118,0.13804588237997079,0.09761317954575788,2,879.0,remove
ma5_bounce,0.0012578422630941687,0.0012578422630941687,0.04641779861982168,0.14339059221445832,0.02709827481040937,28,1106.607142857143,remove
sector_relative_return_20d,0.0013548227812623878,0.0013548227812623878,0.07768519692990064,0.09228332530378056,0.01743990920799125,28,1101.607142857143,remove
hanging_man,0.0013607461070810924,0.0013607461070810924,0.037194413440442914,0.19358798614209127,0.036584690581556556,28,1106.607142857143,remove
trust_cumsum_1d,0.0014287625458881761,0.0014287625458881761,0.050070871064223296,0.15099199589058568,0.028534805077698306,28,1106.607142857143,remove
bb_position,-0.0014343623317256307,0.0014343623317256307,0.10307848680529533,-0.07363255199648112,-0.013915244355837254,28,1105.892857142857,remove
eps_qoq,0.0014593848129832142,0.0014593848129832142,0.06812977371712176,0.11334748588274665,0.02142066138429658,28,1093.357142857143,remove
price_vol_divergence,-0.0015494008126354746,0.0015494008126354746,0.06751587469200883,-0.09461986882427258,-0.022948689026150784,17,1106.1764705882354,remove
industry_fund_flow_20d,-0.0015746084297399848,0.0015746084297399848,0.13988126249381413,-0.05956512320700783,-0.011256750201333203,28,1102.25,remove
revenue_yoy_q,0.0017083837263809681,0.0017083837263809681,0.08474552255298452,0.10667132251259392,0.02015898509933494,28,1064.142857142857,remove
kd_golden_cross,0.001741291832582523,0.001741291832582523,0.03680415863412632,0.2503535100367409,0.04731236624352353,28,1106.607142857143,remove
retail_pct_chg,-0.0018505340849708873,0.0018505340849708873,0.041148322533165124,-0.23797096358109227,-0.04497228492071277,28,1106.607142857143,remove
morning_star,-0.0019082869735239146,0.0019082869735239146,0.04631135230647756,-0.21411056872353265,-0.041205598162958476,27,1106.3703703703704,remove
upper_wick_5d_avg,-0.0019155122857040722,0.0019155122857040722,0.05198049937156005,-0.1949950155359494,-0.03685059414323559,28,1104.642857142857,remove
price_vs_ma10,0.0020179736665804963,0.0020179736665804963,0.11058140083948698,0.09656337202309467,0.018248762009351466,28,1106.4285714285713,remove
ann_surprise,0.0020498047757755112,0.0020498047757755112,0.013237957202332387,0.2189810459281528,0.15484298252711964,2,879.0,remove
debt_ratio,0.002160019125992283,0.002160019125992283,0.08939122818921222,0.12786206320875562,0.024163658669284906,28,1087.2857142857142,remove
whale_retail_diverge,0.0021782089549760475,0.0021782089549760475,0.04143017060207426,0.2782030155633478,0.05257542808348929,28,1106.607142857143,remove
macd_turn_positive,-0.0022193623212221803,0.0022193623212221803,0.036908914176106644,-0.3124487717860824,-0.06013079416622087,27,1106.5925925925926,remove
whale_acc_weeks,0.00226682754718457,0.00226682754718457,0.046862425375747446,0.25596037366110175,0.048371963871031605,28,1106.607142857143,remove
gross_margin_trend,0.0022859337738650684,0.0022859337738650684,0.0572351845675273,0.21133896308396655,0.03993930990417397,28,1073.2142857142858,remove
whale_pct_chg,0.0023004138373320976,0.0023004138373320976,0.04149619136958397,0.2933436889137589,0.05543674639543578,28,1106.607142857143,remove
squeeze,-0.0023641773683364398,0.0023641773683364398,0.0423170329258659,-0.2902997944518155,-0.05586822149081624,27,1106.5925925925926,remove
obv_slope_20,-0.0024282204432287025,0.0024282204432287025,0.09713237339541818,-0.13228272298202134,-0.024999084840062642,28,1106.4285714285713,remove
revenue_qoq,-0.002551196115133584,0.002551196115133584,0.05228016726404435,-0.25821763087738864,-0.04879854538813167,28,1072.892857142857,remove
sector_id,0.002681049193588987,0.002681049193588987,0.06465960540479514,0.21940713601820658,0.04146405126979264,28,1102.25,remove
cci_14,-0.0027015445878692695,0.0027015445878692695,0.09114191797566452,-0.15684583546207637,-0.029641076772057826,28,1106.107142857143,remove
sector_momentum_20d,-0.002823623815190119,0.002823623815190119,0.13950024075564932,-0.10710528341062985,-0.02024099600040132,28,1102.25,remove
ichimoku_tk_diff,0.0029085738255055504,0.0029085738255055504,0.1089576109372893,0.14125425375907955,0.026694544791181076,28,1105.8214285714287,remove
dealer_cumsum_5d,0.0029789489600943126,0.0029789489600943126,0.05500418935058543,0.2865802845135519,0.054158583105499515,28,1106.607142857143,remove
chip_diverge_bear,0.0030518544449435613,0.0030518544449435613,0.0457762177270952,0.3527791634960009,0.066668995309701,28,1043.7142857142858,remove
vol_contraction,-0.0030802134977448844,0.0030802134977448844,0.04568974574219658,-0.35673119942494924,-0.06741585989830023,28,1106.607142857143,remove
sector_relative_return_5d,0.003097309679224538,0.003097309679224538,0.06855659807597193,0.2390641127058343,0.04517887068713958,28,1102.1785714285713,remove
pb_change_20d,-0.003209461745141841,0.003209461745141841,0.09871280935247176,-0.17204327737650493,-0.032513123334195496,28,1098.107142857143,remove
lr_slope_20,-0.0032310489616524268,0.0032310489616524268,0.115059790214921,-0.1485932141965128,-0.02808147794826609,28,1105.9642857142858,remove
hammer,0.00324214919337278,0.00324214919337278,0.04310406161772137,0.3980098467336265,0.07521679098657921,28,1106.607142857143,remove
whale_trend_4w,-0.003356862706945024,0.003356862706945024,0.04798343337561391,-0.37018709513510295,-0.06995878516377792,28,1106.607142857143,remove
ma5_support_test,-0.003424732783086411,0.003424732783086411,0.06416614584794487,-0.282422798849994,-0.05337289216656448,28,1106.607142857143,remove
keltner_pos,0.0034941893245282233,0.0034941893245282233,0.11360828389288731,0.1627479206568181,0.030756466032200884,28,1106.107142857143,remove
inst_total_10d_norm,0.0035352675789119435,0.0035352675789119435,0.05830858909433531,0.32082542133673764,0.06063030565175166,28,1106.5357142857142,remove
industry_whale_pct_avg,0.0037015888258553004,0.0037015888258553004,0.12413404766141058,0.15778883672175928,0.029819287259139377,28,1102.25,remove
rsi_bearish_div,0.003745120725613595,0.003745120725613595,0.04654198306228496,0.4023378978718714,0.08046757957437428,25,1106.76,remove
inst_total_5d_norm,0.0038074708386673256,0.0038074708386673256,0.061317779147276534,0.3285709659852121,0.06209407600236671,28,1106.5,remove
doji,-0.003833583300170189,0.003833583300170189,0.03019924257664113,-0.6717193662562849,-0.1269430281385744,28,1106.607142857143,remove
bullish_engulf,0.003941871391589389,0.003941871391589389,0.03747026278687596,0.5566660400363396,0.10519999323223424,28,1106.607142857143,remove
inst_total_10d,0.004077629533302926,0.004077629533302926,0.06215288553145403,0.347156647403351,0.06560643964372884,28,1106.607142857143,remove
rsi_6,0.004328107523939101,0.004328107523939101,0.10277827831884373,0.22283105619586763,0.0421111113625803,28,1106.4642857142858,remove
foreign_buy_streak,0.004454562685822167,0.004454562685822167,0.048781305417680595,0.4832041687003208,0.09131700448933923,28,1106.607142857143,remove
industry_leader_ret_5d,-0.004471677488691446,0.004471677488691446,0.1538369574908828,-0.15381149980250455,-0.02906764123280624,28,1102.25,remove
volume_surprise,0.0044775964112571615,0.0044775964112571615,0.05469117096488868,0.433218245888616,0.08187055300263629,28,1106.392857142857,remove
atr_14,-0.004647705827458605,0.004647705827458605,0.1864156554124465,-0.13192747958034565,-0.024931950147510464,28,1106.107142857143,remove
revenue_yoy_momentum,0.0047344161500123905,0.0047344161500123905,0.0631429611324816,0.39675325677994094,0.0749793178067625,28,511.64285714285717,remove
dealer_cumsum_3d_norm,0.0048587720933703045,0.0048587720933703045,0.043789764734382244,0.5871281891635803,0.11095679830303726,28,1106.2142857142858,remove
price_vs_ma5,0.004927262122603919,0.004927262122603919,0.13293330691704833,0.19613309144521623,0.03706567027388086,28,1106.5,remove
gross_margin_latest,0.004963580659121571,0.004963580659121571,0.0701085408979185,0.3746305334058276,0.07079851606594965,28,1073.5,remove
up_streak,0.0050023805372723254,0.0050023805372723254,0.07822364584152096,0.33839013056860373,0.06394972368594294,28,1106.607142857143,remove
adx_14,-0.005003271443518166,0.005003271443518166,0.07647858907979856,-0.3461730175876587,-0.06542055108126668,28,1105.75,remove
donchian_breakout_dn,0.005041281457980494,0.005041281457980494,0.0418279586227596,0.6145552729357676,0.12052420495695458,26,1106.7692307692307,remove
dealer_cumsum_3d,0.005152711627256339,0.005152711627256339,0.0542320327929458,0.5027579768363208,0.09501232688306264,28,1106.607142857143,remove
sector_return_rank,-0.005153138301127002,0.005153138301127002,0.057751414624725064,-0.4721589074449042,-0.08922964631451284,28,1102.2142857142858,remove
dealer_cumsum_10d,0.005305538910846591,0.005305538910846591,0.05690422784198547,0.4933600564181487,0.09323628686394408,28,1106.607142857143,remove
shooting_star,0.005554858225256376,0.005554858225256376,0.03633494967651839,0.8089607148539872,0.1528792051374775,28,1106.607142857143,remove
psy_12,0.005653000952695246,0.005653000952695246,0.06860797442217392,0.4359969758037032,0.08239568359663174,28,1106.2857142857142,remove
margin_change_10d,0.005734629066129666,0.005734629066129666,0.04102748241739154,0.39534427767187136,0.1397753098225388,8,1050.5,remove
upper_shadow_ratio,-0.005835877461278629,0.005835877461278629,0.04979628572479969,-0.6201378363728287,-0.11719503525886929,28,1103.0,remove
upper_wick_ratio,-0.005835877461278629,0.005835877461278629,0.04979628572479969,-0.6201378363728287,-0.11719503525886929,28,1103.0,remove
industry_leader_ret_20d,0.00589728976558485,0.00589728976558485,0.14534748557865704,0.2146960034004886,0.04057373089122646,28,1102.25,remove
donchian_breakout_up,0.005995599156442278,0.005995599156442278,0.05129020017389806,0.6074073990099165,0.11689560844204856,27,1106.5925925925926,remove
margin_trend,-0.006006055446775555,0.006006055446775555,0.053452493436096406,-0.5945664290340549,-0.11236249350941732,28,1073.2142857142858,remove
dealer_cumsum_5d_norm,0.006069162829656417,0.006069162829656417,0.04698038497604803,0.6835829685863377,0.12918503823990912,28,1106.5,remove
price_vs_ma20,-0.0060867231354911995,0.0060867231354911995,0.10942273205996465,-0.29434387924052025,-0.055625764600317415,28,1106.5,remove
foreign_cumsum_3d_norm,0.006089464258199301,0.006089464258199301,0.06636734759712243,0.48551610477530427,0.09175391933944531,28,1106.2142857142858,remove
inst_total_20d,0.006297713858307435,0.006297713858307435,0.06480543567112972,0.5142218249062525,0.09717879053026741,28,1106.607142857143,remove
margin_yoy_change,0.006417695056696873,0.006417695056696873,0.06664466170341092,0.5095569450358383,0.09629721109933118,28,1064.4642857142858,remove
dealer_cumsum_10d_norm,0.006465396031571807,0.006465396031571807,0.05054403136985877,0.6768684477069129,0.1279161130670585,28,1106.5357142857142,remove
macd_bullish_div,-0.0066224274130741185,0.0066224274130741185,0.05253676708464847,-0.6670108186268947,-0.12605319627688374,28,1106.607142857143,remove
elder_bear,0.006821606805889823,0.006821606805889823,0.10055696442038044,0.3589661890507942,0.06783823323635703,28,1106.607142857143,remove
bearish_engulf,0.00686768822603261,0.00686768822603261,0.039231200020741944,0.9263135014173343,0.17505679720226738,28,1106.607142857143,remove
industry_whale_acc_ratio,-0.007004279832126595,0.007004279832126595,0.096333223963351,-0.38473917484506404,-0.07270886973315978,28,1102.25,remove
margin_change_5d,0.007134577675702528,0.007134577675702528,0.05122821822484387,0.539392184185288,0.1392704630949376,15,1046.6,remove
ma_golden_cross,-0.007307259504407429,0.007307259504407429,0.025681207029325345,-1.5056294972427575,-0.2845372297362533,28,1106.607142857143,remove
foreign_cumsum_5d,0.007362103054935677,0.007362103054935677,0.07101465480583272,0.5485711044585367,0.10367019420238029,28,1106.607142857143,remove
holders_chg_pct,-0.007517957749505559,0.007517957749505559,0.05701062728374115,-0.6977873256256958,-0.13186940940131708,28,1106.607142857143,remove
dist_to_low_60d,-0.007521877002416145,0.007521877002416145,0.1352390546477194,-0.2943087112321028,-0.05561911847143328,28,1104.2142857142858,remove
foreign_cumsum_5d_norm,0.007648417854487594,0.007648417854487594,0.07141949781941787,0.5666747088378034,0.10709145384676881,28,1106.5,remove
foreign_cumsum_3d,0.007658582731961466,0.007658582731961466,0.06697684833286464,0.6050659536346396,0.11434671715067103,28,1106.607142857143,remove
rsi_14,0.007695267397948823,0.007695267397948823,0.11671447672521817,0.3488815505731796,0.06593241570251694,28,1106.0714285714287,remove
debt_ratio_trend,-0.00781587991219691,0.00781587991219691,0.05975149790249321,-0.6921625482448539,-0.130806426392045,28,1087.0,remove
foreign_cumsum_10d_norm,0.007954301322341806,0.007954301322341806,0.0661240719119717,0.6365337930248801,0.12029357981660667,28,1106.5357142857142,remove
ma20_bounce,0.007995155068553342,0.007995155068553342,0.0381381146444426,1.1092940593418719,0.20963687227570854,28,1106.607142857143,remove
ma20_support_test,0.008155191998479035,0.008155191998479035,0.04847327310050534,0.8902476990659179,0.16824100121256338,28,1106.607142857143,remove
foreign_reversal_buy,-0.00816236304017532,0.00816236304017532,0.05168835554138997,-0.8356072654559935,-0.157914929865378,28,1106.607142857143,remove
trust_cumsum_5d_norm,-0.00828371555473067,0.00828371555473067,0.05319557777309848,-0.8240027538717053,-0.15572188331263553,28,1106.5,remove
trend_direction,0.008516239893838656,0.008516239893838656,0.07445698567916255,0.6052314006251782,0.11437798369296599,28,1106.607142857143,remove
macd_bearish_div,0.008519882399414522,0.008519882399414522,0.05198149801042208,0.8672889736208689,0.16390220993066262,28,1106.607142857143,remove
industry_revenue_yoy_med,0.008551422991137094,0.008551422991137094,0.0770124499530315,0.58756574045021,0.11103948772377002,28,1079.107142857143,remove
trust_cumsum_5d,-0.008710658531279869,0.008710658531279869,0.05356046773716793,-0.8605688935526936,-0.16263223416988878,28,1106.607142857143,remove
return_1d,0.009159912608912456,0.009159912608912456,0.11996831917485803,0.40402084418543965,0.0763527627286464,28,1106.5357142857142,remove
inst_total_20d_norm,0.00917480209454209,0.00917480209454209,0.062349328108882246,0.7786529672942794,0.14715157922022665,28,1106.5714285714287,remove
rsi_oversold_bounce,0.009190388334915905,0.009190388334915905,0.02709313092708917,1.5910579844386508,0.33921470204563403,22,1106.7727272727273,remove
lr_r2_20,0.009239082336729224,0.009239082336729224,0.060968699106540715,0.8018643849598773,0.15153812484311405,28,1105.9642857142858,remove
di_diff,-0.009644073156395011,0.009644073156395011,0.1061672997371713,-0.48067190671142834,-0.09083845195526272,28,1106.107142857143,remove
return_20d,0.009653107542828023,0.009653107542828023,0.11682774683896328,0.4372201403916311,0.08262683997607159,28,1105.892857142857,remove
roc_20,0.009656634448412365,0.009656634448412365,0.11682318999918294,0.4373969458039486,0.08266025305831748,28,1105.892857142857,remove
mom_20d,0.009656641611606,0.009656641611606,0.11682324778968034,0.43739705388749434,0.08266027348418768,28,1105.892857142857,remove
gspc_above_ma20,,,,,,0,0.0,remove
short_change_10d,,,,,,0,0.0,remove
short_change_5d,,,,,,0,0.0,remove
twii_above_ma20,,,,,,0,0.0,remove
twii_above_ma5,,,,,,0,0.0,remove
twii_above_ma60,,,,,,0,0.0,remove
twii_ma20_slope,,,,,,0,0.0,remove
twii_ma5_slope,,,,,,0,0.0,remove
twii_volatility_20d,,,,,,0,0.0,remove
vix_ma20_ratio,,,,,,0,0.0,remove
industry_foreign_pct,0.010017357972184112,0.010017357972184112,0.10804740295999882,0.49058907964907805,0.09271262147682278,28,1102.25,keep
foreign_cumsum_20d_norm,0.010229202325726256,0.010229202325726256,0.06568066660167142,0.8241062968671664,0.15574145109949214,28,1106.5714285714287,keep
eps_yoy,0.010356166368081685,0.010356166368081685,0.06151710689218843,0.8908039447945634,0.16834612177440894,28,1083.9642857142858,keep
three_black_crows,-0.01041225544608852,0.01041225544608852,0.04595996881178766,-1.1987927411544563,-0.22655053332886552,28,1106.607142857143,keep
foreign_cumsum_20d,0.010462716344845548,0.010462716344845548,0.06582470962272945,0.8410745947936078,0.15894815799130763,28,1106.607142857143,keep
aroon_up,0.01059582913905306,0.01059582913905306,0.07923361868025515,0.7076271235217992,0.1337289564144761,28,1105.8214285714287,keep
ichimoku_cloud_pos,0.010669287282453865,0.010669287282453865,0.09484743296352176,0.5952355258056093,0.1124889409137437,28,1101.857142857143,keep
pe_percentile_60d,0.010687982624866813,0.010687982624866813,0.0974417362258353,0.5804031237054147,0.10968588039211319,28,871.6428571428571,keep
ma_slope_20,0.010713976074197473,0.010713976074197473,0.10504157209076706,0.5397199543153871,0.10199748405268974,28,1105.8214285714287,keep
dealer_cumsum_1d_norm,0.010737390339396368,0.010737390339396368,0.049542114008789336,1.1468410315647906,0.2167325830603723,28,1105.392857142857,keep
foreign_cumsum_10d,0.01076911107235371,0.01076911107235371,0.066784101547615,0.8532686396436984,0.16125261585911532,28,1106.607142857143,keep
price_vs_ma60,0.010890628118079514,0.010890628118079514,0.11192851838528549,0.5148624146446978,0.09729985061172072,28,1105.9642857142858,keep
roc_5,0.011108942141542308,0.011108942141542308,0.10378413732214439,0.5663967344893078,0.10703892163269922,28,1106.5,keep
return_5d,0.011111397686964524,0.011111397686964524,0.10378637083352821,0.5665097403820083,0.10706027773903994,28,1106.5,keep
trust_cumsum_10d_norm,-0.011344433655887779,0.011344433655887779,0.046601441980278636,-1.288138261088671,-0.24343524950770096,28,1106.5357142857142,keep
ma_bullish_align,0.011354039670104761,0.011354039670104761,0.09155322959791388,0.6562295065939111,0.12401571981643641,28,1106.607142857143,keep
entry_score,0.011403369188546593,0.011403369188546593,0.10834515795361226,0.5569326687228262,0.10525038131772277,28,1106.607142857143,keep
trust_cumsum_10d,-0.011752283230633157,0.011752283230633157,0.04667835612673057,-1.332249948178624,-0.25177157478995194,28,1106.607142857143,keep
down_streak,-0.011786309873516929,0.011786309873516929,0.0705665808891937,-0.8838077290279001,-0.16702396127175606,28,1106.607142857143,keep
trust_cumsum_3d,-0.011904006142245004,0.011904006142245004,0.05287856394743326,-1.1912214518183577,-0.22511969413690608,28,1106.607142857143,keep
equity_ratio,-0.011910471563716179,0.011910471563716179,0.09624559430816845,-0.6548278075815288,-0.12375082360217007,28,1103.2857142857142,keep
trust_cumsum_3d_norm,-0.011919899176848962,0.011919899176848962,0.0525394600539433,-1.2005105816666608,-0.22687517467082013,28,1106.2142857142858,keep
kd_d,0.012021867816597216,0.012021867816597216,0.07715636293448645,0.8244782757376612,0.1558117484983707,28,1106.107142857143,keep
williams_r_14,0.01205872119550073,0.01205872119550073,0.09527993731056834,0.6696976995013121,0.1265609690337526,28,1106.0357142857142,keep
consecutive_days,0.012366438545996799,0.012366438545996799,0.0775245359319488,0.84408169885702,0.1595164472426134,28,1106.607142857143,keep
elder_bull,-0.012552600150215374,0.012552600150215374,0.11516509543921526,-0.5767556250970308,-0.10899656794745333,28,1106.607142857143,keep
whale_pct_rank_12w,0.012573945172231676,0.012573945172231676,0.05025043917284343,1.324069300578962,0.25022557771051174,28,1106.5714285714287,keep
body_ratio,0.013106140115618161,0.013106140115618161,0.04449173072042318,1.5587430217892484,0.2945747423936918,28,1103.0,keep
retail_capitulation,-0.013267434725212088,0.013267434725212088,0.04941792260137782,-1.4206316644202714,-0.2684741491914146,28,1106.5714285714287,keep
revenue_yoy_latest,0.013287993940343301,0.013287993940343301,0.06894534169701204,1.0198434447850522,0.19273229508004858,28,591.6071428571429,keep
foreign_trust_sync,0.013332915038852117,0.013332915038852117,0.060323356386172845,1.1695495594950536,0.22102409145636084,28,1106.607142857143,keep
evening_star,-0.013438145830982585,0.013438145830982585,0.03961913041412365,-1.7624479206502977,-0.3391832604733818,27,1106.3703703703704,keep
current_ratio,-0.013538130594922438,0.013538130594922438,0.08909078529781027,-0.8040904937844353,-0.15195881986748172,28,1103.5,keep
whale_trend_8w,0.013641673152486824,0.013641673152486824,0.059987994698697394,1.2033232585816165,0.22740672064477335,28,1106.5714285714287,keep
donchian_pos,0.013837044736498133,0.013837044736498133,0.10218039065385677,0.7165636971748555,0.13541781009011886,28,1105.9285714285713,keep
mfi_14,-0.013846432780944079,0.013846432780944079,0.10228567459906811,-0.7163117968835157,-0.13537020540968528,28,1105.7857142857142,keep
lower_shadow_ratio,-0.014013027379547115,0.014013027379547115,0.04973228683238255,-1.4909825356062203,-0.2817692141681832,28,1103.0,keep
lower_wick_ratio,-0.014013027379547115,0.014013027379547115,0.04973228683238255,-1.4909825356062203,-0.2817692141681832,28,1103.0,keep
vol_ratio_5_20,-0.014075088748215999,0.014075088748215999,0.05828987895942091,-1.2777238578542043,-0.24146711229259055,28,1105.9285714285713,keep
pb_ratio,-0.01431165944343731,0.01431165944343731,0.15353741870778143,-0.49323600793433364,-0.09321284390403772,28,1099.5714285714287,keep
sector_avg_return_20d,0.01475763497181437,0.01475763497181437,0.14777012930263134,0.5284563566284333,0.09986886417072102,28,1102.25,keep
gap_freq_10d,-0.014822247942838667,0.014822247942838667,0.16144251526394796,-0.4858197589844815,-0.09181130459101966,28,1106.5,keep
chip_diverge_bull,-0.015249900095651785,0.015249900095651785,0.043604262149969604,-1.850619236849206,-0.34973416229822424,28,1043.7142857142858,keep
ichimoku_cloud_width,-0.015465622977280113,0.015465622977280113,0.0737422915547175,-1.10976188577508,-0.20972528316135214,28,1101.857142857143,keep
kd_k,0.01565757657062933,0.01565757657062933,0.08008527040104756,1.0345486387792704,0.19551131552931014,28,1106.2857142857142,keep
vol_contraction_ratio,-0.016320159587864515,0.016320159587864515,0.07856517599961108,-1.0991914185132008,-0.20772765261730344,28,1106.5714285714287,keep
gap_pct,-0.01658436651933728,0.01658436651933728,0.12126061593367805,-0.7236992674639041,-0.13676630612207916,28,1106.5357142857142,keep
whale_pct,0.016899694467440586,0.016899694467440586,0.108743368190915,0.8223469538909767,0.15540896652907313,28,1106.607142857143,keep
retail_pct,-0.016907083218334385,0.016907083218334385,0.10876036986352855,-0.8225778865466445,-0.15545260869882319,28,1106.607142857143,keep
phase,0.017163774898245655,0.017163774898245655,0.10530531185272698,0.8624651338264849,0.16299058989777998,28,1104.107142857143,keep
whale_retail_ratio,0.017318661488753124,0.017318661488753124,0.10891161640956395,0.8414322154111139,0.15901574193542412,28,1106.2857142857142,keep
dealer_cumsum_1d,0.017347328268529204,0.017347328268529204,0.0549926021777114,1.6691960260986156,0.3154483981767298,28,1106.607142857143,keep
dist_from_20d_low,-0.017630554946626156,0.017630554946626156,0.1332367913071419,-0.7001979469364793,-0.13232497400799464,28,1106.4285714285713,keep
price_vs_inst_cost,0.017727361440523955,0.017727361440523955,0.10333315760999436,0.9077858619205837,0.17155540245302026,28,1098.857142857143,keep
dist_to_low_20d,-0.01781907807424981,0.01781907807424981,0.13314830823176393,-0.7081554366405661,-0.13382879820923538,28,1105.9642857142858,keep
industry_revenue_accel,-0.0180214088987933,0.0180214088987933,0.09528207784766192,-1.000821293957192,-0.18913744647347147,28,1075.6785714285713,keep
inst_accumulation,0.018393261767234107,0.018393261767234107,0.039735305347642316,1.3886840636793143,0.4628946878931048,9,1105.111111111111,keep
price_vol_diverge,0.01850939221196423,0.01850939221196423,0.038221186865943335,2.562518473514411,0.4842704722091419,28,1106.607142857143,keep
whale_acc_momentum,-0.018662904419825634,0.018662904419825634,0.04275530316657157,-2.3097674524564127,-0.4365050189707767,28,1106.607142857143,keep
return_10d,-0.01885351484991344,0.01885351484991344,0.08624587944686321,-1.1567326335414494,-0.2186019201245347,28,1106.357142857143,keep
roc_10,-0.018853609106477636,0.018853609106477636,0.08624551738370197,-1.1567432725770588,-0.21860393071327844,28,1106.357142857143,keep
trix,0.019020018022556314,0.019020018022556314,0.1085958873292348,0.9267798045995321,0.17514492022052836,28,1106.5357142857142,keep
ultimate_osc,0.019329989539425083,0.019329989539425083,0.07417389013709964,1.3789851138256213,0.26060369091733504,28,1105.607142857143,keep
aroon_osc,0.01938065322123527,0.01938065322123527,0.08756836189550976,1.1711167723008575,0.2213202668374804,28,1105.8214285714287,keep
trust_buy_streak,0.020040931946663842,0.020040931946663842,0.05919937173753116,1.791347455778029,0.33853284854978133,28,1106.607142857143,keep
sector_avg_return_5d,0.020588473852330067,0.020588473852330067,0.14967703712093255,0.727860234748104,0.13755265502546976,28,1102.25,keep
cmf_20,0.021808789272402557,0.021808789272402557,0.07848674504285413,1.4703280860656314,0.277865890100231,28,1106.0714285714287,keep
industry_fund_flow_10d,-0.022053002492963405,0.022053002492963405,0.13151923465096094,-0.8872734153831591,-0.16767891443019645,28,1102.25,keep
sector_momentum_5d,0.02273470743975139,0.02273470743975139,0.1482937583308329,0.8112328218319331,0.15330859299574745,28,1102.25,keep
price_vs_poc_20d,0.022749861776198692,0.022749861776198692,0.08776321400693107,1.371656161456493,0.25921864910738146,28,1105.857142857143,keep
trust_reversal_buy,0.022849035704212244,0.022849035704212244,0.038835119533639835,3.113309133430919,0.5883601229660155,28,1106.607142857143,keep
revenue_cumulative_yoy,0.022861287952740967,0.022861287952740967,0.08265477663185074,1.4635641166388864,0.2765876200303159,28,591.6071428571429,keep
aroon_down,-0.02321697905464876,0.02321697905464876,0.07843329005000356,-1.5663337017645178,-0.296009246072009,28,1105.8214285714287,keep
up_day_ratio_20,0.02374422847874143,0.02374422847874143,0.09062391282045498,1.386418257007057,0.2620084229400218,28,1106.4285714285713,keep
margin_short_ratio,0.024224345803677338,0.024224345803677338,0.07768098896029531,1.650123035959806,0.3118439418434671,28,862.5714285714286,keep
macd_hist,-0.024358407496545404,0.024358407496545404,0.08534232756731092,-1.5103007008708706,-0.2854200042450626,28,1106.607142857143,keep
roe_trend,0.02576021086435528,0.02576021086435528,0.09672228151246093,1.409294954625067,0.26633171241971315,28,1073.2142857142858,keep
return_60d,0.02697629406149676,0.02697629406149676,0.11436580178889025,1.2481452368535273,0.23587727834316025,28,1104.107142857143,keep
market_breadth_20d_pct,0.027267281060047655,0.027267281060047655,,,,1,1105.0,keep
sox_above_ma20,0.027267281060047655,0.027267281060047655,,,,1,1105.0,keep
taiex_20d_return_pct,0.027267281060047655,0.027267281060047655,,,,1,1105.0,keep
taiex_vs_ma60_pct,0.027267281060047655,0.027267281060047655,,,,1,1105.0,keep
vix_percentile_60d,-0.027267281060047655,0.027267281060047655,,,,1,1105.0,keep
psy_24,0.02784639892648014,0.02784639892648014,0.08656319345463061,1.702216462399269,0.3216886740791854,28,1105.8214285714287,keep
tax_effect,0.02938726076883652,0.02938726076883652,0.07252518297151196,2.14412099417349,0.4052007808154017,28,1073.5,keep
industry_fund_flow_5d,0.030764755848572602,0.030764755848572602,0.1258869360461779,1.293158697437601,0.24438402279715077,28,1102.25,keep
eps_momentum,0.030777406200529774,0.030777406200529774,0.08048957675512226,2.0233517453807965,0.3823775380775764,28,1097.5714285714287,keep
force_index_13,-0.03077911846631765,0.03077911846631765,0.108666328521421,-1.498787971282558,-0.2832443028591904,28,1105.9285714285713,keep
sector_breadth,0.03093756750968512,0.03093756750968512,0.1499784026735297,1.0915319584790495,0.20628015072963182,28,1102.25,keep
net_margin_latest,0.031173908051660648,0.031173908051660648,0.08239820315925815,2.0019467642825894,0.3783323768772983,28,1073.5,keep
momentum_accel,-0.031467960687928426,0.031467960687928426,0.09238004722188983,-1.8024757672322922,-0.3406359017369279,28,1104.107142857143,keep
margin_spread,-0.031748168763370305,0.031748168763370305,0.08572816098584114,-1.9596304916294642,-0.37033535303077164,28,1073.5,keep
revenue_yoy_3m_avg,0.03235022874399786,0.03235022874399786,0.0859762210804355,1.9910309859419608,0.3762694886732976,28,591.6071428571429,keep
volatility_5d,-0.032503413968856164,0.032503413968856164,0.15559347012554825,-1.10539279126285,-0.20889960190893092,28,1106.5357142857142,keep
pe_ratio,-0.0325921494045611,0.0325921494045611,0.15079395112379573,-1.1436894036517236,-0.21613698136873052,28,863.7142857142857,keep
bb_width,-0.034566465778237444,0.034566465778237444,0.12911401735877678,-1.416643584058137,-0.2677204728452183,28,1105.9642857142858,keep
revenue_log_scale,0.03538968272450417,0.03538968272450417,0.09889739091496078,1.8935241587319267,0.35784243039267655,28,1073.5,keep
dist_from_20d_high,0.03743597836361734,0.03743597836361734,0.10680906944219679,1.8546419204621636,0.3504943780441514,28,1106.4285714285713,keep
dist_to_high_20d,0.037559314614215814,0.037559314614215814,0.10686554868362112,1.8597687862426966,0.3514632646056155,28,1106.5,keep
high_low_range,-0.037760464043062394,0.037760464043062394,0.14971821307306524,-1.3345710611652075,-0.2522102239133364,28,1106.607142857143,keep
turnover_rate,-0.03844371056846778,0.03844371056846778,0.1636044117661528,-1.2433955361068572,-0.2349796692733269,28,1106.607142857143,keep
volatility_20d,-0.03950871070287354,0.03950871070287354,0.16742292793932043,-1.248696632261556,-0.2359814822805679,28,1106.5,keep
roa_annualized,0.043547626204617496,0.043547626204617496,0.09637855151248136,2.390909332346556,0.45183939290660463,28,1071.2857142857142,keep
operating_margin_latest,0.044472474074540795,0.044472474074540795,0.08364531309891672,2.8133819392810944,0.5316792110270283,28,1073.5,keep
position_52w,0.04495517257826876,0.04495517257826876,0.11559611079442435,2.0578582786338253,0.38889865990575456,28,1104.2142857142858,keep
roe_annualized,0.04589867548598377,0.04589867548598377,0.10120157247425164,2.399893161226648,0.45353717698073914,28,1073.5,keep
dist_to_high_60d,0.047842461918081114,0.047842461918081114,0.10828579693746872,2.337873662552735,0.4418165934144482,28,1105.9642857142858,keep
atr_pct_rank,-0.04853395043630217,0.04853395043630217,0.1832016192879159,-1.4018300001615789,-0.264920968629798,28,1106.107142857143,keep
ann_count_7d,-0.04913261959843811,0.04913261959843811,0.0053372327437539,-13.018734675257628,-9.205635571343112,2,879.0,keep
eps_basic,0.053021930810641764,0.053021930810641764,0.11065691977217679,2.535455410221959,0.4791560339814684,28,1102.1785714285713,keep
dividend_yield,0.05314027581082222,0.05314027581082222,0.12247568335748013,2.295899896903576,0.4338842973075497,28,1100.0,keep
eps_ttm,0.05314067926465239,0.05314067926465239,0.10896685615506219,2.5805465404130663,0.4876774566115045,28,1092.5714285714287,keep
book_value_per_share,0.05835024021501895,0.05835024021501895,0.0994872296089036,3.1035184145082266,0.5865098510070171,28,1103.5,keep
