pred_decile,n,pred_return_mean,actual_excess_return_mean,actual_raw_return_mean,positive_rate
1,92,-0.00537700921404164,-0.03802649633650182,0.01696989474104434,0.4782608695652174
2,76,-0.0006048020584264411,-0.03338461336802299,-0.0047084964064293,0.34210526315789475
3,84,0.004286823823919258,0.010055303127349665,0.01934021315537393,0.42857142857142855
4,87,0.007809588315276591,0.03790631084756433,0.09128709395828218,0.5402298850574713
5,81,0.010795945698925473,-0.04267286376776655,0.057095574456044317,0.5555555555555556
6,84,0.01370180934148845,0.06336200901118684,0.09273681193978216,0.5952380952380952
7,84,0.019650751861979683,-0.0028430840244428033,0.03918393520178229,0.42857142857142855
8,84,0.03102954490977372,-0.0009581455524312332,0.028080765598653152,0.5
9,84,0.04338051820116225,0.006443478510759416,0.010225686300102444,0.42857142857142855
10,84,0.07971270564658377,0.03428612787198896,0.09772303394995452,0.5714285714285714
