candidate_size,label_bins,stage1_universe_ic,stage1_universe_t,final_top30_ic,final_top30_t,ndcg_at_30,positive_deciles,total_deciles,positive_decile_pct,max_consecutive_negative_deciles,calibration_spearman,top30_excess,top30_raw_return,pass_all
60,5,0.050892873047639835,3.395364256470497,0.009850930051029676,0.24395677019591522,0.5647928354598928,7,10,0.7,3,-0.33333333333333326,0.015527523076910714,0.05652794358108611,False
70,5,0.050892873047639835,3.395364256470497,0.028073669351533184,0.8551029634913466,0.5480101131809452,9,10,0.9,1,0.309090909090909,0.028178796577255954,0.06917921682701338,False
75,5,0.050892873047639835,3.395364256470497,0.07540526520337623,2.1417004482390185,0.5666473932148154,9,10,0.9,1,0.4666666666666666,0.035373298344089296,0.07637371874572896,True
80,5,0.050892873047639835,3.395364256470497,-0.013239896450763169,-0.4188232089459467,0.5263775990815894,9,10,0.9,1,0.35757575757575755,0.025753044112267857,0.06675346423391815,False
100,5,0.050892873047639835,3.395364256470497,-0.0825621839950386,-2.64891920753596,0.5139206284720175,8,10,0.8,1,-0.04242424242424241,0.029403995411172616,0.07040441575132292,False
60,10,0.050892873047639835,3.395364256470497,0.020299810069728346,0.49798068174407295,0.5155254514783694,7,10,0.7,1,0.13939393939393938,0.012831291370541667,0.05383171202869047,False
70,10,0.050892873047639835,3.395364256470497,0.0411859620680478,1.5198959127147478,0.5232369442725296,7,10,0.7,2,0.6242424242424242,0.02523430234644643,0.06623472245022767,False
75,10,0.050892873047639835,3.395364256470497,0.033574021538465434,0.7622370057989144,0.4877234633893906,7,10,0.7,1,0.2727272727272727,0.020725038590238092,0.06172545874453849,False
80,10,0.050892873047639835,3.395364256470497,0.0016245143327940127,0.04631571655518146,0.45092209636071223,8,10,0.8,2,0.06666666666666665,0.02025383374734524,0.06125425434487053,False
100,10,0.050892873047639835,3.395364256470497,0.041395833057298624,1.550076221520559,0.41728789117089243,8,10,0.8,1,0.41818181818181815,0.025178890502565474,0.06617931054226191,False
