variant,avg,cum,mdd,sharpe,sortino,calmar,win,avg_exposure
V3_B,0.023893805120996696,0.8021904619860105,-0.08533338385181213,1.7849874291885324,5.786314898044511,3.3600643559369576,0.5769230769230769,1.0
V3_D,0.02303683601643582,0.7672099082002548,-0.08285841192758257,1.8029268338406337,5.278352631880266,3.3363182538284395,0.6538461538461539,1.0
LIMIT_B,0.02323983229777634,0.7680923027318858,-0.056842161212359334,1.6399374069740624,5.104034076072844,4.906181989306186,0.6923076923076923,0.7653846153846154
LIMIT_D,0.02162134910990154,0.6999102846736289,-0.057616907851935094,1.5795234326007608,4.807685260448283,4.5031258877268,0.6923076923076923,0.7589743589743588
HARD_064_B,-0.0008898842604964526,-0.023302136254112926,-0.03667809084650098,-0.5283382729997679,-0.33348243179957077,-0.2911441375356142,0.15384615384615385,0.07564102564102564
HARD_064_D,-0.0007348068255542433,-0.019330518689992693,-0.03276086489944863,-0.4483704876442238,-0.27479416639405585,-0.2691529034326357,0.15384615384615385,0.07564102564102564
SOFT_055_B,0.0029624774598742453,0.07747492933996236,-0.041164780315783696,0.7569178561990433,0.6801857822780065,0.8635957545693549,0.5,0.1846153846153846
SOFT_055_D,0.0030752371073919237,0.0805022834322422,-0.040352789762706134,0.7660518218669623,0.8031951081532767,0.9145054283906916,0.4230769230769231,0.18589743589743588
RANK10_CLOSE_B,0.020174248714520927,0.6370864491724062,-0.1311856712977871,1.4652799254486948,4.395714755377909,1.845407216956741,0.6153846153846154,1.0
RANK10_CLOSE_D,0.022377791169524684,0.738436834217532,-0.10282513111280117,1.7750709660613295,4.938671473409872,2.6115550851057,0.6153846153846154,1.0
RANK15_CLOSE_B,0.023283860486895885,0.7664728145342039,-0.15834234309673204,1.5952354105224225,5.4515825000027505,1.7645711208912707,0.6923076923076923,1.0
RANK15_CLOSE_D,0.026925950995682315,0.9276442536754852,-0.1400230303727594,1.6763581948100947,7.673154266917009,2.3075590571638354,0.6923076923076923,1.0
RANK10_LIMIT_B,0.014371815556471622,0.4178325197318873,-0.14329762697445278,1.1557667039684587,3.449744756005561,1.2035215817524048,0.5384615384615384,0.7423076923076923
RANK10_LIMIT_D,0.014276615842430425,0.4195277569744358,-0.09832592824213443,1.2523348131052412,3.7105286704774683,1.7423622962122383,0.6153846153846154,0.7346153846153847
