feature,importance
book_value_per_share,9572.958671808243
debt_ratio_trend,4083.6346982121468
inst_accumulation,4022.240519762039
industry_fund_flow_20d,3855.3555466532707
margin_trend,3809.249010026455
roe_annualized,3529.3368393182755
roe_trend,3076.497831940651
volatility_5d,2696.250254511833
revenue_qoq,2651.9861297011375
roa_annualized,2627.6667135953903
gross_margin_trend,2110.254197359085
return_60d,2048.0505923628807
revenue_log_scale,1759.267372071743
atr_14,1727.2319036722183
sector_id,1711.0185441374779
taiex_vs_ma60_pct,1494.3790952563286
industry_revenue_yoy_med,1443.4094082713127
gross_margin_latest,1408.865884244442
ichimoku_cloud_width,1407.3881975412369
margin_spread,1369.702063381672
position_52w,1252.1041486263275
bb_width,1190.2244893312454
foreign_cumsum_20d_norm,1183.7809919714928
market_breadth_20d_pct,1096.4507076144218
industry_revenue_accel,1081.813179552555
inst_total_20d_norm,1049.0790796875954
turnover_rate,1012.5971089601517
net_margin_latest,972.9831393361092
atr_pct_rank,949.3743916749954
equity_ratio,907.6930695772171
taiex_20d_return_pct,905.9605189561844
revenue_yoy_momentum,875.2517265081406
dist_to_low_60d,865.8403156995773
trix,860.1460303068161
margin_yoy_change,823.7862238883972
trust_cumsum_20d_norm,822.5458973646164
aroon_osc,817.6254652738571
momentum_accel,789.3187581896782
pb_ratio,776.6996271014214
volatility_20d,775.4115730524063
dividend_yield,773.0325813889503
vol_contraction,761.0088717341423
dist_to_high_60d,695.9044844508171
aroon_up,639.9619285464287
tax_effect,609.604576587677
revenue_yoy_3m_avg,608.3130066990852
operating_margin_latest,589.7519332170486
revenue_cumulative_yoy,561.8531241416931
adx_14,548.455059170723
rsi_6,541.9024533033371
vix_percentile_60d,539.2433507442474
eps_ttm,523.4751654863358
revenue_yoy_q,522.914431810379
debt_ratio,521.2215996980667
ma_slope_20,507.8873621225357
sector_avg_return_20d,474.21716475486755
eps_yoy,474.1318057179451
phase,473.0616629123688
eps_momentum,462.0385462641716
foreign_trust_sync,460.7147237062454
elder_bear,455.0888830423355
entry_score,435.1218246817589
industry_leader_ret_5d,418.3035805821419
eps_qoq,417.77994817495346
price_vs_ma60,390.6708468198776
whale_retail_ratio,379.5045517086983
margin_short_ratio,358.78579503297806
lr_slope_20,352.063117146492
current_ratio,347.4826962351799
pe_ratio,324.181823015213
whale_trend_8w,312.9679433107376
has_ann_30d,311.8918421268463
industry_leader_ret_20d,310.4492653608322
eps_basic,309.5834834575653
trust_buy_streak,302.22822535037994
retail_pct,297.17985624074936
ann_count_7d,296.5654596090317
ichimoku_cloud_pos,290.6906454563141
ann_surprise,284.83854895830154
revenue_yoy_latest,284.6167342662811
whale_pct,282.45134258270264
rsi_14,278.13253432512283
trust_cumsum_10d_norm,262.69411981105804
margin_change_10d,257.2680500149727
trust_cumsum_5d_norm,251.23149979114532
whale_acc_weeks,250.62559950351715
dealer_cumsum_5d,246.94549196958542
ann_count_30d,246.31557869911194
trust_cumsum_10d,243.88049107789993
inst_buy_ratio_20d,240.5244546532631
dist_to_low_20d,240.50358927249908
gap_freq_10d,231.11381876468658
keltner_pos,230.27419310808182
trust_cumsum_20d,228.47452253103256
industry_whale_acc_ratio,225.80026066303253
sector_momentum_20d,222.20315372943878
ichimoku_tk_diff,221.79696118831635
di_diff,214.79758816957474
foreign_cumsum_20d,208.87538516521454
dist_from_20d_low,206.26741361618042
vol_contraction_ratio,204.27125132083893
elder_bull,200.46611964702606
stoch_rsi_d,200.2197807431221
inst_total_20d,199.97063779830933
whale_trend_4w,190.0596160888672
retail_capitulation,189.83429139852524
pb_change_20d,187.81814444065094
lr_r2_20,181.52739715576172
inst_total_5d_norm,181.2192324399948
industry_fund_flow_10d,160.1419494152069
macd_hist,153.3918496966362
aroon_down,150.13003933429718
trust_cumsum_3d_norm,149.8573340177536
vol_zscore,144.57210338115692
force_index_13,139.6278687119484
dealer_cumsum_10d_norm,139.23453205823898
trust_reversal_buy,126.30572378635406
industry_whale_pct_avg,126.14151841402054
whale_acc_momentum,121.9523361325264
pe_percentile_60d,119.87144547700882
obv_slope_20,118.15315687656403
twii_above_ma20,115.96748036146164
whale_pct_rank_12w,111.30182284116745
stoch_rsi_k,103.69873023033142
roc_20,103.33142936229706
cmf_20,102.52108138799667
sector_relative_return_20d,102.14067739248276
margin_change_5d,101.61296391487122
holders_chg_pct,98.13765704631805
psy_24,79.4279043674469
foreign_cumsum_10d_norm,76.60988485813141
high_low_range,73.82606792449951
return_20d,73.70495676994324
macd_bullish_div,71.99590110778809
mfi_14,70.96115112304688
trust_cumsum_1d,70.95359086990356
trust_cumsum_1d_norm,70.76277613639832
price_vs_inst_cost,66.64677929878235
volume_surprise,66.3673529624939
donchian_pos,60.08952349424362
dealer_cumsum_10d,57.70034724473953
trust_cumsum_3d,53.12311935424805
cci_20,51.69983983039856
chip_diverge_bull,50.13711941242218
price_vs_ma20,48.53937077522278
twii_above_ma5,47.91475361585617
chip_diverge_bear,47.642258286476135
price_vol_divergence,46.85062325000763
mom_20d,46.716077625751495
vol_ratio_5_20,46.458040952682495
retail_pct_chg,46.09502321481705
dist_from_20d_high,45.864189088344574
price_vs_poc_20d,44.36132204532623
upper_wick_5d_avg,41.680211424827576
industry_fund_flow_5d,41.61962687969208
dist_to_high_20d,41.59545809030533
gspc_above_ma20,40.45328336954117
foreign_cumsum_10d,39.224379897117615
whale_retail_diverge,39.16970896720886
whale_pct_chg,38.70064294338226
dealer_cumsum_5d_norm,36.225039184093475
up_day_ratio_20,35.310129284858704
sector_avg_return_5d,35.29521191120148
dealer_cumsum_3d,35.216939210891724
sox_above_ma20,33.33354413509369
williams_r_14,32.48768973350525
up_streak,31.350310444831848
psy_12,29.35339593887329
kd_d,27.220356702804565
sector_relative_return_5d,26.628799438476562
inst_total_10d_norm,26.26424866914749
dealer_cumsum_3d_norm,25.59630012512207
sector_momentum_5d,24.311867654323578
inst_total_10d,24.229323029518127
inst_total_5d,20.64317399263382
trust_cumsum_5d,18.29947006702423
twii_above_ma60,18.16083014011383
foreign_cumsum_3d_norm,15.833881974220276
ma_slope_5,14.879330396652222
return_1d,14.392496943473816
foreign_cumsum_3d,13.056047916412354
return_3d,12.96150004863739
macd_bearish_div,12.739899635314941
foreign_cumsum_5d,12.664329886436462
kd_k,12.005860090255737
industry_foreign_pct,10.999315083026886
cci_14,10.86569893360138
down_streak,9.73357206583023
return_10d,9.37863302230835
ma_bullish_align,8.992940068244934
foreign_reversal_buy,8.881390988826752
ultimate_osc,8.768165171146393
bb_position,8.33413028717041
roc_10,7.69730007648468
sector_breadth,5.143216013908386
lower_shadow_ratio,4.455283045768738
lower_wick_ratio,4.0998271107673645
gap_pct,3.4723600149154663
foreign_cumsum_5d_norm,3.2968499660491943
trend_direction,3.2179539799690247
upper_wick_ratio,2.9468979835510254
foreign_cumsum_1d,2.627231001853943
return_5d,2.001631021499634
foreign_buy_streak,1.976241946220398
foreign_cumsum_1d_norm,1.9186899662017822
price_vs_ma10,1.7361700534820557
consecutive_days,1.4024800062179565
body_ratio,1.291759967803955
ma5_support_test,1.1225199699401855
price_vs_ma5,1.0331300497055054
dealer_cumsum_1d,0.9740750193595886
sector_return_rank,0.9180619716644287
bearish_engulf,0.0
three_black_crows,0.0
three_white_soldiers,0.0
evening_star,0.0
morning_star,0.0
hanging_man,0.0
squeeze,0.0
shooting_star,0.0
hammer,0.0
donchian_breakout_up,0.0
donchian_breakout_dn,0.0
rsi_bullish_div,0.0
roc_5,0.0
price_vol_diverge,0.0
rsi_bearish_div,0.0
doji,0.0
bullish_engulf,0.0
rsi_oversold_bounce,0.0
ma_death_cross,0.0
macd_turn_positive,0.0
kd_golden_cross,0.0
ma_golden_cross,0.0
ma5_bounce,0.0
ma20_bounce,0.0
ma20_support_test,0.0
upper_shadow_ratio,0.0
vix_ma20_ratio,0.0
twii_ma20_slope,0.0
twii_volatility_20d,0.0
short_change_10d,0.0
dealer_cumsum_1d_norm,0.0
short_change_5d,0.0
twii_ma5_slope,0.0
