rebalance_month,baseline_return,baseline_alpha,treatment_return,treatment_alpha,baseline_group_violations,group_cap_replacements,treatment_count
2024-01,0.09196397869333331,-0.010694748680000001,0.09196397869333331,-0.010694748680000001,0,0,30
2024-02,0.06201816016000001,-0.00018438003333333213,0.06201816016000001,-0.00018438003333333213,0,0,30
2024-03,0.03574481671999999,0.030711402436666677,0.019615744053333335,0.014582329603333338,1,1,30
2024-04,0.06627246321,0.004208175890000003,0.06627246321,0.004208175890000003,0,0,30
2024-05,0.11997195662333332,0.030979324033333342,0.11615021329,0.02715758033333334,1,1,30
2024-06,0.04689934747666667,0.08201010154666664,0.05318977114333334,0.08830052388000001,1,2,30
2024-07,0.05535860846666667,0.04764169106666668,0.05535860846666667,0.04764169106666668,0,0,30
2024-08,-0.04521598551333334,-0.04326023766333333,-0.04521598551333334,-0.04326023766333333,0,0,30
2024-09,0.08055716483333333,0.05556042347333333,0.08055716483333333,0.05556042347333333,0,0,30
2024-10,-0.01411747478333334,0.008736139809999995,-0.01411747478333334,0.008736139809999995,0,0,30
2024-11,0.04077253648333334,-0.0047380627,0.04077253648333334,-0.0047380627,0,0,30
2024-12,0.03869701703333333,0.019458120277999997,0.03869701703333333,0.019458120277999997,0,0,30
2025-01,0.08743665279333332,0.12013152114666668,0.08743665279333332,0.12013152114666668,0,0,30
2025-02,-0.04082496144292226,0.022085626193333326,-0.04082496144292226,0.022085626193333326,0,0,30
2025-03,-0.015502026286666666,0.006766687800000006,-0.015502026286666666,0.006766687800000006,0,0,30
2025-04,0.009568439913333332,-0.04539918398999999,0.009568439913333332,-0.04539918398999999,0,0,30
2025-05,0.05539191881333334,-0.0023568034128333393,0.05539191881333334,-0.0023568034128333393,0,0,30
2025-06,0.06154613633333333,0.009561953950000006,0.06154613633333333,0.009561953950000006,0,0,30
2025-07,0.21988252049333334,0.19040693133333333,0.21988252049333334,0.19040693133333333,0,0,30
2025-08,0.00687654877666667,-0.04871768916666667,0.00687654877666667,-0.04871768916666667,0,0,30
2025-09,0.09212394329,-0.0013214515666666628,0.09212394329,-0.0013214515666666628,0,0,30
2025-10,0.015491459023333333,0.03698622145666666,0.015491459023333333,0.03698622145666666,0,0,30
2025-11,0.11211868274666666,0.06924640422266665,0.11211868274666666,0.06924640422266665,0,0,30
2025-12,0.07502090883333333,-0.048329434799999994,0.07936292586666666,-0.04398741773333334,1,2,30
2026-01,0.21317488545666663,0.14922599246999999,0.21317488545666663,0.14922599246999999,0,0,30
2026-02,0.14156092853333332,0.2065597125466667,0.14156092853333332,0.2065597125466667,0,0,30
2026-03,0.39064427335,0.16356480605,0.39064427335,0.16356480605,0,0,30
2026-04,0.13503122485000002,-0.05838689005666668,0.13503122485000002,-0.05838689005666668,0,0,30
