ticker,date,stored_pred_return_20d,regen_pred_return_20d,stage1_diff,stage1_abs_diff
4956,2026-05-15,0.0476669510114496,-0.04108483140237494,-0.08875178241382453,0.08875178241382453
2399,2026-05-15,0.0457110267523808,-0.040394379127038714,-0.0861054058794195,0.0861054058794195
3481,2026-05-15,0.0141785645635477,-0.06980761567569718,-0.08398618023924488,0.08398618023924488
6244,2026-05-15,0.0121192229509185,-0.06836291372646498,-0.08048213667738348,0.08048213667738348
2049,2026-05-15,0.0381886491329404,-0.016370663599092235,-0.054559312732032635,0.054559312732032635
5475,2026-05-15,0.0638448310437304,0.11662084597512856,0.05277601493139816,0.05277601493139816
3580,2026-05-15,0.0309118624819796,-0.021296971922741315,-0.05220883440472092,0.05220883440472092
8088,2026-05-15,0.0227969796366702,-0.02850209152691016,-0.05129907116358036,0.05129907116358036
5425,2026-05-15,0.0167108917174543,-0.03346700131139465,-0.05017789302884895,0.05017789302884895
2464,2026-05-15,0.0464619934922512,-0.0026427263071720497,-0.04910471979942325,0.04910471979942325
6706,2026-05-15,0.0058274795400129,-0.04302304769919649,-0.048850527239209386,0.048850527239209386
4741,2026-05-15,0.0429350644195096,-0.0033262315674709966,-0.0462612959869806,0.0462612959869806
6830,2026-05-15,0.0220751325453075,-0.021564702082498773,-0.043639834627806275,0.043639834627806275
3530,2026-05-15,0.0076023107918685,-0.034958142374862375,-0.04256045316673088,0.04256045316673088
6209,2026-05-15,0.0037843437879935,-0.03647246323682407,-0.04025680702481757,0.04025680702481757
8255,2026-05-15,0.004148097510052,-0.03463678557035873,-0.038784883080410726,0.038784883080410726
4909,2026-05-15,0.0199544794022982,-0.01667817907486851,-0.03663265847716671,0.03663265847716671
4721,2026-05-15,0.0060082955127423,-0.03037736571810134,-0.036385661230843636,0.036385661230843636
6150,2026-05-15,0.0055450082522198,-0.028286112333120454,-0.033831120585340255,0.033831120585340255
6579,2026-05-15,0.0103541898945162,-0.015848052011004324,-0.026202241905520524,0.026202241905520524
6285,2026-05-15,0.0091325935526936,-0.01508254246983927,-0.02421513602253287,0.02421513602253287
6643,2026-05-15,0.0419050414567588,0.018164242248921568,-0.023740799207837233,0.023740799207837233
3438,2026-05-15,0.023241101448946,0.0025414787745639514,-0.020699622674382048,0.020699622674382048
3260,2026-05-15,0.0134156551330954,-0.005109828006017951,-0.01852548313911335,0.01852548313911335
2368,2026-05-15,0.0066655403111785,0.02133013569348732,0.014664595382308819,0.014664595382308819
4577,2026-05-15,0.0415225564728515,0.054632705348482594,0.01311014887563109,0.01311014887563109
6735,2026-05-15,0.0067274813577454,-0.0046401484650512225,-0.011367629822796623,0.011367629822796623
3088,2026-05-15,0.0202816283298224,0.010516824327779437,-0.009764804002042965,0.009764804002042965
6672,2026-05-15,0.0034649252510294,0.00938186277398026,0.005916937522950859,0.005916937522950859
8021,2026-05-15,0.0101449177684106,0.009950911173752542,-0.00019400659465805895,0.00019400659465805895
