ticker,rank,two_stage_score,pred_return_20d
3219,1,0.7413578480983217,0.005481598566519023
6643,2,0.7067418511176145,0.018164242248921568
3054,3,0.664039118937137,0.02867615727591578
6426,4,0.4304513628139851,0.018546468092160758
3189,5,0.42017208158643116,0.01338663836236764
4991,6,0.4036714173502686,0.12728673981421448
6147,7,0.33317983525692896,0.007715661698726225
7751,8,0.32350434218541174,0.027417470174313664
4542,9,0.28483872604736266,0.01702856015547717
3526,10,0.2095502841160214,0.00790027562213769
5386,11,0.20833210788504344,0.08956251847771811
3093,12,0.18958235977750612,0.016089440834486372
5347,13,0.15195461168961807,0.01908515914363718
8021,14,0.13217738398852516,0.009950911173752542
7734,15,0.13152492414382397,0.007423216194589051
3663,16,0.11867536658888819,0.04905199244912214
2351,17,0.10185598617443706,0.025772301195708388
3563,18,0.06220343491258941,0.02024692492613406
6640,19,0.050803953254786025,0.00612097166978965
2451,20,0.008608687651783508,0.03902952866800302
8086,21,-0.026549552522807315,0.006111207905866682
8040,22,-0.035511907061013336,0.021611794878984892
3354,23,-0.06646554585851874,0.01793353041703868
4908,24,-0.09327821708547357,0.014103120003025538
2337,25,-0.12672486829540547,0.015203363200628149
4971,26,-0.15651273931171403,0.03522000881010983
3163,27,-0.16956813484349065,0.007592620576152519
2360,28,-0.20545709558799016,0.021815044489019254
4764,29,-0.2115093081184571,0.027449510504586605
6805,30,-0.21584179074283974,0.030045540040613637
