prediction_date,variant,ticker,sector,signal_type,tradability_status,tradability_reason,market_regime_state,market_regime_action,weight,return_pct,contribution_pct,originally_active,rank_20d,entry_date,mark_date
2026-04-23,baseline_current,2485,通信網路業,20D_only,OPEN,,OPEN,ALLOW_NEW_POSITIONS,0.0476190476190476,-0.06379585249326358,-0.003037897737774455,True,1.0,2026-04-24,2026-04-30
2026-04-23,baseline_current,6588,通信網路業,20D_only,OPEN,,OPEN,ALLOW_NEW_POSITIONS,0.0476190476190476,0.03690036900368998,0.0017571604287471413,True,2.0,2026-04-24,2026-04-30
2026-04-23,baseline_current,3131,其他電子業,20D_only,OPEN,,OPEN,ALLOW_NEW_POSITIONS,0.0476190476190476,-0.060509554140127375,-0.0028814073400060644,True,4.0,2026-04-24,2026-04-30
2026-04-23,baseline_current,8027,電機機械,20D_only,OPEN,,OPEN,ALLOW_NEW_POSITIONS,0.0476190476190476,0.29000000000000004,0.013809523809523806,True,5.0,2026-04-24,2026-04-30
2026-04-23,baseline_current,6739,其他電子業,20D_only,OPEN,,OPEN,ALLOW_NEW_POSITIONS,0.0476190476190476,-0.08387096774193548,-0.003993855606758831,True,6.0,2026-04-24,2026-04-30
2026-04-23,baseline_current,3576,光電業,20D_only,OPEN,,OPEN,ALLOW_NEW_POSITIONS,0.0476190476190476,0.025641000560833627,0.0012210000267063627,True,8.0,2026-04-24,2026-04-30
2026-04-23,baseline_current,6226,光電業,20D_only,OPEN,,OPEN,ALLOW_NEW_POSITIONS,0.0476190476190476,-0.023346317652058524,-0.0011117294120027864,True,9.0,2026-04-24,2026-04-30
2026-04-23,baseline_current,3498,其他電子業,20D_only,OPEN,,OPEN,ALLOW_NEW_POSITIONS,0.0476190476190476,0.09351621303477353,0.004453153001655881,True,12.0,2026-04-24,2026-04-30
2026-04-23,baseline_current,3580,其他電子業,20D_only,OPEN,,OPEN,ALLOW_NEW_POSITIONS,0.0476190476190476,0.09426753536151478,0.004488930255310226,True,13.0,2026-04-24,2026-04-30
2026-04-23,baseline_current,6168,光電業,20D_only,OPEN,,OPEN,ALLOW_NEW_POSITIONS,0.0476190476190476,-0.04380950927734373,-0.0020861671084449387,True,14.0,2026-04-24,2026-04-30
2026-04-23,baseline_current,6510,半導體業,20D_only,OPEN,,OPEN,ALLOW_NEW_POSITIONS,0.0476190476190476,-0.12020460358056262,-0.005724028741931552,True,17.0,2026-04-24,2026-04-30
2026-04-23,baseline_current,1305,塑膠工業,20D_only,OPEN,,OPEN,ALLOW_NEW_POSITIONS,0.0476190476190476,-0.023026278433376457,-0.0010964894492084024,True,18.0,2026-04-24,2026-04-30
2026-04-23,baseline_current,3491,通信網路業,20D_only,OPEN,,OPEN,ALLOW_NEW_POSITIONS,0.0476190476190476,0.0,0.0,True,19.0,2026-04-24,2026-04-30
2026-04-23,baseline_current,3324,其他電子業,20D_only,OPEN,,OPEN,ALLOW_NEW_POSITIONS,0.0476190476190476,-0.008695652173912993,-0.0004140786749482376,True,20.0,2026-04-24,2026-04-30
2026-04-23,baseline_current,2527,建材營造業,20D_only,OPEN,,OPEN,ALLOW_NEW_POSITIONS,0.0476190476190476,-0.0087336026313527,-0.00041588583958822366,True,23.0,2026-04-24,2026-04-30
2026-04-23,baseline_current,2367,電子零組件業,20D_only,OPEN,,OPEN,ALLOW_NEW_POSITIONS,0.0476190476190476,-0.04628097912496776,-0.0022038561488079878,True,25.0,2026-04-24,2026-04-30
2026-04-23,baseline_current,4768,化學工業,20D_only,OPEN,,OPEN,ALLOW_NEW_POSITIONS,0.0476190476190476,-0.05513307984790872,-0.002625384754662319,True,26.0,2026-04-24,2026-04-30
2026-04-23,baseline_current,6664,電子零組件業,20D_only,OPEN,,OPEN,ALLOW_NEW_POSITIONS,0.0476190476190476,0.11927710843373496,0.005679862306368329,True,27.0,2026-04-24,2026-04-30
2026-04-23,baseline_current,1309,塑膠工業,20D_only,OPEN,,OPEN,ALLOW_NEW_POSITIONS,0.0476190476190476,-0.009523845854259694,-0.00045351646925046146,True,28.0,2026-04-24,2026-04-30
2026-04-23,baseline_current,3049,光電業,20D_only,OPEN,,OPEN,ALLOW_NEW_POSITIONS,0.0476190476190476,-0.02400001525878903,-0.001142857869466144,True,29.0,2026-04-24,2026-04-30
2026-04-23,baseline_current,1528,電機機械,20D_only,OPEN,,OPEN,ALLOW_NEW_POSITIONS,0.0476190476190476,0.07865162599680398,0.003745315523657331,True,30.0,2026-04-24,2026-04-30
2026-04-23,fallback_a_cash_if_under_min,2485,通信網路業,20D_only,OPEN,,OPEN,ALLOW_NEW_POSITIONS,0.0476190476190476,-0.06379585249326358,-0.003037897737774455,True,1.0,2026-04-24,2026-04-30
2026-04-23,fallback_a_cash_if_under_min,6588,通信網路業,20D_only,OPEN,,OPEN,ALLOW_NEW_POSITIONS,0.0476190476190476,0.03690036900368998,0.0017571604287471413,True,2.0,2026-04-24,2026-04-30
2026-04-23,fallback_a_cash_if_under_min,3131,其他電子業,20D_only,OPEN,,OPEN,ALLOW_NEW_POSITIONS,0.0476190476190476,-0.060509554140127375,-0.0028814073400060644,True,4.0,2026-04-24,2026-04-30
2026-04-23,fallback_a_cash_if_under_min,8027,電機機械,20D_only,OPEN,,OPEN,ALLOW_NEW_POSITIONS,0.0476190476190476,0.29000000000000004,0.013809523809523806,True,5.0,2026-04-24,2026-04-30
2026-04-23,fallback_a_cash_if_under_min,6739,其他電子業,20D_only,OPEN,,OPEN,ALLOW_NEW_POSITIONS,0.0476190476190476,-0.08387096774193548,-0.003993855606758831,True,6.0,2026-04-24,2026-04-30
2026-04-23,fallback_a_cash_if_under_min,3576,光電業,20D_only,OPEN,,OPEN,ALLOW_NEW_POSITIONS,0.0476190476190476,0.025641000560833627,0.0012210000267063627,True,8.0,2026-04-24,2026-04-30
2026-04-23,fallback_a_cash_if_under_min,6226,光電業,20D_only,OPEN,,OPEN,ALLOW_NEW_POSITIONS,0.0476190476190476,-0.023346317652058524,-0.0011117294120027864,True,9.0,2026-04-24,2026-04-30
2026-04-23,fallback_a_cash_if_under_min,3498,其他電子業,20D_only,OPEN,,OPEN,ALLOW_NEW_POSITIONS,0.0476190476190476,0.09351621303477353,0.004453153001655881,True,12.0,2026-04-24,2026-04-30
2026-04-23,fallback_a_cash_if_under_min,3580,其他電子業,20D_only,OPEN,,OPEN,ALLOW_NEW_POSITIONS,0.0476190476190476,0.09426753536151478,0.004488930255310226,True,13.0,2026-04-24,2026-04-30
2026-04-23,fallback_a_cash_if_under_min,6168,光電業,20D_only,OPEN,,OPEN,ALLOW_NEW_POSITIONS,0.0476190476190476,-0.04380950927734373,-0.0020861671084449387,True,14.0,2026-04-24,2026-04-30
2026-04-23,fallback_a_cash_if_under_min,6510,半導體業,20D_only,OPEN,,OPEN,ALLOW_NEW_POSITIONS,0.0476190476190476,-0.12020460358056262,-0.005724028741931552,True,17.0,2026-04-24,2026-04-30
2026-04-23,fallback_a_cash_if_under_min,1305,塑膠工業,20D_only,OPEN,,OPEN,ALLOW_NEW_POSITIONS,0.0476190476190476,-0.023026278433376457,-0.0010964894492084024,True,18.0,2026-04-24,2026-04-30
2026-04-23,fallback_a_cash_if_under_min,3491,通信網路業,20D_only,OPEN,,OPEN,ALLOW_NEW_POSITIONS,0.0476190476190476,0.0,0.0,True,19.0,2026-04-24,2026-04-30
2026-04-23,fallback_a_cash_if_under_min,3324,其他電子業,20D_only,OPEN,,OPEN,ALLOW_NEW_POSITIONS,0.0476190476190476,-0.008695652173912993,-0.0004140786749482376,True,20.0,2026-04-24,2026-04-30
2026-04-23,fallback_a_cash_if_under_min,2527,建材營造業,20D_only,OPEN,,OPEN,ALLOW_NEW_POSITIONS,0.0476190476190476,-0.0087336026313527,-0.00041588583958822366,True,23.0,2026-04-24,2026-04-30
2026-04-23,fallback_a_cash_if_under_min,2367,電子零組件業,20D_only,OPEN,,OPEN,ALLOW_NEW_POSITIONS,0.0476190476190476,-0.04628097912496776,-0.0022038561488079878,True,25.0,2026-04-24,2026-04-30
2026-04-23,fallback_a_cash_if_under_min,4768,化學工業,20D_only,OPEN,,OPEN,ALLOW_NEW_POSITIONS,0.0476190476190476,-0.05513307984790872,-0.002625384754662319,True,26.0,2026-04-24,2026-04-30
2026-04-23,fallback_a_cash_if_under_min,6664,電子零組件業,20D_only,OPEN,,OPEN,ALLOW_NEW_POSITIONS,0.0476190476190476,0.11927710843373496,0.005679862306368329,True,27.0,2026-04-24,2026-04-30
2026-04-23,fallback_a_cash_if_under_min,1309,塑膠工業,20D_only,OPEN,,OPEN,ALLOW_NEW_POSITIONS,0.0476190476190476,-0.009523845854259694,-0.00045351646925046146,True,28.0,2026-04-24,2026-04-30
2026-04-23,fallback_a_cash_if_under_min,3049,光電業,20D_only,OPEN,,OPEN,ALLOW_NEW_POSITIONS,0.0476190476190476,-0.02400001525878903,-0.001142857869466144,True,29.0,2026-04-24,2026-04-30
2026-04-23,fallback_a_cash_if_under_min,1528,電機機械,20D_only,OPEN,,OPEN,ALLOW_NEW_POSITIONS,0.0476190476190476,0.07865162599680398,0.003745315523657331,True,30.0,2026-04-24,2026-04-30
2026-04-23,fallback_b_keep_cash_buffer,2485,通信網路業,20D_only,OPEN,,OPEN,ALLOW_NEW_POSITIONS,0.0476190476190476,-0.06379585249326358,-0.003037897737774455,True,1.0,2026-04-24,2026-04-30
2026-04-23,fallback_b_keep_cash_buffer,6588,通信網路業,20D_only,OPEN,,OPEN,ALLOW_NEW_POSITIONS,0.0476190476190476,0.03690036900368998,0.0017571604287471413,True,2.0,2026-04-24,2026-04-30
2026-04-23,fallback_b_keep_cash_buffer,3131,其他電子業,20D_only,OPEN,,OPEN,ALLOW_NEW_POSITIONS,0.0476190476190476,-0.060509554140127375,-0.0028814073400060644,True,4.0,2026-04-24,2026-04-30
2026-04-23,fallback_b_keep_cash_buffer,8027,電機機械,20D_only,OPEN,,OPEN,ALLOW_NEW_POSITIONS,0.0476190476190476,0.29000000000000004,0.013809523809523806,True,5.0,2026-04-24,2026-04-30
2026-04-23,fallback_b_keep_cash_buffer,6739,其他電子業,20D_only,OPEN,,OPEN,ALLOW_NEW_POSITIONS,0.0476190476190476,-0.08387096774193548,-0.003993855606758831,True,6.0,2026-04-24,2026-04-30
2026-04-23,fallback_b_keep_cash_buffer,3576,光電業,20D_only,OPEN,,OPEN,ALLOW_NEW_POSITIONS,0.0476190476190476,0.025641000560833627,0.0012210000267063627,True,8.0,2026-04-24,2026-04-30
2026-04-23,fallback_b_keep_cash_buffer,6226,光電業,20D_only,OPEN,,OPEN,ALLOW_NEW_POSITIONS,0.0476190476190476,-0.023346317652058524,-0.0011117294120027864,True,9.0,2026-04-24,2026-04-30
2026-04-23,fallback_b_keep_cash_buffer,3498,其他電子業,20D_only,OPEN,,OPEN,ALLOW_NEW_POSITIONS,0.0476190476190476,0.09351621303477353,0.004453153001655881,True,12.0,2026-04-24,2026-04-30
2026-04-23,fallback_b_keep_cash_buffer,3580,其他電子業,20D_only,OPEN,,OPEN,ALLOW_NEW_POSITIONS,0.0476190476190476,0.09426753536151478,0.004488930255310226,True,13.0,2026-04-24,2026-04-30
2026-04-23,fallback_b_keep_cash_buffer,6168,光電業,20D_only,OPEN,,OPEN,ALLOW_NEW_POSITIONS,0.0476190476190476,-0.04380950927734373,-0.0020861671084449387,True,14.0,2026-04-24,2026-04-30
2026-04-23,fallback_b_keep_cash_buffer,6510,半導體業,20D_only,OPEN,,OPEN,ALLOW_NEW_POSITIONS,0.0476190476190476,-0.12020460358056262,-0.005724028741931552,True,17.0,2026-04-24,2026-04-30
2026-04-23,fallback_b_keep_cash_buffer,1305,塑膠工業,20D_only,OPEN,,OPEN,ALLOW_NEW_POSITIONS,0.0476190476190476,-0.023026278433376457,-0.0010964894492084024,True,18.0,2026-04-24,2026-04-30
2026-04-23,fallback_b_keep_cash_buffer,3491,通信網路業,20D_only,OPEN,,OPEN,ALLOW_NEW_POSITIONS,0.0476190476190476,0.0,0.0,True,19.0,2026-04-24,2026-04-30
2026-04-23,fallback_b_keep_cash_buffer,3324,其他電子業,20D_only,OPEN,,OPEN,ALLOW_NEW_POSITIONS,0.0476190476190476,-0.008695652173912993,-0.0004140786749482376,True,20.0,2026-04-24,2026-04-30
2026-04-23,fallback_b_keep_cash_buffer,2527,建材營造業,20D_only,OPEN,,OPEN,ALLOW_NEW_POSITIONS,0.0476190476190476,-0.0087336026313527,-0.00041588583958822366,True,23.0,2026-04-24,2026-04-30
2026-04-23,fallback_b_keep_cash_buffer,2367,電子零組件業,20D_only,OPEN,,OPEN,ALLOW_NEW_POSITIONS,0.0476190476190476,-0.04628097912496776,-0.0022038561488079878,True,25.0,2026-04-24,2026-04-30
2026-04-23,fallback_b_keep_cash_buffer,4768,化學工業,20D_only,OPEN,,OPEN,ALLOW_NEW_POSITIONS,0.0476190476190476,-0.05513307984790872,-0.002625384754662319,True,26.0,2026-04-24,2026-04-30
2026-04-23,fallback_b_keep_cash_buffer,6664,電子零組件業,20D_only,OPEN,,OPEN,ALLOW_NEW_POSITIONS,0.0476190476190476,0.11927710843373496,0.005679862306368329,True,27.0,2026-04-24,2026-04-30
2026-04-23,fallback_b_keep_cash_buffer,1309,塑膠工業,20D_only,OPEN,,OPEN,ALLOW_NEW_POSITIONS,0.0476190476190476,-0.009523845854259694,-0.00045351646925046146,True,28.0,2026-04-24,2026-04-30
2026-04-23,fallback_b_keep_cash_buffer,3049,光電業,20D_only,OPEN,,OPEN,ALLOW_NEW_POSITIONS,0.0476190476190476,-0.02400001525878903,-0.001142857869466144,True,29.0,2026-04-24,2026-04-30
2026-04-23,fallback_b_keep_cash_buffer,1528,電機機械,20D_only,OPEN,,OPEN,ALLOW_NEW_POSITIONS,0.0476190476190476,0.07865162599680398,0.003745315523657331,True,30.0,2026-04-24,2026-04-30
2026-04-23,fallback_c_relax_gate_to_min,2485,通信網路業,20D_only,OPEN,,OPEN,ALLOW_NEW_POSITIONS,0.0476190476190476,-0.06379585249326358,-0.003037897737774455,True,1.0,2026-04-24,2026-04-30
2026-04-23,fallback_c_relax_gate_to_min,6588,通信網路業,20D_only,OPEN,,OPEN,ALLOW_NEW_POSITIONS,0.0476190476190476,0.03690036900368998,0.0017571604287471413,True,2.0,2026-04-24,2026-04-30
2026-04-23,fallback_c_relax_gate_to_min,3131,其他電子業,20D_only,OPEN,,OPEN,ALLOW_NEW_POSITIONS,0.0476190476190476,-0.060509554140127375,-0.0028814073400060644,True,4.0,2026-04-24,2026-04-30
2026-04-23,fallback_c_relax_gate_to_min,8027,電機機械,20D_only,OPEN,,OPEN,ALLOW_NEW_POSITIONS,0.0476190476190476,0.29000000000000004,0.013809523809523806,True,5.0,2026-04-24,2026-04-30
2026-04-23,fallback_c_relax_gate_to_min,6739,其他電子業,20D_only,OPEN,,OPEN,ALLOW_NEW_POSITIONS,0.0476190476190476,-0.08387096774193548,-0.003993855606758831,True,6.0,2026-04-24,2026-04-30
2026-04-23,fallback_c_relax_gate_to_min,3576,光電業,20D_only,OPEN,,OPEN,ALLOW_NEW_POSITIONS,0.0476190476190476,0.025641000560833627,0.0012210000267063627,True,8.0,2026-04-24,2026-04-30
2026-04-23,fallback_c_relax_gate_to_min,6226,光電業,20D_only,OPEN,,OPEN,ALLOW_NEW_POSITIONS,0.0476190476190476,-0.023346317652058524,-0.0011117294120027864,True,9.0,2026-04-24,2026-04-30
2026-04-23,fallback_c_relax_gate_to_min,3498,其他電子業,20D_only,OPEN,,OPEN,ALLOW_NEW_POSITIONS,0.0476190476190476,0.09351621303477353,0.004453153001655881,True,12.0,2026-04-24,2026-04-30
2026-04-23,fallback_c_relax_gate_to_min,3580,其他電子業,20D_only,OPEN,,OPEN,ALLOW_NEW_POSITIONS,0.0476190476190476,0.09426753536151478,0.004488930255310226,True,13.0,2026-04-24,2026-04-30
2026-04-23,fallback_c_relax_gate_to_min,6168,光電業,20D_only,OPEN,,OPEN,ALLOW_NEW_POSITIONS,0.0476190476190476,-0.04380950927734373,-0.0020861671084449387,True,14.0,2026-04-24,2026-04-30
2026-04-23,fallback_c_relax_gate_to_min,6510,半導體業,20D_only,OPEN,,OPEN,ALLOW_NEW_POSITIONS,0.0476190476190476,-0.12020460358056262,-0.005724028741931552,True,17.0,2026-04-24,2026-04-30
2026-04-23,fallback_c_relax_gate_to_min,1305,塑膠工業,20D_only,OPEN,,OPEN,ALLOW_NEW_POSITIONS,0.0476190476190476,-0.023026278433376457,-0.0010964894492084024,True,18.0,2026-04-24,2026-04-30
2026-04-23,fallback_c_relax_gate_to_min,3491,通信網路業,20D_only,OPEN,,OPEN,ALLOW_NEW_POSITIONS,0.0476190476190476,0.0,0.0,True,19.0,2026-04-24,2026-04-30
2026-04-23,fallback_c_relax_gate_to_min,3324,其他電子業,20D_only,OPEN,,OPEN,ALLOW_NEW_POSITIONS,0.0476190476190476,-0.008695652173912993,-0.0004140786749482376,True,20.0,2026-04-24,2026-04-30
2026-04-23,fallback_c_relax_gate_to_min,2527,建材營造業,20D_only,OPEN,,OPEN,ALLOW_NEW_POSITIONS,0.0476190476190476,-0.0087336026313527,-0.00041588583958822366,True,23.0,2026-04-24,2026-04-30
2026-04-23,fallback_c_relax_gate_to_min,2367,電子零組件業,20D_only,OPEN,,OPEN,ALLOW_NEW_POSITIONS,0.0476190476190476,-0.04628097912496776,-0.0022038561488079878,True,25.0,2026-04-24,2026-04-30
2026-04-23,fallback_c_relax_gate_to_min,4768,化學工業,20D_only,OPEN,,OPEN,ALLOW_NEW_POSITIONS,0.0476190476190476,-0.05513307984790872,-0.002625384754662319,True,26.0,2026-04-24,2026-04-30
2026-04-23,fallback_c_relax_gate_to_min,6664,電子零組件業,20D_only,OPEN,,OPEN,ALLOW_NEW_POSITIONS,0.0476190476190476,0.11927710843373496,0.005679862306368329,True,27.0,2026-04-24,2026-04-30
2026-04-23,fallback_c_relax_gate_to_min,1309,塑膠工業,20D_only,OPEN,,OPEN,ALLOW_NEW_POSITIONS,0.0476190476190476,-0.009523845854259694,-0.00045351646925046146,True,28.0,2026-04-24,2026-04-30
2026-04-23,fallback_c_relax_gate_to_min,3049,光電業,20D_only,OPEN,,OPEN,ALLOW_NEW_POSITIONS,0.0476190476190476,-0.02400001525878903,-0.001142857869466144,True,29.0,2026-04-24,2026-04-30
2026-04-23,fallback_c_relax_gate_to_min,1528,電機機械,20D_only,OPEN,,OPEN,ALLOW_NEW_POSITIONS,0.0476190476190476,0.07865162599680398,0.003745315523657331,True,30.0,2026-04-24,2026-04-30
2026-04-24,baseline_current,3131,其他電子業,20D_only,OPEN,,CAUTION,LIMIT_20D_TOP10_AND_BLOCK_T1,0.25,-0.057507987220447254,-0.014376996805111814,True,1.0,2026-04-27,2026-04-30
2026-04-24,baseline_current,6588,通信網路業,20D_only,OPEN,,CAUTION,LIMIT_20D_TOP10_AND_BLOCK_T1,0.25,0.15163934426229497,0.03790983606557374,True,2.0,2026-04-27,2026-04-30
2026-04-24,baseline_current,6693,半導體業,20D_only,OPEN,,CAUTION,LIMIT_20D_TOP10_AND_BLOCK_T1,0.25,-0.037931034482758585,-0.009482758620689646,True,4.0,2026-04-27,2026-04-30
2026-04-24,baseline_current,3491,通信網路業,20D_only,OPEN,,CAUTION,LIMIT_20D_TOP10_AND_BLOCK_T1,0.25,-0.06060606060606055,-0.015151515151515138,True,8.0,2026-04-27,2026-04-30
2026-04-24,fallback_b_keep_cash_buffer,3131,其他電子業,20D_only,OPEN,,CAUTION,LIMIT_20D_TOP10_AND_BLOCK_T1,0.03333333333333333,-0.057507987220447254,-0.0019169329073482418,True,1.0,2026-04-27,2026-04-30
2026-04-24,fallback_b_keep_cash_buffer,6588,通信網路業,20D_only,OPEN,,CAUTION,LIMIT_20D_TOP10_AND_BLOCK_T1,0.03333333333333333,0.15163934426229497,0.005054644808743166,True,2.0,2026-04-27,2026-04-30
2026-04-24,fallback_b_keep_cash_buffer,6693,半導體業,20D_only,OPEN,,CAUTION,LIMIT_20D_TOP10_AND_BLOCK_T1,0.03333333333333333,-0.037931034482758585,-0.0012643678160919529,True,4.0,2026-04-27,2026-04-30
2026-04-24,fallback_b_keep_cash_buffer,3491,通信網路業,20D_only,OPEN,,CAUTION,LIMIT_20D_TOP10_AND_BLOCK_T1,0.03333333333333333,-0.06060606060606055,-0.0020202020202020185,True,8.0,2026-04-27,2026-04-30
2026-04-24,fallback_c_relax_gate_to_min,3131,其他電子業,20D_only,OPEN,,CAUTION,LIMIT_20D_TOP10_AND_BLOCK_T1,0.1,-0.057507987220447254,-0.005750798722044726,True,1.0,2026-04-27,2026-04-30
2026-04-24,fallback_c_relax_gate_to_min,6588,通信網路業,20D_only,OPEN,,CAUTION,LIMIT_20D_TOP10_AND_BLOCK_T1,0.1,0.15163934426229497,0.015163934426229498,True,2.0,2026-04-27,2026-04-30
2026-04-24,fallback_c_relax_gate_to_min,6693,半導體業,20D_only,OPEN,,CAUTION,LIMIT_20D_TOP10_AND_BLOCK_T1,0.1,-0.037931034482758585,-0.0037931034482758586,True,4.0,2026-04-27,2026-04-30
2026-04-24,fallback_c_relax_gate_to_min,3491,通信網路業,20D_only,OPEN,,CAUTION,LIMIT_20D_TOP10_AND_BLOCK_T1,0.1,-0.06060606060606055,-0.006060606060606055,True,8.0,2026-04-27,2026-04-30
2026-04-24,fallback_c_relax_gate_to_min,7751,半導體業,NONE,BLOCKED,LOW_LIQUIDITY,CAUTION,LIMIT_20D_TOP10_AND_BLOCK_T1,0.1,-0.0850661625708885,-0.00850661625708885,False,3.0,2026-04-27,2026-04-30
2026-04-24,fallback_c_relax_gate_to_min,4971,半導體業,NONE,BLOCKED,OVERHEAT_RISK,CAUTION,LIMIT_20D_TOP10_AND_BLOCK_T1,0.1,0.0910344827586207,0.00910344827586207,False,5.0,2026-04-27,2026-04-30
2026-04-24,fallback_c_relax_gate_to_min,7734,半導體業,NONE,BLOCKED,OVERHEAT_RISK,CAUTION,LIMIT_20D_TOP10_AND_BLOCK_T1,0.1,-0.056786703601108046,-0.005678670360110805,False,6.0,2026-04-27,2026-04-30
2026-04-24,fallback_c_relax_gate_to_min,4991,半導體業,NONE,BLOCKED,OVERHEAT_RISK; DISPOSITION_PERIOD,CAUTION,LIMIT_20D_TOP10_AND_BLOCK_T1,0.1,0.09740259740259738,0.009740259740259738,False,7.0,2026-04-27,2026-04-30
2026-04-24,fallback_c_relax_gate_to_min,6568,半導體業,NONE,BLOCKED,OVERHEAT_RISK,CAUTION,LIMIT_20D_TOP10_AND_BLOCK_T1,0.1,-0.13357400722021662,-0.013357400722021663,False,9.0,2026-04-27,2026-04-30
2026-04-24,fallback_c_relax_gate_to_min,3081,通信網路業,NONE,BLOCKED,OVERHEAT_RISK,CAUTION,LIMIT_20D_TOP10_AND_BLOCK_T1,0.1,-0.07205623901581726,-0.007205623901581726,False,10.0,2026-04-27,2026-04-30
2026-04-27,baseline_current,3131,其他電子業,20D_only,OPEN,,CAUTION,LIMIT_20D_TOP10_AND_BLOCK_T1,0.2,0.02430555555555558,0.004861111111111116,True,1.0,2026-04-28,2026-04-30
2026-04-27,baseline_current,6588,通信網路業,20D_only,OPEN,,CAUTION,LIMIT_20D_TOP10_AND_BLOCK_T1,0.2,0.13765182186234814,0.02753036437246963,True,3.0,2026-04-28,2026-04-30
2026-04-27,baseline_current,3491,通信網路業,20D_only,OPEN,,CAUTION,LIMIT_20D_TOP10_AND_BLOCK_T1,0.2,-0.049079754601227044,-0.00981595092024541,True,4.0,2026-04-28,2026-04-30
2026-04-27,baseline_current,6568,半導體業,20D_only,OPEN,,CAUTION,LIMIT_20D_TOP10_AND_BLOCK_T1,0.2,-0.041916167664670656,-0.008383233532934131,True,8.0,2026-04-28,2026-04-30
2026-04-27,baseline_current,2485,通信網路業,20D_only,OPEN,,CAUTION,LIMIT_20D_TOP10_AND_BLOCK_T1,0.2,-0.05778488793270409,-0.011556977586540819,True,10.0,2026-04-28,2026-04-30
2026-04-27,fallback_b_keep_cash_buffer,3131,其他電子業,20D_only,OPEN,,CAUTION,LIMIT_20D_TOP10_AND_BLOCK_T1,0.03333333333333333,0.02430555555555558,0.000810185185185186,True,1.0,2026-04-28,2026-04-30
2026-04-27,fallback_b_keep_cash_buffer,6588,通信網路業,20D_only,OPEN,,CAUTION,LIMIT_20D_TOP10_AND_BLOCK_T1,0.03333333333333333,0.13765182186234814,0.004588394062078271,True,3.0,2026-04-28,2026-04-30
2026-04-27,fallback_b_keep_cash_buffer,3491,通信網路業,20D_only,OPEN,,CAUTION,LIMIT_20D_TOP10_AND_BLOCK_T1,0.03333333333333333,-0.049079754601227044,-0.0016359918200409013,True,4.0,2026-04-28,2026-04-30
2026-04-27,fallback_b_keep_cash_buffer,6568,半導體業,20D_only,OPEN,,CAUTION,LIMIT_20D_TOP10_AND_BLOCK_T1,0.03333333333333333,-0.041916167664670656,-0.0013972055888223551,True,8.0,2026-04-28,2026-04-30
2026-04-27,fallback_b_keep_cash_buffer,2485,通信網路業,20D_only,OPEN,,CAUTION,LIMIT_20D_TOP10_AND_BLOCK_T1,0.03333333333333333,-0.05778488793270409,-0.0019261629310901361,True,10.0,2026-04-28,2026-04-30
2026-04-27,fallback_c_relax_gate_to_min,3131,其他電子業,20D_only,OPEN,,CAUTION,LIMIT_20D_TOP10_AND_BLOCK_T1,0.1,0.02430555555555558,0.002430555555555558,True,1.0,2026-04-28,2026-04-30
2026-04-27,fallback_c_relax_gate_to_min,6588,通信網路業,20D_only,OPEN,,CAUTION,LIMIT_20D_TOP10_AND_BLOCK_T1,0.1,0.13765182186234814,0.013765182186234815,True,3.0,2026-04-28,2026-04-30
2026-04-27,fallback_c_relax_gate_to_min,3491,通信網路業,20D_only,OPEN,,CAUTION,LIMIT_20D_TOP10_AND_BLOCK_T1,0.1,-0.049079754601227044,-0.004907975460122705,True,4.0,2026-04-28,2026-04-30
2026-04-27,fallback_c_relax_gate_to_min,6568,半導體業,20D_only,OPEN,,CAUTION,LIMIT_20D_TOP10_AND_BLOCK_T1,0.1,-0.041916167664670656,-0.004191616766467066,True,8.0,2026-04-28,2026-04-30
2026-04-27,fallback_c_relax_gate_to_min,2485,通信網路業,20D_only,OPEN,,CAUTION,LIMIT_20D_TOP10_AND_BLOCK_T1,0.1,-0.05778488793270409,-0.0057784887932704095,True,10.0,2026-04-28,2026-04-30
2026-04-27,fallback_c_relax_gate_to_min,6683,半導體業,NONE,BLOCKED,OVERHEAT_RISK,CAUTION,LIMIT_20D_TOP10_AND_BLOCK_T1,0.1,0.24269005847953218,0.024269005847953218,False,2.0,2026-04-28,2026-04-30
2026-04-27,fallback_c_relax_gate_to_min,3081,通信網路業,NONE,BLOCKED,OVERHEAT_RISK,CAUTION,LIMIT_20D_TOP10_AND_BLOCK_T1,0.1,0.03529411764705892,0.003529411764705892,False,5.0,2026-04-28,2026-04-30
2026-04-27,fallback_c_relax_gate_to_min,6830,其他電子業,NONE,BLOCKED,OVERHEAT_RISK,CAUTION,LIMIT_20D_TOP10_AND_BLOCK_T1,0.1,0.3056835637480799,0.030568356374807995,False,6.0,2026-04-28,2026-04-30
2026-04-27,fallback_c_relax_gate_to_min,7751,半導體業,NONE,BLOCKED,LOW_LIQUIDITY,CAUTION,LIMIT_20D_TOP10_AND_BLOCK_T1,0.1,-0.004115226337448541,-0.0004115226337448541,False,7.0,2026-04-28,2026-04-30
2026-04-27,fallback_c_relax_gate_to_min,4741,化學工業,NONE,BLOCKED,OVERHEAT_RISK,CAUTION,LIMIT_20D_TOP10_AND_BLOCK_T1,0.1,0.08119212383047958,0.008119212383047959,False,9.0,2026-04-28,2026-04-30
2026-04-28,baseline_current,3131,其他電子業,20D_only,OPEN,,CAUTION,LIMIT_20D_TOP10_AND_BLOCK_T1,0.2,0.01899827288428324,0.0037996545768566484,True,1.0,2026-04-29,2026-04-30
2026-04-28,baseline_current,6223,半導體業,20D_only,OPEN,,CAUTION,LIMIT_20D_TOP10_AND_BLOCK_T1,0.2,0.011293634496919891,0.0022587268993839783,True,2.0,2026-04-29,2026-04-30
2026-04-28,baseline_current,6568,半導體業,20D_only,OPEN,,CAUTION,LIMIT_20D_TOP10_AND_BLOCK_T1,0.2,-0.040000000000000036,-0.008000000000000007,True,4.0,2026-04-29,2026-04-30
2026-04-28,baseline_current,3491,通信網路業,20D_only,OPEN,,CAUTION,LIMIT_20D_TOP10_AND_BLOCK_T1,0.2,-0.01898734177215189,-0.003797468354430378,True,7.0,2026-04-29,2026-04-30
2026-04-28,baseline_current,6588,通信網路業,20D_only,OPEN,,CAUTION,LIMIT_20D_TOP10_AND_BLOCK_T1,0.2,0.040740740740740744,0.00814814814814815,True,8.0,2026-04-29,2026-04-30
2026-04-28,fallback_b_keep_cash_buffer,3131,其他電子業,20D_only,OPEN,,CAUTION,LIMIT_20D_TOP10_AND_BLOCK_T1,0.03333333333333333,0.01899827288428324,0.0006332757628094414,True,1.0,2026-04-29,2026-04-30
2026-04-28,fallback_b_keep_cash_buffer,6223,半導體業,20D_only,OPEN,,CAUTION,LIMIT_20D_TOP10_AND_BLOCK_T1,0.03333333333333333,0.011293634496919891,0.00037645448323066303,True,2.0,2026-04-29,2026-04-30
2026-04-28,fallback_b_keep_cash_buffer,6568,半導體業,20D_only,OPEN,,CAUTION,LIMIT_20D_TOP10_AND_BLOCK_T1,0.03333333333333333,-0.040000000000000036,-0.0013333333333333346,True,4.0,2026-04-29,2026-04-30
2026-04-28,fallback_b_keep_cash_buffer,3491,通信網路業,20D_only,OPEN,,CAUTION,LIMIT_20D_TOP10_AND_BLOCK_T1,0.03333333333333333,-0.01898734177215189,-0.000632911392405063,True,7.0,2026-04-29,2026-04-30
2026-04-28,fallback_b_keep_cash_buffer,6588,通信網路業,20D_only,OPEN,,CAUTION,LIMIT_20D_TOP10_AND_BLOCK_T1,0.03333333333333333,0.040740740740740744,0.0013580246913580249,True,8.0,2026-04-29,2026-04-30
2026-04-28,fallback_c_relax_gate_to_min,3131,其他電子業,20D_only,OPEN,,CAUTION,LIMIT_20D_TOP10_AND_BLOCK_T1,0.1,0.01899827288428324,0.0018998272884283242,True,1.0,2026-04-29,2026-04-30
2026-04-28,fallback_c_relax_gate_to_min,6223,半導體業,20D_only,OPEN,,CAUTION,LIMIT_20D_TOP10_AND_BLOCK_T1,0.1,0.011293634496919891,0.0011293634496919891,True,2.0,2026-04-29,2026-04-30
2026-04-28,fallback_c_relax_gate_to_min,6568,半導體業,20D_only,OPEN,,CAUTION,LIMIT_20D_TOP10_AND_BLOCK_T1,0.1,-0.040000000000000036,-0.0040000000000000036,True,4.0,2026-04-29,2026-04-30
2026-04-28,fallback_c_relax_gate_to_min,3491,通信網路業,20D_only,OPEN,,CAUTION,LIMIT_20D_TOP10_AND_BLOCK_T1,0.1,-0.01898734177215189,-0.001898734177215189,True,7.0,2026-04-29,2026-04-30
2026-04-28,fallback_c_relax_gate_to_min,6588,通信網路業,20D_only,OPEN,,CAUTION,LIMIT_20D_TOP10_AND_BLOCK_T1,0.1,0.040740740740740744,0.004074074074074075,True,8.0,2026-04-29,2026-04-30
2026-04-28,fallback_c_relax_gate_to_min,6683,半導體業,NONE,BLOCKED,OVERHEAT_RISK,CAUTION,LIMIT_20D_TOP10_AND_BLOCK_T1,0.1,0.1517615176151761,0.01517615176151761,False,3.0,2026-04-29,2026-04-30
2026-04-28,fallback_c_relax_gate_to_min,3081,通信網路業,NONE,BLOCKED,OVERHEAT_RISK,CAUTION,LIMIT_20D_TOP10_AND_BLOCK_T1,0.1,0.06451612903225801,0.006451612903225801,False,5.0,2026-04-29,2026-04-30
2026-04-28,fallback_c_relax_gate_to_min,4741,化學工業,NONE,BLOCKED,OVERHEAT_RISK,CAUTION,LIMIT_20D_TOP10_AND_BLOCK_T1,0.1,-0.040145999882635564,-0.004014599988263557,False,6.0,2026-04-29,2026-04-30
2026-04-28,fallback_c_relax_gate_to_min,6830,其他電子業,NONE,BLOCKED,OVERHEAT_RISK,CAUTION,LIMIT_20D_TOP10_AND_BLOCK_T1,0.1,0.18055555555555558,0.018055555555555557,False,9.0,2026-04-29,2026-04-30
2026-04-28,fallback_c_relax_gate_to_min,4991,半導體業,NONE,BLOCKED,OVERHEAT_RISK,CAUTION,LIMIT_20D_TOP10_AND_BLOCK_T1,0.1,0.07131537242472263,0.007131537242472264,False,10.0,2026-04-29,2026-04-30
2026-04-29,baseline_current,3131,其他電子業,20D_only,OPEN,,CAUTION,LIMIT_20D_TOP10_AND_BLOCK_T1,0.1428571428571428,0.01899827288428324,0.002714038983469033,True,1.0,2026-04-30,2026-04-30
2026-04-29,baseline_current,6223,半導體業,20D_only,OPEN,,CAUTION,LIMIT_20D_TOP10_AND_BLOCK_T1,0.1428571428571428,-0.015000000000000013,-0.002142857142857144,True,2.0,2026-04-30,2026-04-30
2026-04-29,baseline_current,3491,通信網路業,20D_only,OPEN,,CAUTION,LIMIT_20D_TOP10_AND_BLOCK_T1,0.1428571428571428,-0.009584664536741228,-0.001369237790963032,True,5.0,2026-04-30,2026-04-30
2026-04-29,baseline_current,6426,通信網路業,20D_only,OPEN,,CAUTION,LIMIT_20D_TOP10_AND_BLOCK_T1,0.1428571428571428,0.04929577464788726,0.007042253521126748,True,7.0,2026-04-30,2026-04-30
2026-04-29,baseline_current,6588,通信網路業,20D_only,OPEN,,CAUTION,LIMIT_20D_TOP10_AND_BLOCK_T1,0.1428571428571428,0.018115942028985588,0.0025879917184265114,True,8.0,2026-04-30,2026-04-30
2026-04-29,baseline_current,6788,半導體業,20D_only,OPEN,,CAUTION,LIMIT_20D_TOP10_AND_BLOCK_T1,0.1428571428571428,0.00454545454545463,0.0006493506493506612,True,9.0,2026-04-30,2026-04-30
2026-04-29,baseline_current,3580,其他電子業,20D_only,OPEN,,CAUTION,LIMIT_20D_TOP10_AND_BLOCK_T1,0.1428571428571428,0.005854800832157947,0.0008364001188797064,True,10.0,2026-04-30,2026-04-30
2026-04-29,fallback_b_keep_cash_buffer,3131,其他電子業,20D_only,OPEN,,CAUTION,LIMIT_20D_TOP10_AND_BLOCK_T1,0.03333333333333333,0.01899827288428324,0.0006332757628094414,True,1.0,2026-04-30,2026-04-30
2026-04-29,fallback_b_keep_cash_buffer,6223,半導體業,20D_only,OPEN,,CAUTION,LIMIT_20D_TOP10_AND_BLOCK_T1,0.03333333333333333,-0.015000000000000013,-0.0005000000000000004,True,2.0,2026-04-30,2026-04-30
2026-04-29,fallback_b_keep_cash_buffer,3491,通信網路業,20D_only,OPEN,,CAUTION,LIMIT_20D_TOP10_AND_BLOCK_T1,0.03333333333333333,-0.009584664536741228,-0.00031948881789137424,True,5.0,2026-04-30,2026-04-30
2026-04-29,fallback_b_keep_cash_buffer,6426,通信網路業,20D_only,OPEN,,CAUTION,LIMIT_20D_TOP10_AND_BLOCK_T1,0.03333333333333333,0.04929577464788726,0.0016431924882629085,True,7.0,2026-04-30,2026-04-30
2026-04-29,fallback_b_keep_cash_buffer,6588,通信網路業,20D_only,OPEN,,CAUTION,LIMIT_20D_TOP10_AND_BLOCK_T1,0.03333333333333333,0.018115942028985588,0.0006038647342995196,True,8.0,2026-04-30,2026-04-30
2026-04-29,fallback_b_keep_cash_buffer,6788,半導體業,20D_only,OPEN,,CAUTION,LIMIT_20D_TOP10_AND_BLOCK_T1,0.03333333333333333,0.00454545454545463,0.00015151515151515433,True,9.0,2026-04-30,2026-04-30
2026-04-29,fallback_b_keep_cash_buffer,3580,其他電子業,20D_only,OPEN,,CAUTION,LIMIT_20D_TOP10_AND_BLOCK_T1,0.03333333333333333,0.005854800832157947,0.00019516002773859822,True,10.0,2026-04-30,2026-04-30
2026-04-29,fallback_c_relax_gate_to_min,3131,其他電子業,20D_only,OPEN,,CAUTION,LIMIT_20D_TOP10_AND_BLOCK_T1,0.1,0.01899827288428324,0.0018998272884283242,True,1.0,2026-04-30,2026-04-30
2026-04-29,fallback_c_relax_gate_to_min,6223,半導體業,20D_only,OPEN,,CAUTION,LIMIT_20D_TOP10_AND_BLOCK_T1,0.1,-0.015000000000000013,-0.0015000000000000013,True,2.0,2026-04-30,2026-04-30
2026-04-29,fallback_c_relax_gate_to_min,3491,通信網路業,20D_only,OPEN,,CAUTION,LIMIT_20D_TOP10_AND_BLOCK_T1,0.1,-0.009584664536741228,-0.0009584664536741228,True,5.0,2026-04-30,2026-04-30
2026-04-29,fallback_c_relax_gate_to_min,6426,通信網路業,20D_only,OPEN,,CAUTION,LIMIT_20D_TOP10_AND_BLOCK_T1,0.1,0.04929577464788726,0.004929577464788726,True,7.0,2026-04-30,2026-04-30
2026-04-29,fallback_c_relax_gate_to_min,6588,通信網路業,20D_only,OPEN,,CAUTION,LIMIT_20D_TOP10_AND_BLOCK_T1,0.1,0.018115942028985588,0.0018115942028985588,True,8.0,2026-04-30,2026-04-30
2026-04-29,fallback_c_relax_gate_to_min,6788,半導體業,20D_only,OPEN,,CAUTION,LIMIT_20D_TOP10_AND_BLOCK_T1,0.1,0.00454545454545463,0.00045454545454546306,True,9.0,2026-04-30,2026-04-30
2026-04-29,fallback_c_relax_gate_to_min,3580,其他電子業,20D_only,OPEN,,CAUTION,LIMIT_20D_TOP10_AND_BLOCK_T1,0.1,0.005854800832157947,0.0005854800832157947,True,10.0,2026-04-30,2026-04-30
2026-04-29,fallback_c_relax_gate_to_min,6683,半導體業,NONE,BLOCKED,OVERHEAT_RISK,CAUTION,LIMIT_20D_TOP10_AND_BLOCK_T1,0.1,0.0,0.0,False,3.0,2026-04-30,2026-04-30
2026-04-29,fallback_c_relax_gate_to_min,4741,化學工業,NONE,BLOCKED,OVERHEAT_RISK,CAUTION,LIMIT_20D_TOP10_AND_BLOCK_T1,0.1,-0.022304847211091272,-0.0022304847211091273,False,4.0,2026-04-30,2026-04-30
2026-04-29,fallback_c_relax_gate_to_min,4991,半導體業,NONE,BLOCKED,OVERHEAT_RISK,CAUTION,LIMIT_20D_TOP10_AND_BLOCK_T1,0.1,0.049689440993788914,0.004968944099378892,False,6.0,2026-04-30,2026-04-30
