prediction_date,ticker,sector,rank_20d,tradability_reason,price_vs_ma60_used,price_vs_ma20_used,beta_60_used,return_to_mark_pct,entry_date,mark_date,return_20d_pct,return_20d_exit_date,full_20d_available
2026-04-09,3081,通信網路業,2.0,OVERHEAT_RISK,0.7662359456284612,0.2847116264876411,1.08397,0.20273348519362178,2026-04-10,2026-04-30,,,False
2026-04-09,3131,其他電子業,3.0,OVERHEAT_RISK,0.6284860557768924,0.2695331456857226,0.9639098,-0.0809968847352025,2026-04-10,2026-04-30,,,False
2026-04-09,3491,通信網路業,4.0,OVERHEAT_RISK,0.4058630881060787,0.1962616822429906,1.556677,-0.1292134831460674,2026-04-10,2026-04-30,,,False
2026-04-09,3498,其他電子業,5.0,OVERHEAT_RISK,0.4114092777570536,0.1378703469835889,0.6306408,-0.025555589463975736,2026-04-10,2026-04-30,,,False
2026-04-09,5475,電子零組件業,8.0,OVERHEAT_RISK,0.7133507592091932,0.2536706573300203,1.7957323,0.29241877256317683,2026-04-10,2026-04-30,,,False
2026-04-09,3363,通信網路業,17.0,OVERHEAT_RISK,0.4485097318780331,0.1843228560341482,1.6372241,0.0,2026-04-10,2026-04-30,,,False
2026-04-09,8046,電子零組件業,18.0,OVERHEAT_RISK; HIGH_BETA_RISK,0.5373714548344471,0.2051882543685821,1.8393772,0.48011782032400596,2026-04-10,2026-04-30,,,False
2026-04-09,2360,其他電子業,21.0,OVERHEAT_RISK; HIGH_BETA_RISK,0.4841302915832068,0.1706696357563225,1.8853071,0.09844559585492219,2026-04-10,2026-04-30,,,False
2026-04-09,3563,光電業,24.0,OVERHEAT_RISK,0.4674026972259102,0.1664333799906685,0.8013161,-0.05108695652173911,2026-04-10,2026-04-30,,,False
2026-04-10,1785,其他電子業,2.0,OVERHEAT_RISK,0.5745347913515962,0.2432723307398196,1.0953138,0.3031496062992125,2026-04-13,2026-04-30,,,False
2026-04-10,3583,半導體業,4.0,OVERHEAT_RISK,0.7559193790359403,0.4269811820832229,1.4727011,0.13142857142857145,2026-04-13,2026-04-30,,,False
2026-04-10,2467,電子零組件業,8.0,OVERHEAT_RISK,0.6749504262058665,0.3428305977082688,0.97600704,0.08749999999999991,2026-04-13,2026-04-30,,,False
2026-04-13,3131,其他電子業,1.0,OVERHEAT_RISK,0.6894921827657253,0.2843191450156624,0.84411657,-0.1748251748251748,2026-04-14,2026-04-30,,,False
2026-04-13,1785,其他電子業,4.0,OVERHEAT_RISK,0.7071804593845346,0.3357875307960821,1.1418812,0.18637992831541217,2026-04-14,2026-04-30,,,False
2026-04-13,4577,其他電子業,5.0,OVERHEAT_RISK,0.7886421213596868,0.3444732506453406,1.6220871,0.0714285714285714,2026-04-14,2026-04-30,,,False
2026-04-13,6640,半導體業,6.0,OVERHEAT_RISK,0.8506186253548772,0.3681060282171868,1.2618647,-0.1843575418994413,2026-04-14,2026-04-30,,,False
2026-04-13,3105,半導體業,10.0,OVERHEAT_RISK; HIGH_BETA_RISK,0.5794918956201863,0.2471917761590304,1.9370654,0.14529914529914523,2026-04-14,2026-04-30,,,False
2026-04-13,6426,通信網路業,12.0,OVERHEAT_RISK,0.6014103292666231,0.3290362185389809,1.4129249,0.06428571428571428,2026-04-14,2026-04-30,,,False
2026-04-13,8021,其他電子業,13.0,OVERHEAT_RISK; HIGH_BETA_RISK,0.4845850096228765,0.3278797679064016,1.8897445,0.08783783783783794,2026-04-14,2026-04-30,,,False
2026-04-13,4576,電機機械,15.0,OVERHEAT_RISK,0.476510067114094,0.3496932515337423,1.020575,0.11557788944723613,2026-04-14,2026-04-30,,,False
2026-04-13,6291,半導體業,17.0,OVERHEAT_RISK,0.600341796875,0.2156617289102162,1.1519043,-0.07658643326039383,2026-04-14,2026-04-30,,,False
2026-04-13,3587,其他電子業,26.0,OVERHEAT_RISK,0.497994810096721,0.3642711354603072,0.93853587,0.010670731707317138,2026-04-14,2026-04-30,,,False
2026-04-14,4764,化學工業,2.0,OVERHEAT_RISK,0.4381591562799616,0.3213530655391119,1.6808589,0.3796791443850267,2026-04-15,2026-04-30,,,False
2026-04-14,5475,電子零組件業,3.0,OVERHEAT_RISK; HIGH_BETA_RISK,0.8333365573103666,0.3514380412701807,2.017294,0.09480122324159024,2026-04-15,2026-04-30,,,False
2026-04-14,3289,其他電子業,4.0,OVERHEAT_RISK,0.4298355994935809,0.3293264981438924,1.073399,0.0585106382978724,2026-04-15,2026-04-30,,,False
2026-04-14,1597,電機機械,5.0,OVERHEAT_RISK,0.4653586710893933,0.352115858648642,1.0238483,0.23175965665236054,2026-04-15,2026-04-30,,,False
2026-04-15,4979,通信網路業,2.0,OVERHEAT_RISK,0.4662662479081176,0.2934538615543287,1.4388803,0.10526315789473695,2026-04-16,2026-04-30,,,False
2026-04-15,2360,其他電子業,3.0,OVERHEAT_RISK; HIGH_BETA_RISK,0.543418187375043,0.224613519248257,1.8564991,0.019230769230769162,2026-04-16,2026-04-30,,,False
2026-04-15,8155,電子零組件業,5.0,OVERHEAT_RISK,0.596052533946724,0.2955099828349443,1.2973509,0.21994134897360706,2026-04-16,2026-04-30,,,False
2026-04-15,3673,光電業,6.0,OVERHEAT_RISK,0.5433113445735043,0.3854166611615154,0.9092652,-0.13093522984346895,2026-04-16,2026-04-30,,,False
2026-04-15,6187,半導體業,8.0,OVERHEAT_RISK,0.8908000499770939,0.2630758958379701,1.2983547,0.07079646017699126,2026-04-16,2026-04-30,,,False
2026-04-16,3533,電子零組件業,1.0,OVERHEAT_RISK,0.4271499644633973,0.1601571527617286,1.5570976,0.03976143141153088,2026-04-17,2026-04-30,,,False
2026-04-16,3529,半導體業,2.0,OVERHEAT_RISK,0.6121546159982596,0.2852311161217587,1.6423975,0.02770448548812654,2026-04-17,2026-04-30,,,False
2026-04-16,8046,電子零組件業,3.0,OVERHEAT_RISK; HIGH_BETA_RISK,0.5311648320532333,0.2134982748464193,1.8371546,0.3804945054945055,2026-04-17,2026-04-30,,,False
2026-04-16,3581,半導體業,4.0,OVERHEAT_RISK; DISPOSITION_PERIOD,0.4902140205648534,0.4222979573240063,1.4572338,0.5147679324894514,2026-04-17,2026-04-30,,,False
2026-04-16,4979,通信網路業,6.0,OVERHEAT_RISK,0.5918505942275042,0.3898606581678031,1.480198,-0.011363636363636354,2026-04-17,2026-04-30,,,False
2026-04-16,6285,通信網路業,7.0,OVERHEAT_RISK,0.5504476167432857,0.3529262731188244,1.4105737,-0.19402985074626866,2026-04-17,2026-04-30,,,False
2026-04-17,3081,通信網路業,2.0,OVERHEAT_RISK,0.9054598754122388,0.3651877133105802,1.0776298,-0.0452079566003617,2026-04-20,2026-04-30,,,False
2026-04-17,3529,半導體業,3.0,OVERHEAT_RISK,0.7425079285892455,0.3812388780611812,1.5761702,-0.026249999999999996,2026-04-20,2026-04-30,,,False
2026-04-17,3533,電子零組件業,4.0,OVERHEAT_RISK,0.4014352047277332,0.1358193636674649,1.557346,-0.005703422053231932,2026-04-20,2026-04-30,,,False
2026-04-17,3054,食品工業,5.0,OVERHEAT_RISK,0.514151352752379,0.0849935112420227,0.31315023,-0.15275996524756996,2026-04-20,2026-04-30,,,False
2026-04-17,6588,通信網路業,6.0,OVERHEAT_RISK,0.6985525775078765,0.2247639336749374,0.9318413,-0.09935897435897434,2026-04-20,2026-04-30,,,False
2026-04-17,6739,其他電子業,9.0,OVERHEAT_RISK,0.4914908534642105,0.1594202898550724,1.318327,-0.10410094637223977,2026-04-20,2026-04-30,,,False
2026-04-17,3131,其他電子業,10.0,OVERHEAT_RISK,0.5072351919737602,0.1079908092928261,0.75924766,-0.10606060606060608,2026-04-20,2026-04-30,,,False
2026-04-17,2360,其他電子業,11.0,OVERHEAT_RISK,0.6707003852612862,0.3164039696438996,1.7855207,0.026634382566586012,2026-04-20,2026-04-30,,,False
2026-04-17,6640,半導體業,12.0,OVERHEAT_RISK,0.5952209019891026,0.1473087818696883,1.2289766,-0.10429447852760731,2026-04-20,2026-04-30,,,False
2026-04-17,6821,電子零組件業,13.0,OVERHEAT_RISK,0.5710461948161847,0.2406947821224151,0.2741535,-0.26666667726304794,2026-04-20,2026-04-30,,,False
2026-04-17,6426,通信網路業,15.0,OVERHEAT_RISK,0.5874125902356637,0.3121387283236994,1.2387064,-0.10240963855421692,2026-04-20,2026-04-30,,,False
2026-04-17,3105,半導體業,18.0,OVERHEAT_RISK; HIGH_BETA_RISK,0.7436782228931902,0.3399627097576134,1.88393,-0.01831501831501836,2026-04-20,2026-04-30,,,False
2026-04-17,6664,電子零組件業,20.0,OVERHEAT_RISK,0.444731206413706,0.2809464689987585,0.7702925,0.060502283105022814,2026-04-20,2026-04-30,,,False
2026-04-17,3665,其他電子業,27.0,OVERHEAT_RISK,0.4455253909234453,0.1844246901214473,1.0460125,0.15657620041753662,2026-04-20,2026-04-30,,,False
2026-04-17,8046,電子零組件業,28.0,OVERHEAT_RISK; HIGH_BETA_RISK,0.5116663476763001,0.2026578073089701,1.8347745,0.3581081081081081,2026-04-20,2026-04-30,,,False
2026-04-17,2383,電子零組件業,30.0,OVERHEAT_RISK,0.5780184794269301,0.2262020006453694,1.7844273,0.20238095238095233,2026-04-20,2026-04-30,,,False
2026-04-20,3529,半導體業,2.0,OVERHEAT_RISK,0.8397958113352681,0.4468365916027386,1.5780971,-0.12274774774774777,2026-04-21,2026-04-30,,,False
2026-04-20,3533,電子零組件業,4.0,OVERHEAT_RISK,0.4610389610389609,0.1813681368136813,1.5606145,-0.013207547169811318,2026-04-21,2026-04-30,,,False
2026-04-20,6588,通信網路業,6.0,OVERHEAT_RISK,0.6665173371561687,0.1986235148057423,0.9264806,-0.09935897435897434,2026-04-21,2026-04-30,,,False
2026-04-20,3054,食品工業,7.0,OVERHEAT_RISK,0.4550951905045093,0.0670908504132873,0.3190294,-0.09589041095890416,2026-04-21,2026-04-30,,,False
2026-04-20,3131,其他電子業,9.0,OVERHEAT_RISK,0.4706780696395847,0.0752868268989196,0.75696695,-0.12462908011869434,2026-04-21,2026-04-30,,,False
2026-04-20,6739,其他電子業,12.0,OVERHEAT_RISK,0.5084141225272221,0.1721611721611721,1.32653,-0.13677811550151975,2026-04-21,2026-04-30,,,False
2026-04-20,3105,半導體業,13.0,OVERHEAT_RISK; HIGH_BETA_RISK,0.8787686448746428,0.4295200724418955,1.873595,-0.14239999999999997,2026-04-21,2026-04-30,,,False
2026-04-20,3081,通信網路業,16.0,OVERHEAT_RISK,1.0414718583818123,0.4514082720121796,1.0616646,-0.09278350515463918,2026-04-21,2026-04-30,,,False
2026-04-20,6640,半導體業,18.0,OVERHEAT_RISK,0.5315548928721923,0.0967966573816156,1.2136751,-0.08176100628930816,2026-04-21,2026-04-30,,,False
2026-04-20,3665,其他電子業,20.0,OVERHEAT_RISK,0.487453391111559,0.2095881991395206,1.0575702,0.0778210116731517,2026-04-21,2026-04-30,,,False
2026-04-20,6426,通信網路業,28.0,OVERHEAT_RISK,0.7133047240220838,0.4113986706265026,1.2399251,-0.12007874015748032,2026-04-21,2026-04-30,,,False
2026-04-20,3653,電子零組件業,30.0,OVERHEAT_RISK,0.4910152962724617,0.2361487318394484,1.197068,0.034615384615384714,2026-04-21,2026-04-30,,,False
2026-04-21,6588,通信網路業,2.0,OVERHEAT_RISK,0.6195542269310238,0.1671672419260494,0.9006961,-0.0726072607260726,2026-04-22,2026-04-30,,,False
2026-04-21,6739,其他電子業,6.0,OVERHEAT_RISK,0.5879157445096187,0.2297734627831715,1.3488827,-0.1768115942028986,2026-04-22,2026-04-30,,,False
2026-04-21,3131,其他電子業,13.0,OVERHEAT_RISK,0.4857876259861838,0.0821511052457934,0.75916284,-0.1272189349112426,2026-04-22,2026-04-30,,,False
2026-04-21,3529,半導體業,14.0,OVERHEAT_RISK; DISPOSITION_PERIOD,0.8116314976839938,0.412180052956752,1.5553472,-0.09628770301624134,2026-04-22,2026-04-30,,,False
2026-04-21,5386,電腦及週邊設備業,15.0,OVERHEAT_RISK,0.5683217600098024,0.1333333333333333,1.2819712,0.020188425302826385,2026-04-22,2026-04-30,,,False
2026-04-21,5228,電子零組件業,17.0,OVERHEAT_RISK; DISPOSITION_PERIOD,0.4243323442136499,0.310759145275724,1.0130104,-0.05555555555555558,2026-04-22,2026-04-30,,,False
2026-04-21,8358,電子零組件業,20.0,OVERHEAT_RISK; DISPOSITION_PERIOD,0.4655038639396667,0.4072418417523469,1.2432622,-0.0038461538461538325,2026-04-22,2026-04-30,,,False
2026-04-21,3533,電子零組件業,21.0,OVERHEAT_RISK,0.4494613797845518,0.1708509220173295,1.54398,-0.007590132827324458,2026-04-22,2026-04-30,,,False
2026-04-21,3693,電腦及週邊設備業,23.0,OVERHEAT_RISK,0.5421686746987951,0.2655042243393853,1.3084251,-0.08367626886145407,2026-04-22,2026-04-30,,,False
2026-04-21,6465,通信網路業,24.0,OVERHEAT_RISK,0.4577296604393567,0.2253071075954885,0.80023605,-0.2014133925532523,2026-04-22,2026-04-30,,,False
2026-04-21,4973,半導體業,30.0,OVERHEAT_RISK,0.4508289137385126,0.1906710590903831,1.2005112,-0.08881577571453225,2026-04-22,2026-04-30,,,False
2026-04-22,6739,其他電子業,1.0,OVERHEAT_RISK,0.483742940009159,0.1471056824216675,1.3444693,-0.13414634146341464,2026-04-23,2026-04-30,,,False
2026-04-22,2360,其他電子業,2.0,OVERHEAT_RISK,0.4472089541598346,0.1383709519136408,1.7438443,0.044334975369458185,2026-04-23,2026-04-30,,,False
2026-04-22,6640,半導體業,4.0,OVERHEAT_RISK,0.4583399309624094,0.0408543820986607,1.1796716,-0.06109324758842438,2026-04-23,2026-04-30,,,False
2026-04-22,6693,半導體業,5.0,OVERHEAT_RISK,0.515274547651486,0.2146065221636398,0.727933,-0.11708860759493667,2026-04-23,2026-04-30,,,False
2026-04-22,6588,通信網路業,8.0,OVERHEAT_RISK,0.5445883255421301,0.1151442564820004,0.8937136,-0.06333333333333335,2026-04-23,2026-04-30,,,False
2026-04-22,3081,通信網路業,10.0,OVERHEAT_RISK,1.0334051359550689,0.4231588917830925,1.0558791,-0.20121028744326774,2026-04-23,2026-04-30,,,False
2026-04-22,3529,半導體業,11.0,OVERHEAT_RISK; DISPOSITION_PERIOD,0.6429198460395706,0.2717578798808217,1.5407538,-0.06370192307692313,2026-04-23,2026-04-30,,,False
2026-04-22,3131,其他電子業,14.0,OVERHEAT_RISK,0.5222176622019922,0.1041649752374766,0.75994384,-0.14862914862914867,2026-04-23,2026-04-30,,,False
2026-04-22,6821,電子零組件業,15.0,OVERHEAT_RISK,0.5887798653289671,0.1973617868759235,0.2579478,-0.2646239973137732,2026-04-23,2026-04-30,,,False
2026-04-22,6426,通信網路業,16.0,OVERHEAT_RISK,0.6290851318263516,0.3254310344827587,1.221412,-0.12007874015748032,2026-04-23,2026-04-30,,,False
2026-04-22,3533,電子零組件業,19.0,OVERHEAT_RISK,0.4410658449268137,0.1603721948549534,1.5411049,-0.018761726078799223,2026-04-23,2026-04-30,,,False
2026-04-22,3665,其他電子業,26.0,OVERHEAT_RISK,0.513401451206871,0.2149310508796956,1.0303495,-0.0053859964093356805,2026-04-23,2026-04-30,,,False
2026-04-22,3105,半導體業,27.0,OVERHEAT_RISK; HIGH_BETA_RISK,0.8276431019164867,0.3573892879362028,1.8688077,-0.12418300653594772,2026-04-23,2026-04-30,,,False
2026-04-22,3653,電子零組件業,29.0,OVERHEAT_RISK,0.5609521519596056,0.2835112692763938,1.2242265,-0.03150315031503148,2026-04-23,2026-04-30,,,False
2026-04-22,4971,半導體業,30.0,OVERHEAT_RISK,0.7639578847425442,0.3353355665935082,1.2065775,-0.1467098166127292,2026-04-23,2026-04-30,,,False
2026-04-23,6821,電子零組件業,7.0,OVERHEAT_RISK,0.430263574145341,0.0689683929397372,0.28558922,-0.16850394902266852,2026-04-24,2026-04-30,,,False
2026-04-23,7734,半導體業,10.0,OVERHEAT_RISK,0.9475957169756528,0.4232902033271719,1.2410913,-0.09199999999999997,2026-04-24,2026-04-30,,,False
2026-04-23,3665,其他電子業,11.0,OVERHEAT_RISK,0.611425229089491,0.2788673552280376,0.9945431,-0.010714285714285676,2026-04-24,2026-04-30,,,False
2026-04-23,3163,通信網路業,15.0,OVERHEAT_RISK,0.4881652376574226,0.0752189831765306,1.6571283,-0.08399999999999996,2026-04-24,2026-04-30,,,False
2026-04-23,6426,通信網路業,16.0,OVERHEAT_RISK,0.5606672764116962,0.2583738342309208,1.250513,-0.10240963855421692,2026-04-24,2026-04-30,,,False
2026-04-23,6530,通信網路業,21.0,OVERHEAT_RISK,0.4462428545412916,0.1354851229202149,0.9348997,0.004237288135593209,2026-04-24,2026-04-30,,,False
2026-04-23,3189,半導體業,22.0,OVERHEAT_RISK; HIGH_BETA_RISK,0.5347624463339976,0.2468276176221773,1.840498,0.05811623246492981,2026-04-24,2026-04-30,,,False
2026-04-23,8046,電子零組件業,24.0,OVERHEAT_RISK; HIGH_BETA_RISK,0.5450894013993264,0.21411117898595,1.806816,0.2007168458781361,2026-04-24,2026-04-30,,,False
2026-04-24,4971,半導體業,5.0,OVERHEAT_RISK,0.5020424233476056,0.1163947618699245,1.058762,0.0910344827586207,2026-04-27,2026-04-30,,,False
2026-04-24,7734,半導體業,6.0,OVERHEAT_RISK,1.062599295118789,0.4872605174797551,1.3241255,-0.056786703601108046,2026-04-27,2026-04-30,,,False
2026-04-24,4991,半導體業,7.0,OVERHEAT_RISK; DISPOSITION_PERIOD,0.5584755180754396,0.0775141242937853,1.2955363,0.09740259740259738,2026-04-27,2026-04-30,,,False
2026-04-24,6568,半導體業,9.0,OVERHEAT_RISK,0.4491332828305334,0.1900318366450763,0.62124795,-0.13357400722021662,2026-04-27,2026-04-30,,,False
2026-04-24,3081,通信網路業,10.0,OVERHEAT_RISK,0.8160741885625966,0.2497230223797917,0.9264604,-0.07205623901581726,2026-04-27,2026-04-30,,,False
2026-04-24,4741,化學工業,11.0,OVERHEAT_RISK,0.7640971676730721,0.1458118205972886,0.16030933,0.027343704889063236,2026-04-27,2026-04-30,,,False
2026-04-24,2243,汽車工業,15.0,OVERHEAT_RISK,0.4734177186730923,0.083072802202588,0.6514154,0.11451939262532451,2026-04-27,2026-04-30,,,False
2026-04-24,8046,電子零組件業,16.0,OVERHEAT_RISK; HIGH_BETA_RISK,0.667064040818273,0.3015636634400596,1.8066586,0.08064516129032251,2026-04-27,2026-04-30,,,False
2026-04-24,8021,其他電子業,17.0,OVERHEAT_RISK; DISPOSITION_PERIOD,0.7057488653555221,0.353439867957086,1.6808064,-0.07471264367816088,2026-04-27,2026-04-30,,,False
2026-04-24,3163,通信網路業,23.0,OVERHEAT_RISK,0.4569842738205365,0.0579829623522945,1.6044012,-0.012931034482758674,2026-04-27,2026-04-30,,,False
2026-04-24,6584,電子零組件業,24.0,OVERHEAT_RISK,0.5627098278969502,0.1248473748473747,1.6057707,-0.07629427792915533,2026-04-27,2026-04-30,,,False
2026-04-24,2383,電子零組件業,30.0,OVERHEAT_RISK,0.7122086535089117,0.3085751882447547,1.7886647,-0.02467811158798283,2026-04-27,2026-04-30,,,False
2026-04-27,6683,半導體業,2.0,OVERHEAT_RISK,0.5220745312129124,0.0116846620322437,1.0797342,0.24269005847953218,2026-04-28,2026-04-30,,,False
2026-04-27,3081,通信網路業,5.0,OVERHEAT_RISK,0.6031305225953041,0.104828186167899,0.849852,0.03529411764705892,2026-04-28,2026-04-30,,,False
2026-04-27,6830,其他電子業,6.0,OVERHEAT_RISK,0.5282288039438162,-0.0637808297979435,0.25775537,0.3056835637480799,2026-04-28,2026-04-30,,,False
2026-04-27,4741,化學工業,9.0,OVERHEAT_RISK,0.5661453613907386,0.0104794501854997,0.08991683,0.08119212383047958,2026-04-28,2026-04-30,,,False
2026-04-27,2243,汽車工業,12.0,OVERHEAT_RISK,0.496326694768098,0.1037381438569924,0.65552354,0.09000000000000008,2026-04-28,2026-04-30,,,False
2026-04-27,6727,電子零組件業,13.0,OVERHEAT_RISK,0.5197869573295348,0.0778048619803675,0.905875,-0.10955710955710951,2026-04-28,2026-04-30,,,False
2026-04-27,4991,半導體業,14.0,OVERHEAT_RISK; DISPOSITION_PERIOD,0.4669297417860513,0.018721236763326,1.2480696,0.14965986394557818,2026-04-28,2026-04-30,,,False
2026-04-27,3533,電子零組件業,16.0,OVERHEAT_RISK,0.4281949934123847,0.1534369014683975,1.5736101,-0.04562043795620441,2026-04-28,2026-04-30,,,False
2026-04-27,6584,電子零組件業,20.0,OVERHEAT_RISK,0.4434643143544507,0.042611060743427,1.5447795,-0.017391304347826098,2026-04-28,2026-04-30,,,False
2026-04-27,8046,電子零組件業,22.0,OVERHEAT_RISK,0.7091243779542298,0.3256860752141715,1.7949948,0.07257203842049087,2026-04-28,2026-04-30,,,False
2026-04-27,3054,食品工業,24.0,OVERHEAT_RISK,0.4378202280250241,0.112773365304792,0.3938042,-0.1549295609542234,2026-04-28,2026-04-30,,,False
2026-04-27,3665,其他電子業,26.0,OVERHEAT_RISK,0.4991449743492305,0.1725367810967454,0.96541077,0.041353383458646586,2026-04-28,2026-04-30,,,False
2026-04-27,3037,電子零組件業,28.0,OVERHEAT_RISK; HIGH_BETA_RISK,0.7025738154023066,0.3437437437437437,2.0376909,0.0219907407407407,2026-04-28,2026-04-30,,,False
2026-04-28,6683,半導體業,3.0,OVERHEAT_RISK,0.6088713193616836,0.0769006274624252,1.0797342,0.1517615176151761,2026-04-29,2026-04-30,,,False
2026-04-28,3081,通信網路業,5.0,OVERHEAT_RISK,0.5517081178183171,0.0713140168929755,0.849852,0.06451612903225801,2026-04-29,2026-04-30,,,False
2026-04-28,4741,化學工業,6.0,OVERHEAT_RISK,0.6913579994843744,0.0848262749370164,0.08991683,-0.040145999882635564,2026-04-29,2026-04-30,,,False
2026-04-28,6830,其他電子業,9.0,OVERHEAT_RISK,0.646671010770823,0.0092680692109807,0.25775537,0.18055555555555558,2026-04-29,2026-04-30,,,False
2026-04-28,4991,半導體業,10.0,OVERHEAT_RISK,0.5850678351731693,0.1027568922305763,1.2480696,0.07131537242472263,2026-04-29,2026-04-30,,,False
2026-04-28,8046,電子零組件業,15.0,OVERHEAT_RISK,0.7131303228968814,0.3177801343230824,1.7949948,0.08648648648648649,2026-04-29,2026-04-30,,,False
2026-04-28,2243,汽車工業,16.0,OVERHEAT_RISK,0.6177121515633708,0.1948108423119802,0.65552354,0.003683255354503423,2026-04-29,2026-04-30,,,False
2026-04-28,3105,半導體業,19.0,OVERHEAT_RISK,0.4328743545611014,0.0471149310832766,1.7428285,0.07307307307307309,2026-04-29,2026-04-30,,,False
2026-04-28,2360,其他電子業,20.0,OVERHEAT_RISK,0.4067236622500766,0.1115596824115193,1.6545156,0.01678657074340517,2026-04-29,2026-04-30,,,False
2026-04-28,2467,電子零組件業,23.0,OVERHEAT_RISK,0.4319182011253913,0.0891286970423661,0.84655726,0.1577946768060836,2026-04-29,2026-04-30,,,False
2026-04-28,6584,電子零組件業,24.0,OVERHEAT_RISK,0.4567714423275328,0.0590264756618915,1.5447795,-0.010218978102189746,2026-04-29,2026-04-30,,,False
2026-04-28,3455,光電業,28.0,OVERHEAT_RISK,0.5654990403071016,0.1922707962176236,0.90927225,0.09213483146067425,2026-04-29,2026-04-30,,,False
2026-04-28,2383,電子零組件業,30.0,OVERHEAT_RISK; HIGH_BETA_RISK,0.6131510216623136,0.2212994626282364,1.8058058,0.09123649459783922,2026-04-29,2026-04-30,,,False
2026-04-29,6683,半導體業,3.0,OVERHEAT_RISK,0.6513526583790857,0.115916955017301,1.0178813,0.0,2026-04-30,2026-04-30,,,False
2026-04-29,4741,化學工業,4.0,OVERHEAT_RISK,0.6548582979977774,0.058817814553583,0.061103467,-0.022304847211091272,2026-04-30,2026-04-30,,,False
2026-04-29,4991,半導體業,6.0,OVERHEAT_RISK,0.5282667218885897,0.0643360879158914,1.2252741,0.049689440993788914,2026-04-30,2026-04-30,,,False
2026-04-29,6830,其他電子業,13.0,OVERHEAT_RISK,0.7383808095952024,0.065508804576312,0.17069745,0.027811366384522307,2026-04-30,2026-04-30,,,False
2026-04-29,8046,電子零組件業,14.0,OVERHEAT_RISK; HIGH_BETA_RISK,0.6555712865620388,0.2651060009667841,1.8700887,0.07486631016042788,2026-04-30,2026-04-30,,,False
2026-04-29,6584,電子零組件業,15.0,OVERHEAT_RISK,0.4387952379337245,0.052239916654264,1.5326052,-0.050420168067226934,2026-04-30,2026-04-30,,,False
2026-04-29,2467,電子零組件業,19.0,OVERHEAT_RISK,0.4367530418620735,0.0907658987989762,0.83841115,0.07597173144876335,2026-04-30,2026-04-30,,,False
2026-04-29,2368,電子零組件業,23.0,OVERHEAT_RISK,0.4651225424185295,0.1805043183889588,1.5667773,0.022058823529411686,2026-04-30,2026-04-30,,,False
2026-04-29,3167,電機機械,27.0,OVERHEAT_RISK,1.043343653250774,0.318538916335952,1.4198455,0.05256723716381417,2026-04-30,2026-04-30,,,False
2026-04-30,3081,通信網路業,2.0,OVERHEAT_RISK,0.5776735291481161,0.087202718006795,0.9253628,,,,,,False
2026-04-30,4741,化學工業,5.0,OVERHEAT_RISK,0.5732801138819867,0.0070358223207235,0.098998316,,,,,,False
2026-04-30,4991,半導體業,8.0,OVERHEAT_RISK,0.6478426911513772,0.1416508338610935,1.1782992,,,,,,False
2026-04-30,8046,電子零組件業,11.0,OVERHEAT_RISK; HIGH_BETA_RISK,0.7823625910763637,0.3432237369687249,1.8129965,,,,,,False
2026-04-30,2243,汽車工業,12.0,OVERHEAT_RISK,0.5585529719686132,0.1610566643126715,0.6216526,,,,,,False
2026-04-30,4951,半導體業,16.0,OVERHEAT_RISK,0.6461474610338402,0.5129362346740641,0.6756898,,,,,,False
2026-04-30,6274,電子零組件業,17.0,OVERHEAT_RISK,0.5635481707002424,0.1482492041837198,1.5470192,,,,,,False
2026-04-30,3665,其他電子業,19.0,OVERHEAT_RISK,0.51947339550192,0.1648444070647603,0.8855651,,,,,,False
2026-04-30,6830,其他電子業,20.0,OVERHEAT_RISK,0.864614372155092,0.141552511415525,0.1517521,,,,,,False
2026-04-30,2368,電子零組件業,21.0,OVERHEAT_RISK,0.4771781292619422,0.1794153833099996,1.5395256,,,,,,False
2026-04-30,8155,電子零組件業,22.0,OVERHEAT_RISK,0.5747137314280306,0.1857763842371553,1.3215774,,,,,,False
2026-04-30,3017,電腦及週邊設備業,30.0,OVERHEAT_RISK,0.4241460147354319,0.1506849315068493,1.3463306,,,,,,False
