variant,ticker,two_stage_rank,control_exit_date,control_exit_reason,control_return,control_hold_days,variant_exit_date,variant_exit_reason,variant_return,variant_hold_days,delta_return,route_reason,twii_price_vs_ma20_at_entry,twii_return_20d_at_entry
Variant_A_regime_ma20_3pct,3260,1,2026-04-14,MA5_BREAK,-0.014454664914586024,3,2026-05-08,TIME_20D,0.17871222076215498,20,0.193166885676741,REGIME_MA20_3PCT,0.05847129801316431,0.03821391230487037
Variant_A_regime_ma20_3pct,3508,4,2026-04-13,MA5_BREAK,-0.09894738448293561,2,2026-05-06,GAP_STOP_LOSS,-0.11578947368421055,18,-0.016842089201274946,REGIME_MA20_3PCT,0.05847129801316431,0.03821391230487037
Variant_A_regime_ma20_3pct,6770,8,2026-04-14,MA5_BREAK,-0.008042908968779239,3,2026-05-08,TIME_20D,0.09740841266528566,20,0.1054513216340649,REGIME_MA20_3PCT,0.05847129801316431,0.03821391230487037
Variant_A_regime_ma20_3pct,6588,12,2026-04-23,MA5_BREAK,0.1583011583011582,10,2026-04-27,STOP_LOSS_SLIPPAGE,-0.10450000000000004,12,-0.26280115830115824,REGIME_MA20_3PCT,0.05847129801316431,0.03821391230487037
Variant_A_regime_ma20_3pct,4956,13,2026-04-24,MA5_BREAK,0.34510872353903577,11,2026-05-08,TIME_20D,0.3315217667356112,20,-0.013586956803424588,REGIME_MA20_3PCT,0.05847129801316431,0.03821391230487037
Variant_A_regime_ma20_3pct,1309,14,2026-04-13,MA5_BREAK,0.04103675069519319,2,2026-04-16,STOP_LOSS_SLIPPAGE,-0.10449999999999993,5,-0.14553675069519312,REGIME_MA20_3PCT,0.05847129801316431,0.03821391230487037
Variant_A_regime_ma20_3pct,3555,15,2026-04-23,MA5_BREAK,0.41690140845070434,10,2026-05-08,TIME_20D,0.2647887323943663,20,-0.15211267605633805,REGIME_MA20_3PCT,0.05847129801316431,0.03821391230487037
Variant_A_regime_ma20_3pct,7751,16,2026-04-15,MA5_BREAK,0.010126582278481067,4,2026-05-08,TIME_20D,-0.017721518987341756,20,-0.027848101265822822,REGIME_MA20_3PCT,0.05847129801316431,0.03821391230487037
Variant_A_regime_ma20_3pct,6265,17,2026-04-17,MA5_BREAK,-0.04938271604938271,6,2026-04-23,STOP_LOSS_SLIPPAGE,-0.10450000000000004,10,-0.055117283950617324,REGIME_MA20_3PCT,0.05847129801316431,0.03821391230487037
Variant_A_regime_ma20_3pct,4989,18,2026-04-27,MA5_BREAK,0.40836012861736326,12,2026-05-08,TIME_20D,0.21800639161726298,20,-0.19035373700010028,REGIME_MA20_3PCT,0.05847129801316431,0.03821391230487037
Variant_A_regime_ma20_3pct,4973,19,2026-04-17,MA5_BREAK,0.018966654656233484,6,2026-05-08,TIME_20D,0.3028122626573475,20,0.283845608001114,REGIME_MA20_3PCT,0.05847129801316431,0.03821391230487037
Variant_A_regime_ma20_3pct,3535,20,2026-04-17,MA5_BREAK,0.09565217391304337,6,2026-05-08,TIME_20D,0.11739130434782608,20,0.021739130434782705,REGIME_MA20_3PCT,0.05847129801316431,0.03821391230487037
Variant_A_regime_ma20_3pct,3006,21,2026-04-16,MA5_BREAK,-0.03095975232198145,5,2026-05-08,TIME_20D,0.25077399380804954,20,0.281733746130031,REGIME_MA20_3PCT,0.05847129801316431,0.03821391230487037
Variant_A_regime_ma20_3pct,5289,22,2026-04-16,MA5_BREAK,-0.0644490644490644,5,2026-04-16,STOP_LOSS_SLIPPAGE,-0.10450000000000004,5,-0.04005093555093564,REGIME_MA20_3PCT,0.05847129801316431,0.03821391230487037
Variant_A_regime_ma20_3pct,5291,23,2026-04-17,MA5_BREAK,0.03302879021395877,6,2026-04-23,STOP_LOSS_SLIPPAGE,-0.10449999999999993,10,-0.1375287902139587,REGIME_MA20_3PCT,0.05847129801316431,0.03821391230487037
Variant_A_regime_ma20_3pct,4534,24,2026-04-16,MA5_BREAK,0.07786883804241262,5,2026-05-08,TIME_20D,-0.018442576337135752,20,-0.09631141437954838,REGIME_MA20_3PCT,0.05847129801316431,0.03821391230487037
Variant_A_regime_ma20_3pct,4991,25,2026-04-24,MA5_BREAK,0.2025901942645698,11,2026-05-08,TIME_20D,0.1914893617021276,20,-0.011100832562442209,REGIME_MA20_3PCT,0.05847129801316431,0.03821391230487037
Variant_A_regime_ma20_3pct,3234,26,2026-04-16,MA5_BREAK,0.013452914798206317,5,2026-04-24,STOP_LOSS_SLIPPAGE,-0.10449999999999993,11,-0.11795291479820624,REGIME_MA20_3PCT,0.05847129801316431,0.03821391230487037
Variant_A_regime_ma20_3pct,6141,27,2026-04-24,MA5_BREAK,0.29852219755426423,11,2026-05-08,TIME_20D,0.3044334374037869,20,0.005911239849522687,REGIME_MA20_3PCT,0.05847129801316431,0.03821391230487037
Variant_A_regime_ma20_3pct,6443,28,2026-04-13,MA5_BREAK,-0.03532606695685314,2,2026-05-08,TIME_20D,0.08559786932567648,20,0.12092393628252962,REGIME_MA20_3PCT,0.05847129801316431,0.03821391230487037
Variant_A_regime_ma20_3pct,3543,29,2026-04-13,MA5_BREAK,-0.018062414378105962,2,2026-04-23,STOP_LOSS_SLIPPAGE,-0.10449999999999993,10,-0.08643758562189396,REGIME_MA20_3PCT,0.05847129801316431,0.03821391230487037
Variant_A_regime_ma20_3pct,2426,30,2026-04-23,MA5_BREAK,0.12050741765072548,10,2026-05-08,TIME_20D,0.4270613338004523,20,0.3065539161497268,REGIME_MA20_3PCT,0.05847129801316431,0.03821391230487037
Variant_B_regime_ma20_5pct,3260,1,2026-04-14,MA5_BREAK,-0.014454664914586024,3,2026-05-08,TIME_20D,0.17871222076215498,20,0.193166885676741,REGIME_MA20_5PCT,0.05847129801316431,0.03821391230487037
Variant_B_regime_ma20_5pct,3508,4,2026-04-13,MA5_BREAK,-0.09894738448293561,2,2026-05-06,GAP_STOP_LOSS,-0.11578947368421055,18,-0.016842089201274946,REGIME_MA20_5PCT,0.05847129801316431,0.03821391230487037
Variant_B_regime_ma20_5pct,6770,8,2026-04-14,MA5_BREAK,-0.008042908968779239,3,2026-05-08,TIME_20D,0.09740841266528566,20,0.1054513216340649,REGIME_MA20_5PCT,0.05847129801316431,0.03821391230487037
Variant_B_regime_ma20_5pct,6588,12,2026-04-23,MA5_BREAK,0.1583011583011582,10,2026-04-27,STOP_LOSS_SLIPPAGE,-0.10450000000000004,12,-0.26280115830115824,REGIME_MA20_5PCT,0.05847129801316431,0.03821391230487037
Variant_B_regime_ma20_5pct,4956,13,2026-04-24,MA5_BREAK,0.34510872353903577,11,2026-05-08,TIME_20D,0.3315217667356112,20,-0.013586956803424588,REGIME_MA20_5PCT,0.05847129801316431,0.03821391230487037
Variant_B_regime_ma20_5pct,1309,14,2026-04-13,MA5_BREAK,0.04103675069519319,2,2026-04-16,STOP_LOSS_SLIPPAGE,-0.10449999999999993,5,-0.14553675069519312,REGIME_MA20_5PCT,0.05847129801316431,0.03821391230487037
Variant_B_regime_ma20_5pct,3555,15,2026-04-23,MA5_BREAK,0.41690140845070434,10,2026-05-08,TIME_20D,0.2647887323943663,20,-0.15211267605633805,REGIME_MA20_5PCT,0.05847129801316431,0.03821391230487037
Variant_B_regime_ma20_5pct,7751,16,2026-04-15,MA5_BREAK,0.010126582278481067,4,2026-05-08,TIME_20D,-0.017721518987341756,20,-0.027848101265822822,REGIME_MA20_5PCT,0.05847129801316431,0.03821391230487037
Variant_B_regime_ma20_5pct,6265,17,2026-04-17,MA5_BREAK,-0.04938271604938271,6,2026-04-23,STOP_LOSS_SLIPPAGE,-0.10450000000000004,10,-0.055117283950617324,REGIME_MA20_5PCT,0.05847129801316431,0.03821391230487037
Variant_B_regime_ma20_5pct,4989,18,2026-04-27,MA5_BREAK,0.40836012861736326,12,2026-05-08,TIME_20D,0.21800639161726298,20,-0.19035373700010028,REGIME_MA20_5PCT,0.05847129801316431,0.03821391230487037
Variant_B_regime_ma20_5pct,4973,19,2026-04-17,MA5_BREAK,0.018966654656233484,6,2026-05-08,TIME_20D,0.3028122626573475,20,0.283845608001114,REGIME_MA20_5PCT,0.05847129801316431,0.03821391230487037
Variant_B_regime_ma20_5pct,3535,20,2026-04-17,MA5_BREAK,0.09565217391304337,6,2026-05-08,TIME_20D,0.11739130434782608,20,0.021739130434782705,REGIME_MA20_5PCT,0.05847129801316431,0.03821391230487037
Variant_B_regime_ma20_5pct,3006,21,2026-04-16,MA5_BREAK,-0.03095975232198145,5,2026-05-08,TIME_20D,0.25077399380804954,20,0.281733746130031,REGIME_MA20_5PCT,0.05847129801316431,0.03821391230487037
Variant_B_regime_ma20_5pct,5289,22,2026-04-16,MA5_BREAK,-0.0644490644490644,5,2026-04-16,STOP_LOSS_SLIPPAGE,-0.10450000000000004,5,-0.04005093555093564,REGIME_MA20_5PCT,0.05847129801316431,0.03821391230487037
Variant_B_regime_ma20_5pct,5291,23,2026-04-17,MA5_BREAK,0.03302879021395877,6,2026-04-23,STOP_LOSS_SLIPPAGE,-0.10449999999999993,10,-0.1375287902139587,REGIME_MA20_5PCT,0.05847129801316431,0.03821391230487037
Variant_B_regime_ma20_5pct,4534,24,2026-04-16,MA5_BREAK,0.07786883804241262,5,2026-05-08,TIME_20D,-0.018442576337135752,20,-0.09631141437954838,REGIME_MA20_5PCT,0.05847129801316431,0.03821391230487037
Variant_B_regime_ma20_5pct,4991,25,2026-04-24,MA5_BREAK,0.2025901942645698,11,2026-05-08,TIME_20D,0.1914893617021276,20,-0.011100832562442209,REGIME_MA20_5PCT,0.05847129801316431,0.03821391230487037
Variant_B_regime_ma20_5pct,3234,26,2026-04-16,MA5_BREAK,0.013452914798206317,5,2026-04-24,STOP_LOSS_SLIPPAGE,-0.10449999999999993,11,-0.11795291479820624,REGIME_MA20_5PCT,0.05847129801316431,0.03821391230487037
Variant_B_regime_ma20_5pct,6141,27,2026-04-24,MA5_BREAK,0.29852219755426423,11,2026-05-08,TIME_20D,0.3044334374037869,20,0.005911239849522687,REGIME_MA20_5PCT,0.05847129801316431,0.03821391230487037
Variant_B_regime_ma20_5pct,6443,28,2026-04-13,MA5_BREAK,-0.03532606695685314,2,2026-05-08,TIME_20D,0.08559786932567648,20,0.12092393628252962,REGIME_MA20_5PCT,0.05847129801316431,0.03821391230487037
Variant_B_regime_ma20_5pct,3543,29,2026-04-13,MA5_BREAK,-0.018062414378105962,2,2026-04-23,STOP_LOSS_SLIPPAGE,-0.10449999999999993,10,-0.08643758562189396,REGIME_MA20_5PCT,0.05847129801316431,0.03821391230487037
Variant_B_regime_ma20_5pct,2426,30,2026-04-23,MA5_BREAK,0.12050741765072548,10,2026-05-08,TIME_20D,0.4270613338004523,20,0.3065539161497268,REGIME_MA20_5PCT,0.05847129801316431,0.03821391230487037
Variant_D_regime_ma20_5pct_hwm,3260,1,2026-04-14,MA5_BREAK,-0.014454664914586024,3,2026-05-04,TRAILING_STOP_HWM_8PCT,0.17345597897503295,16,0.18791064388961898,REGIME_MA20_5PCT_HWM,0.05847129801316431,0.03821391230487037
Variant_D_regime_ma20_5pct_hwm,3508,4,2026-04-13,MA5_BREAK,-0.09894738448293561,2,2026-04-15,TRAILING_STOP_HWM_8PCT,-0.052631578947368474,4,0.046315805535567134,REGIME_MA20_5PCT_HWM,0.05847129801316431,0.03821391230487037
Variant_D_regime_ma20_5pct_hwm,6770,8,2026-04-14,MA5_BREAK,-0.008042908968779239,3,2026-04-21,TRAILING_STOP_HWM_8PCT,-0.061662211186683136,8,-0.0536193022179039,REGIME_MA20_5PCT_HWM,0.05847129801316431,0.03821391230487037
Variant_D_regime_ma20_5pct_hwm,6588,12,2026-04-23,MA5_BREAK,0.1583011583011582,10,2026-04-24,TRAILING_STOP_HWM_8PCT,0.04633204633204624,11,-0.11196911196911197,REGIME_MA20_5PCT_HWM,0.05847129801316431,0.03821391230487037
Variant_D_regime_ma20_5pct_hwm,4956,13,2026-04-24,MA5_BREAK,0.34510872353903577,11,2026-04-24,TRAILING_STOP_HWM_8PCT,0.34510872353903577,11,0.0,REGIME_MA20_5PCT_HWM,0.05847129801316431,0.03821391230487037
Variant_D_regime_ma20_5pct_hwm,1309,14,2026-04-13,MA5_BREAK,0.04103675069519319,2,2026-04-16,TRAILING_STOP_HWM_8PCT,-0.08207341899951637,5,-0.12311016969470956,REGIME_MA20_5PCT_HWM,0.05847129801316431,0.03821391230487037
Variant_D_regime_ma20_5pct_hwm,3555,15,2026-04-23,MA5_BREAK,0.41690140845070434,10,2026-04-24,TRAILING_STOP_HWM_8PCT,0.3126760563380282,11,-0.10422535211267614,REGIME_MA20_5PCT_HWM,0.05847129801316431,0.03821391230487037
Variant_D_regime_ma20_5pct_hwm,7751,16,2026-04-15,MA5_BREAK,0.010126582278481067,4,2026-05-04,TRAILING_STOP_HWM_8PCT,0.2050632911392405,16,0.19493670886075942,REGIME_MA20_5PCT_HWM,0.05847129801316431,0.03821391230487037
Variant_D_regime_ma20_5pct_hwm,6265,17,2026-04-17,MA5_BREAK,-0.04938271604938271,6,2026-04-23,STOP_LOSS_SLIPPAGE,-0.10450000000000004,10,-0.055117283950617324,REGIME_MA20_5PCT_HWM,0.05847129801316431,0.03821391230487037
Variant_D_regime_ma20_5pct_hwm,4989,18,2026-04-27,MA5_BREAK,0.40836012861736326,12,2026-04-28,TRAILING_STOP_HWM_8PCT,0.2861736334405145,13,-0.12218649517684876,REGIME_MA20_5PCT_HWM,0.05847129801316431,0.03821391230487037
Variant_D_regime_ma20_5pct_hwm,4973,19,2026-04-17,MA5_BREAK,0.018966654656233484,6,2026-04-24,TRAILING_STOP_HWM_8PCT,0.08829295118300262,11,0.06932629652676914,REGIME_MA20_5PCT_HWM,0.05847129801316431,0.03821391230487037
Variant_D_regime_ma20_5pct_hwm,3535,20,2026-04-17,MA5_BREAK,0.09565217391304337,6,2026-04-20,TRAILING_STOP_HWM_8PCT,0.0608695652173914,7,-0.03478260869565197,REGIME_MA20_5PCT_HWM,0.05847129801316431,0.03821391230487037
Variant_D_regime_ma20_5pct_hwm,3006,21,2026-04-16,MA5_BREAK,-0.03095975232198145,5,2026-05-04,TRAILING_STOP_HWM_8PCT,0.08978328173374606,16,0.1207430340557275,REGIME_MA20_5PCT_HWM,0.05847129801316431,0.03821391230487037
Variant_D_regime_ma20_5pct_hwm,5289,22,2026-04-16,MA5_BREAK,-0.0644490644490644,5,2026-04-16,STOP_LOSS_SLIPPAGE,-0.10450000000000004,5,-0.04005093555093564,REGIME_MA20_5PCT_HWM,0.05847129801316431,0.03821391230487037
Variant_D_regime_ma20_5pct_hwm,5291,23,2026-04-17,MA5_BREAK,0.03302879021395877,6,2026-04-20,TRAILING_STOP_HWM_8PCT,-0.017568516840373416,7,-0.050597307054332186,REGIME_MA20_5PCT_HWM,0.05847129801316431,0.03821391230487037
Variant_D_regime_ma20_5pct_hwm,4534,24,2026-04-16,MA5_BREAK,0.07786883804241262,5,2026-04-16,TRAILING_STOP_HWM_8PCT,0.07786883804241262,5,0.0,REGIME_MA20_5PCT_HWM,0.05847129801316431,0.03821391230487037
Variant_D_regime_ma20_5pct_hwm,4991,25,2026-04-24,MA5_BREAK,0.2025901942645698,11,2026-04-24,TRAILING_STOP_HWM_8PCT,0.2025901942645698,11,0.0,REGIME_MA20_5PCT_HWM,0.05847129801316431,0.03821391230487037
Variant_D_regime_ma20_5pct_hwm,3234,26,2026-04-16,MA5_BREAK,0.013452914798206317,5,2026-04-16,TRAILING_STOP_HWM_8PCT,0.013452914798206317,5,0.0,REGIME_MA20_5PCT_HWM,0.05847129801316431,0.03821391230487037
Variant_D_regime_ma20_5pct_hwm,6141,27,2026-04-24,MA5_BREAK,0.29852219755426423,11,2026-04-24,TRAILING_STOP_HWM_8PCT,0.29852219755426423,11,0.0,REGIME_MA20_5PCT_HWM,0.05847129801316431,0.03821391230487037
Variant_D_regime_ma20_5pct_hwm,6443,28,2026-04-13,MA5_BREAK,-0.03532606695685314,2,2026-04-27,TRAILING_STOP_HWM_8PCT,-0.0054348034534208445,12,0.029891263503432297,REGIME_MA20_5PCT_HWM,0.05847129801316431,0.03821391230487037
Variant_D_regime_ma20_5pct_hwm,3543,29,2026-04-13,MA5_BREAK,-0.018062414378105962,2,2026-04-23,STOP_LOSS_SLIPPAGE,-0.10449999999999993,10,-0.08643758562189396,REGIME_MA20_5PCT_HWM,0.05847129801316431,0.03821391230487037
Variant_D_regime_ma20_5pct_hwm,2426,30,2026-04-23,MA5_BREAK,0.12050741765072548,10,2026-04-24,TRAILING_STOP_HWM_8PCT,0.03594082009218025,11,-0.08456659755854523,REGIME_MA20_5PCT_HWM,0.05847129801316431,0.03821391230487037
