month,prediction_date,portfolio,sector,count,weight
2026-03,2026-03-31,regime_top30,半導體業,9,0.3
2026-03,2026-03-31,regime_top30,通信網路業,7,0.23333333333333334
2026-03,2026-03-31,regime_top30,電子零組件業,4,0.13333333333333333
2026-03,2026-03-31,regime_top30,光電業,3,0.1
2026-03,2026-03-31,regime_top30,其他電子業,2,0.06666666666666667
2026-03,2026-03-31,regime_top30,化學工業,1,0.03333333333333333
2026-03,2026-03-31,regime_top30,電子通路業,1,0.03333333333333333
2026-03,2026-03-31,regime_top30,食品工業,1,0.03333333333333333
2026-03,2026-03-31,regime_top30,電機機械,1,0.03333333333333333
2026-03,2026-03-31,regime_top30,玻璃陶瓷,1,0.03333333333333333
2026-03,2026-03-31,production_top30,半導體業,6,0.2
2026-03,2026-03-31,production_top30,電子零組件業,5,0.16666666666666666
2026-03,2026-03-31,production_top30,電腦及週邊設備業,4,0.13333333333333333
2026-03,2026-03-31,production_top30,光電業,3,0.1
2026-03,2026-03-31,production_top30,其他電子業,2,0.06666666666666667
2026-03,2026-03-31,production_top30,電子通路業,2,0.06666666666666667
2026-03,2026-03-31,production_top30,玻璃陶瓷,1,0.03333333333333333
2026-03,2026-03-31,production_top30,紡織纖維,1,0.03333333333333333
2026-03,2026-03-31,production_top30,電機機械,1,0.03333333333333333
2026-03,2026-03-31,production_top30,生技醫療業,1,0.03333333333333333
2026-03,2026-03-31,production_top30,化學工業,1,0.03333333333333333
2026-03,2026-03-31,production_top30,汽車工業,1,0.03333333333333333
2026-03,2026-03-31,production_top30,文化創意業,1,0.03333333333333333
2026-03,2026-03-31,production_top30,綠能環保,1,0.03333333333333333
2026-04,2026-04-08,regime_top30,半導體業,13,0.43333333333333335
2026-04,2026-04-08,regime_top30,通信網路業,6,0.2
2026-04,2026-04-08,regime_top30,電子零組件業,3,0.1
2026-04,2026-04-08,regime_top30,其他電子業,3,0.1
2026-04,2026-04-08,regime_top30,光電業,2,0.06666666666666667
2026-04,2026-04-08,regime_top30,電腦及週邊設備業,2,0.06666666666666667
2026-04,2026-04-08,regime_top30,電機機械,1,0.03333333333333333
2026-04,2026-04-08,production_top30,半導體業,6,0.2
2026-04,2026-04-08,production_top30,電子零組件業,6,0.2
2026-04,2026-04-08,production_top30,其他電子業,6,0.2
2026-04,2026-04-08,production_top30,通信網路業,5,0.16666666666666666
2026-04,2026-04-08,production_top30,光電業,3,0.1
2026-04,2026-04-08,production_top30,綠能環保,1,0.03333333333333333
2026-04,2026-04-08,production_top30,電腦及週邊設備業,1,0.03333333333333333
2026-04,2026-04-08,production_top30,食品工業,1,0.03333333333333333
2026-04,2026-04-08,production_top30,玻璃陶瓷,1,0.03333333333333333
