month,prediction_date,threshold,trigger_count,raw_top30_trigger_count
2024-01,2024-01-31,0.2,11,0
2024-01,2024-01-31,0.25,9,0
2024-01,2024-01-31,0.3,9,0
2024-01,2024-01-31,0.4,7,0
2024-02,2024-02-29,0.2,17,1
2024-02,2024-02-29,0.25,15,1
2024-02,2024-02-29,0.3,14,1
2024-02,2024-02-29,0.4,13,1
2024-03,2024-03-29,0.2,17,2
2024-03,2024-03-29,0.25,17,2
2024-03,2024-03-29,0.3,16,2
2024-03,2024-03-29,0.4,15,2
2024-04,2024-04-30,0.2,29,0
2024-04,2024-04-30,0.25,28,0
2024-04,2024-04-30,0.3,28,0
2024-04,2024-04-30,0.4,23,0
2024-05,2024-05-31,0.2,20,0
2024-05,2024-05-31,0.25,18,0
2024-05,2024-05-31,0.3,18,0
2024-05,2024-05-31,0.4,18,0
2024-06,2024-06-28,0.2,14,0
2024-06,2024-06-28,0.25,14,0
2024-06,2024-06-28,0.3,14,0
2024-06,2024-06-28,0.4,13,0
2024-07,2024-07-31,0.2,21,0
2024-07,2024-07-31,0.25,21,0
2024-07,2024-07-31,0.3,17,0
2024-07,2024-07-31,0.4,13,0
2024-08,2024-08-30,0.2,22,1
2024-08,2024-08-30,0.25,18,1
2024-08,2024-08-30,0.3,18,1
2024-08,2024-08-30,0.4,15,1
2024-09,2024-09-30,0.2,45,1
2024-09,2024-09-30,0.25,42,1
2024-09,2024-09-30,0.3,40,1
2024-09,2024-09-30,0.4,34,1
2024-10,2024-10-30,0.2,23,0
2024-10,2024-10-30,0.25,20,0
2024-10,2024-10-30,0.3,16,0
2024-10,2024-10-30,0.4,13,0
2024-11,2024-11-29,0.2,26,0
2024-11,2024-11-29,0.25,22,0
2024-11,2024-11-29,0.3,20,0
2024-11,2024-11-29,0.4,16,0
2024-12,2024-12-31,0.2,18,2
2024-12,2024-12-31,0.25,16,2
2024-12,2024-12-31,0.3,16,2
2024-12,2024-12-31,0.4,12,2
2025-01,2025-01-22,0.2,23,0
2025-01,2025-01-22,0.25,21,0
2025-01,2025-01-22,0.3,19,0
2025-01,2025-01-22,0.4,17,0
2025-02,2025-02-27,0.2,34,3
2025-02,2025-02-27,0.25,32,3
2025-02,2025-02-27,0.3,32,3
2025-02,2025-02-27,0.4,30,3
2025-03,2025-03-31,0.2,60,2
2025-03,2025-03-31,0.25,58,2
2025-03,2025-03-31,0.3,52,2
2025-03,2025-03-31,0.4,48,2
2025-04,2025-04-30,0.2,35,1
2025-04,2025-04-30,0.25,32,1
2025-04,2025-04-30,0.3,30,1
2025-04,2025-04-30,0.4,23,1
2025-05,2025-05-29,0.2,27,2
2025-05,2025-05-29,0.25,24,2
2025-05,2025-05-29,0.3,24,2
2025-05,2025-05-29,0.4,21,2
2025-06,2025-06-30,0.2,15,1
2025-06,2025-06-30,0.25,15,1
2025-06,2025-06-30,0.3,14,1
2025-06,2025-06-30,0.4,10,0
2025-07,2025-07-31,0.2,24,0
2025-07,2025-07-31,0.25,22,0
2025-07,2025-07-31,0.3,20,0
2025-07,2025-07-31,0.4,19,0
2025-08,2025-08-29,0.2,16,0
2025-08,2025-08-29,0.25,15,0
2025-08,2025-08-29,0.3,14,0
2025-08,2025-08-29,0.4,14,0
2025-09,2025-09-30,0.2,21,1
2025-09,2025-09-30,0.25,19,0
2025-09,2025-09-30,0.3,17,0
2025-09,2025-09-30,0.4,13,0
2025-10,2025-10-31,0.2,14,1
2025-10,2025-10-31,0.25,12,1
2025-10,2025-10-31,0.3,10,1
2025-10,2025-10-31,0.4,9,1
2025-11,2025-11-28,0.2,27,1
2025-11,2025-11-28,0.25,25,1
2025-11,2025-11-28,0.3,24,1
2025-11,2025-11-28,0.4,23,1
2025-12,2025-12-31,0.2,13,1
2025-12,2025-12-31,0.25,12,1
2025-12,2025-12-31,0.3,10,1
2025-12,2025-12-31,0.4,8,1
2026-01,2026-01-30,0.2,23,2
2026-01,2026-01-30,0.25,22,2
2026-01,2026-01-30,0.3,22,2
2026-01,2026-01-30,0.4,17,1
2026-02,2026-02-26,0.2,18,1
2026-02,2026-02-26,0.25,17,1
2026-02,2026-02-26,0.3,16,1
2026-02,2026-02-26,0.4,13,1
2026-03,2026-03-31,0.2,29,1
2026-03,2026-03-31,0.25,24,0
2026-03,2026-03-31,0.3,22,0
2026-03,2026-03-31,0.4,18,0
2026-04,2026-04-08,0.2,17,0
2026-04,2026-04-08,0.25,15,0
2026-04,2026-04-08,0.3,15,0
2026-04,2026-04-08,0.4,12,0
