month,prediction_date,ticker,source,sector,beta_60_calc,amount_ma20,size_type,regime_rank,regime_pred_return,trade_return_20d,trade_excess_return_20d,production_rank,production_raw_rank,production_pred_return_20d,production_leaderboard_score,exclusion_reason
2026-04,2026-04-08,6274,production_only,電子零組件業,1.4277682928115745,8945699840.0,large_liquidity_proxy,41,0.0389793226510236,0.9767441749572754,0.7704117298126221,18.0,34,0.0311248548566258,0.0095386004322339,regime_rank_41_below_top30
2026-04,2026-04-08,2345,production_only,通信網路業,1.584891583717338,7809082368.0,large_liquidity_proxy,85,0.021011439237944,0.4797687828540802,0.2734363079071045,17.0,33,0.0379778399857853,0.0101875360204899,regime_rank_85_below_top30
2026-04,2026-04-08,8046,production_only,電子零組件業,1.8328871137019744,11296714752.0,large_liquidity_proxy,52,0.0323501464786679,0.4727838337421417,0.266451358795166,13.0,23,0.0489464478381467,0.0142585667530715,regime_rank_52_below_top30
2026-04,2026-04-08,8021,production_only,其他電子業,1.7286766135889178,4239956224.0,large_liquidity_proxy,130,0.0119128623243558,0.4621993005275726,0.2558668255805969,23.0,48,0.0244057122154322,0.0073800433645781,regime_rank_130_below_top30
2026-04,2026-04-08,4989,production_only,電子零組件業,1.3499454614289592,1867947520.0,large_liquidity_proxy,47,0.036527499833118,0.4425770044326782,0.2362445294857025,1.0,3,0.1757200893782655,0.0465500560753848,regime_rank_47_below_top30
2026-04,2026-04-08,4927,production_only,電子零組件業,1.179056589468025,425969952.0,mid_liquidity_proxy,102,0.0159880584680218,0.3932853043079376,0.1869528293609619,5.0,13,0.0815384501216701,0.0193355027764488,regime_rank_102_below_top30
2026-04,2026-04-08,8299,production_only,半導體業,1.7305554555124072,13404123136.0,large_liquidity_proxy,256,-0.0018539801231281,0.3855072557926178,0.1791747808456421,20.0,41,0.0314960711707686,0.0083097610289122,regime_rank_256_below_top30
2026-04,2026-04-08,3665,production_only,其他電子業,1.04834673186643,7142648832.0,large_liquidity_proxy,231,-0.0004196758247459,0.3830845654010772,0.1767520904541015,29.0,65,0.0210098610294475,0.0057579173706969,regime_rank_231_below_top30
2026-04,2026-04-08,3498,production_only,其他電子業,0.6287546782315246,430229824.0,mid_liquidity_proxy,58,0.028976481529679,0.2208281904458999,0.0144957229495048,25.0,55,0.0247770994793631,0.0068263693738524,regime_rank_58_below_top30
2026-04,2026-04-08,3533,production_only,電子零組件業,1.4749435206948571,4507080192.0,large_liquidity_proxy,220,0.0002733631335935,0.1949685513973236,-0.0113639160990715,7.0,17,0.0575892531146893,0.0170759000246926,regime_rank_220_below_top30
2026-04,2026-04-08,2330,production_only,半導體業,1.0973044974944646,65253883904.0,large_liquidity_proxy,600,-0.0106773951396375,0.187660664319992,-0.018671803176403,24.0,49,0.0240308048897012,0.0071872333671879,regime_rank_600_below_top30
2026-04,2026-04-08,1802,production_only,玻璃陶瓷,1.6470773571748227,3087635200.0,large_liquidity_proxy,131,0.011789343930175,0.1512195616960525,-0.0551129058003425,16.0,32,0.0405403213977466,0.0104362360573702,regime_rank_131_below_top30
2026-04,2026-04-08,4760,production_only,其他電子業,1.690620160188848,154784144.0,mid_liquidity_proxy,200,0.0019841714984501,0.1313559263944625,-0.0749765411019325,28.0,61,0.0182957920849634,0.0063606062041104,regime_rank_200_below_top30
2026-04,2026-04-08,3054,production_only,食品工業,0.2978345769642822,44028108.0,small_liquidity_proxy,37,0.041582225702787,0.1038011461496353,-0.1025313213467598,30.0,72,0.0197856286897965,0.0047145284152682,regime_rank_37_below_top30
2026-04,2026-04-08,6770,production_only,半導體業,1.898373877600442,16579802112.0,large_liquidity_proxy,66,0.0272944570971421,0.101724162697792,-0.104608304798603,22.0,47,0.0280932418202247,0.0074091877825535,regime_rank_66_below_top30
2026-04,2026-04-08,6944,production_only,綠能環保,1.2616402731401528,1127800320.0,large_liquidity_proxy,604,-0.0108091171818023,0.0871964693069458,-0.1191359981894493,26.0,56,0.022892852953924,0.0067002955041626,regime_rank_604_below_top30
2026-04,2026-04-08,3535,production_only,光電業,0.6079022348182669,802961856.0,large_liquidity_proxy,90,0.0200441275414295,0.0819672122597694,-0.1243652552366256,21.0,46,0.0290018760633227,0.0076624992853249,regime_rank_90_below_top30
2026-04,2026-04-08,3017,production_only,電腦及週邊設備業,1.1808546171710346,11034029056.0,large_liquidity_proxy,211,0.0006983113119189,0.068584069609642,-0.1377484053373336,12.0,22,0.0516739044468462,0.014733718906392,regime_rank_211_below_top30
2026-04,2026-04-08,5351,production_only,半導體業,1.769875591471419,1801548800.0,large_liquidity_proxy,69,0.0264947099954971,0.0445946343243122,-0.1617378294467926,4.0,12,0.0768638219648314,0.0212572068990711,regime_rank_69_below_top30
2026-04,2026-04-08,6442,production_only,通信網路業,1.3172695150237903,4039515392.0,large_liquidity_proxy,128,0.0121281258026168,-0.0389908254146575,-0.2453233003616333,27.0,57,0.0250666743868892,0.0066571321029467,regime_rank_128_below_top30
2026-04,2026-04-08,3563,production_only,光電業,0.8034839999998591,2572385024.0,large_liquidity_proxy,191,0.0031670977361626,-0.0399999991059303,-0.2463324666023254,19.0,35,0.0358803588936425,0.0093197752107879,regime_rank_191_below_top30
2026-04,2026-04-08,3131,production_only,其他電子業,0.9607239751452992,2914001920.0,large_liquidity_proxy,57,0.0293391076580797,-0.0728083178400993,-0.2791408002376556,3.0,9,0.0863315905877459,0.0228974581219435,regime_rank_57_below_top30
2026-04,2026-04-08,6141,regime_only,電子零組件業,0.5823008292153028,48484392.0,small_liquidity_proxy,1,0.1051396914708339,0.5631691217422485,0.3568366467952728,,118,0.0030580456679013,0.0007291093598964,production_score_rank_118_below_top30
2026-04,2026-04-08,8027,regime_only,電機機械,0.4203961551623663,1133792128.0,large_liquidity_proxy,12,0.0593288676473252,0.5280898809432983,0.3217574059963226,,566,-0.0324794122017558,-0.0064958824403511,production_score_rank_566_below_top30
2026-04,2026-04-08,5386,regime_only,電腦及週邊設備業,1.06914731838265,216711472.0,mid_liquidity_proxy,15,0.0555443929490454,0.5263158082962036,0.3199833333492279,,135,-0.0002492676971128,-5.66699594772291e-05,production_score_rank_135_below_top30
2026-04,2026-04-08,7734,regime_only,半導體業,1.3520563530412013,1183470720.0,large_liquidity_proxy,30,0.0454722798637303,0.5010225176811218,0.2946900427341461,,37,0.0310335620711259,0.0086168292935423,production_score_rank_37_below_top30
2026-04,2026-04-08,2351,regime_only,半導體業,0.9589988835399224,559974528.0,mid_liquidity_proxy,9,0.0648488143435847,0.4230769276618957,0.21674445271492,,87,0.0123163768789439,0.003103728316466,production_score_rank_87_below_top30
2026-04,2026-04-08,5274,regime_only,半導體業,1.2805492991489995,3342284032.0,large_liquidity_proxy,26,0.0485724459663915,0.4147884547710418,0.2084559798240661,,8,0.0847603030719734,0.0262843361961561,production_sector_cap_removed_raw_rank_8
2026-04,2026-04-08,6830,regime_only,其他電子業,0.4726624595825452,1321698944.0,large_liquidity_proxy,29,0.0456977453184906,0.38072669506073,0.1743942201137542,,922,-0.0366561133110563,-0.0103414829804181,production_score_rank_922_below_top30
2026-04,2026-04-08,4991,regime_only,半導體業,1.3644813861710048,2290786816.0,large_liquidity_proxy,18,0.0542807647043985,0.2873134315013885,0.0809809640049934,,4,0.0975021455903155,0.0342354781179953,production_sector_cap_removed_raw_rank_4
2026-04,2026-04-08,3189,regime_only,半導體業,1.8420552967378487,8495844352.0,large_liquidity_proxy,11,0.0611629432357826,0.2531806528568268,0.0468481853604316,,134,-0.0002388982573994,-5.639122858663115e-05,production_score_rank_134_below_top30
2026-04,2026-04-08,6727,regime_only,電子零組件業,0.8883779578463329,407974400.0,mid_liquidity_proxy,6,0.0666658223672563,0.2425474226474762,0.036214955151081,,103,0.0054342982177938,0.0015210517905443,production_score_rank_103_below_top30
2026-04,2026-04-08,6588,regime_only,通信網路業,0.965607297715883,530023232.0,mid_liquidity_proxy,25,0.0492699729622955,0.1959999948740005,-0.0103324726223945,,1018,-0.0580566736217075,-0.0119501575240455,production_score_rank_1018_below_top30
2026-04,2026-04-08,2399,regime_only,電腦及週邊設備業,0.988770169091016,430240992.0,mid_liquidity_proxy,16,0.055429129595306,0.1869030892848968,-0.0194293782114982,,485,-0.0270912482168038,-0.0058861793216602,production_score_rank_485_below_top30
2026-04,2026-04-08,6515,regime_only,半導體業,1.3200081853943748,2914265344.0,large_liquidity_proxy,8,0.0653965602957057,0.1815458387136459,-0.0247866287827491,,10,0.072045472209328,0.021483782494611,production_sector_cap_removed_raw_rank_10
2026-04,2026-04-08,6187,regime_only,半導體業,1.295900896834013,3153326848.0,large_liquidity_proxy,19,0.0526399190140423,0.1758584827184677,-0.0304739847779274,,39,0.0292848355048218,0.0083798856343761,production_score_rank_39_below_top30
2026-04,2026-04-08,4971,regime_only,半導體業,1.1952997407489665,1537989376.0,large_liquidity_proxy,5,0.0673466554761777,0.171875,-0.0344574674963951,,45,0.0223279387153529,0.0076748948899102,production_score_rank_45_below_top30
2026-04,2026-04-08,3363,regime_only,通信網路業,1.6599795570415978,2166635264.0,large_liquidity_proxy,14,0.0579510458181035,0.1576704531908035,-0.0486620143055915,,27,0.0473751661030696,0.0119979165888528,production_sector_cap_removed_raw_rank_27
2026-04,2026-04-08,3105,regime_only,半導體業,1.839414360600989,11817007104.0,large_liquidity_proxy,20,0.0526399190140423,0.1273957192897796,-0.0789367482066154,,52,0.0244184325170448,0.0069126862162121,production_score_rank_52_below_top30
2026-04,2026-04-08,7751,regime_only,半導體業,1.8987894491619928,498309408.0,mid_liquidity_proxy,7,0.0655553693182197,0.0939086303114891,-0.112423837184906,,7,0.0963572351023737,0.0278009042578103,production_sector_cap_removed_raw_rank_7
2026-04,2026-04-08,3163,regime_only,通信網路業,1.6984351539020597,2680329728.0,large_liquidity_proxy,4,0.0709284178443563,-0.0606060624122619,-0.2669385373592376,,126,0.0010431632825787,0.0003306448556326,production_score_rank_126_below_top30
2026-04,2026-04-08,6640,regime_only,半導體業,1.3291004247117828,1198213632.0,large_liquidity_proxy,28,0.0468908544007232,-0.0733333304524421,-0.2796657979488373,,188,-0.0080192182808817,-0.0016844718306317,production_score_rank_188_below_top30
2026-04,2026-04-08,6739,regime_only,其他電子業,1.3390226502489024,958417600.0,large_liquidity_proxy,27,0.0468908544007232,-0.1301587373018264,-0.336491197347641,,5,0.0842408729440871,0.0297578018606201,production_sector_cap_removed_raw_rank_5
2026-04,2026-04-08,3576,regime_only,光電業,0.8626467494543489,903861376.0,large_liquidity_proxy,13,0.0584954491718545,-0.1905882060527801,-0.3969206809997558,,44,0.0341974641372943,0.0080967142005893,production_score_rank_44_below_top30
