pred_decile,n,score_mean,actual_excess_return_mean,actual_raw_return_mean,positive_rate
1,84,-0.12443564069835185,0.033773666230401775,0.038171758609158654,0.5357142857142857
2,84,-0.03407784973528651,-0.003369272342838702,0.030380500803446574,0.4880952380952381
3,85,-0.0023184293118226795,0.006656532099141794,0.0495938348939971,0.4823529411764706
4,84,0.010728124137231706,0.029291446538298346,0.05837882672148269,0.5714285714285714
5,106,0.023696345599945174,-0.03451765799139327,0.01342479928911725,0.42452830188679247
6,66,0.03299061413497821,-0.02338931946239124,0.02959856833331287,0.5303030303030303
7,80,0.04289522317473512,0.033405581864644776,0.08096692937688203,0.65
8,83,0.06815313812393285,0.04624782190749321,0.10655376534903399,0.5783132530120482
9,84,0.12404306157115556,0.08463665313043055,0.1274250867233301,0.6309523809523809
10,84,0.2938115092486494,0.022943354822235137,0.05665238667002302,0.5119047619047619
