signal_date,ticker,name,zone_low,zone_high,stop,entry_date,entry_close,last_date,last_close,days_held,ret_pct,status,source_date,duplicate_of,subtype,recorded_kind,cohort_asof_date,followup_sessions
2026-07-02,5285,半導體業,92.08,94.29,72.82,2026-07-02,99.4,2026-07-28,71.7,17,-27.87,stopped_out,,,,,2026-10-07,66
2026-07-02,5302,半導體業,11.83,12.43,10.95,2026-07-02,12.8,2026-07-20,10.8,11,-15.62,stopped_out,,,,,2026-10-07,66
2026-07-02,1727,化學工業,89.43,92.77,78.69,2026-07-02,92.3,2026-07-20,77.0,11,-16.58,stopped_out,,,,,2026-10-07,66
2026-07-02,5210,資訊服務,29.59,30.25,25.99,2026-07-02,30.0,2026-09-29,30.25,60,0.83,matured,,,,,2026-10-07,66
2026-07-02,3041,半導體業,26.43,28.42,24.22,2026-07-02,28.3,2026-07-17,23.25,10,-17.84,stopped_out,,,,,2026-10-07,66
2026-07-03,3060,銘異,33.85,35.42,29.89,2026-07-03,35.55,2026-07-17,29.65,9,-16.6,stopped_out,,,,,2026-10-07,65
2026-07-03,5302,太欣,11.86,12.48,10.98,2026-07-03,14.05,2026-07-20,10.8,10,-23.13,stopped_out,,,,,2026-10-07,65
2026-07-03,3372,典範,20.31,20.55,19.61,2026-07-03,20.5,2026-07-13,18.15,5,-11.46,stopped_out,,,,,2026-10-07,65
2026-07-03,6861,睿生光電,328.94,336.47,317.13,2026-07-03,327.5,2026-07-07,307.5,2,-6.11,stopped_out,,,,,2026-10-07,65
2026-07-03,6411,晶焱,96.9,103.53,87.15,2026-07-03,99.7,2026-07-16,86.2,8,-13.54,stopped_out,,,,,2026-10-07,65
2026-07-03,5285,界霖,92.0,95.0,88.0,2026-07-03,96.9,2026-07-17,85.1,9,-12.18,stopped_out,,,,,2026-10-07,65
2026-07-06,6291,沛亨,542.01,545.32,497.16,2026-07-06,518.0,2026-07-07,475.5,1,-8.2,stopped_out,,,,,2026-10-07,64
2026-07-06,3615,安可,52.4,52.58,42.19,2026-07-06,51.7,2026-07-17,41.9,8,-18.96,stopped_out,,,,,2026-10-07,64
2026-07-06,8358,金居,594.66,598.85,480.72,2026-07-06,563.0,2026-07-14,460.0,5,-18.29,stopped_out,,,,,2026-10-07,64
2026-07-06,3229,晟鈦,43.02,43.39,39.35,2026-07-06,41.7,2026-07-07,39.1,1,-6.24,stopped_out,,,,,2026-10-07,64
2026-07-06,3450,聯鈞,508.91,537.95,426.91,2026-07-06,520.0,2026-07-20,389.0,9,-25.19,stopped_out,,,,,2026-10-07,64
2026-07-06,5285,界霖,92.0,95.0,88.0,2026-07-06,106.5,2026-07-17,85.1,8,-20.09,stopped_out,,,,,2026-10-07,64
2026-07-07,5347,世界,180.98,187.77,160.07,2026-07-07,175.0,2026-07-20,152.5,8,-12.86,stopped_out,,,,,2026-10-07,63
2026-07-07,8110,華東,55.27,55.42,51.44,2026-07-07,52.0,2026-07-08,51.3,1,-1.35,stopped_out,,,,,2026-10-07,63
2026-07-07,3443,創意,4589.34,4674.07,4373.73,2026-07-07,4480.0,2026-07-09,4340.0,2,-3.12,stopped_out,,,,,2026-10-07,63
2026-07-07,3006,晶豪科,219.42,222.28,203.89,2026-07-07,219.0,2026-07-17,198.0,7,-9.59,stopped_out,,,,,2026-10-07,63
2026-07-07,2340,台亞,36.77,39.53,35.71,2026-07-07,36.9,2026-07-14,35.6,4,-3.52,stopped_out,,,,,2026-10-07,63
2026-07-07,2408,南亞科,409.59,426.81,316.2,2026-07-07,403.0,2026-10-02,526.0,60,30.52,matured,,,,,2026-10-07,63
2026-07-07,5285,界霖,92.0,95.0,88.0,2026-07-07,103.0,2026-07-17,85.1,7,-17.38,stopped_out,,,,,2026-10-07,63
2026-07-08,6271,同欣電,245.24,250.7,210.22,2026-07-08,255.0,2026-07-17,203.0,6,-20.39,stopped_out,,,,,2026-10-07,62
2026-07-08,2363,矽統,64.01,66.69,59.32,2026-07-08,67.0,2026-07-17,56.7,6,-15.37,stopped_out,,,,,2026-10-07,62
2026-07-08,3035,智原,201.98,203.6,187.52,2026-07-08,216.0,2026-07-17,184.0,6,-14.81,stopped_out,,,,,2026-10-07,62
2026-07-08,8227,巨有科技,186.79,193.86,182.27,2026-07-08,196.0,2026-07-13,175.5,2,-10.46,stopped_out,,,,,2026-10-07,62
2026-07-08,6173,信昌電,287.92,288.26,188.07,2026-07-08,273.0,2026-07-20,176.8,7,-35.24,stopped_out,,,,,2026-10-06,61
2026-07-08,5230,雷笛克光,19.74,19.89,17.74,2026-07-08,21.35,2026-07-28,17.4,13,-18.5,stopped_out,,,,,2026-10-07,62
2026-07-08,5285,界霖,92.0,95.0,88.0,2026-07-08,101.0,2026-07-17,85.1,6,-15.74,stopped_out,,,,,2026-10-07,62
2026-07-09,3189,景碩,732.5,766.32,601.0,2026-07-09,795.0,2026-07-29,576.0,13,-27.55,stopped_out,,,,,2026-10-07,61
2026-07-09,6695,芯鼎,55.72,56.63,51.02,2026-07-09,53.7,2026-07-27,51.0,11,-5.03,stopped_out,,,,,2026-10-07,61
2026-07-09,6138,茂達,351.67,380.62,299.31,2026-07-09,376.0,2026-07-20,289.5,6,-23.01,stopped_out,,,,,2026-10-07,61
2026-07-09,5299,杰力,117.6,125.35,102.48,2026-07-09,118.0,2026-07-17,100.06,5,-15.2,stopped_out,,,,,2026-10-07,61
2026-07-09,6684,安格,55.25,57.65,48.57,2026-07-09,53.9,2026-07-28,47.7,12,-11.5,stopped_out,,,,,2026-10-07,61
2026-07-09,6271,同欣電,245.98,258.82,211.57,2026-07-09,252.0,2026-07-17,203.0,5,-19.44,stopped_out,,,,,2026-10-07,61
2026-07-09,5285,界霖,92.0,95.0,88.0,2026-07-09,96.0,2026-07-17,85.1,5,-11.35,stopped_out,,,,,2026-10-07,61
2026-07-10,3717,聯嘉投控,24.11,25.83,22.23,2026-07-13,25.4,2026-07-20,22.1,5,-13.0,stopped_out,,,,,2026-10-07,60
2026-07-10,3141,晶宏,73.61,74.91,64.31,2026-07-13,71.9,2026-07-17,63.2,4,-12.1,stopped_out,,,,,2026-10-07,60
2026-07-10,3152,璟德,275.14,279.12,205.29,2026-07-13,262.0,2026-07-30,203.5,13,-22.33,stopped_out,,,,,2026-10-07,60
2026-07-10,2399,映泰,49.09,49.58,44.92,2026-07-13,44.0,2026-07-14,41.3,1,-6.14,stopped_out,,,,,2026-10-07,60
2026-07-10,6270,倍微,36.63,38.67,30.25,2026-07-13,35.6,2026-07-27,30.1,10,-15.45,stopped_out,,,,,2026-10-07,60
2026-07-10,3027,盛達,20.66,20.71,19.2,2026-07-13,20.0,2026-07-17,18.35,4,-8.25,stopped_out,,,,,2026-10-07,60
2026-07-10,5285,界霖,92.0,95.0,88.0,2026-07-13,96.5,2026-07-17,85.1,4,-11.81,stopped_out,,,,,2026-10-07,60
2026-07-13,3717,聯嘉投控,24.11,25.83,22.23,2026-07-13,25.4,2026-07-16,24.3,3,,duplicate_signal,,2026-07-10:3717,,,,0
2026-07-13,3141,晶宏,73.61,74.91,64.31,2026-07-13,71.9,2026-07-16,67.9,3,,duplicate_signal,,2026-07-10:3141,,,,0
2026-07-13,3152,璟德,275.14,279.12,205.29,2026-07-13,262.0,2026-07-16,253.0,3,,duplicate_signal,,2026-07-10:3152,,,,0
2026-07-13,2399,映泰,49.09,49.58,44.92,2026-07-13,44.0,2026-07-13,44.0,0,,duplicate_signal,,2026-07-10:2399,,,,0
2026-07-13,6270,倍微,36.63,38.67,30.25,2026-07-13,35.6,2026-07-16,33.2,3,,duplicate_signal,,2026-07-10:6270,,,,0
2026-07-13,3027,盛達,20.66,20.71,19.2,2026-07-13,20.0,2026-07-16,19.2,3,,duplicate_signal,,2026-07-10:3027,,,,0
2026-07-13,5285,界霖,92.0,95.0,88.0,2026-07-13,96.5,2026-07-16,92.3,3,,duplicate_signal,,2026-07-10:5285,,,,0
2026-07-14,6138,茂達,353.22,358.58,303.81,2026-07-14,333.0,2026-07-20,289.5,4,-13.06,stopped_out,,,,,2026-10-07,59
2026-07-14,6435,大中,340.16,347.64,262.53,2026-07-14,334.0,2026-07-28,242.5,10,-27.4,stopped_out,,,,,2026-10-07,59
2026-07-14,6693,廣閎科,223.61,235.99,170.49,2026-07-14,218.5,2026-07-28,155.5,10,-28.83,stopped_out,,,,,2026-10-07,59
2026-07-14,3141,晶宏,72.98,73.64,64.77,2026-07-14,70.0,2026-07-17,63.2,3,-9.71,stopped_out,,,,,2026-10-07,59
2026-07-14,3317,尼克森,89.09,93.38,74.21,2026-07-14,90.1,2026-07-28,66.9,10,-25.75,stopped_out,,,,,2026-10-07,59
2026-07-14,1304,台聚,13.27,13.75,12.93,2026-07-14,13.55,2026-07-27,12.4,9,-8.49,stopped_out,,,,,2026-10-07,59
2026-07-14,5285,界霖,92.0,95.0,88.0,2026-07-14,88.9,2026-07-17,85.1,3,-4.27,stopped_out,,,,,2026-10-07,59
2026-07-15,6129,普誠,17.56,17.72,16.34,2026-07-15,17.3,2026-07-17,15.35,2,-11.27,stopped_out,,,,,2026-10-07,51
2026-07-15,1313,聯成,12.07,12.48,11.14,2026-07-15,12.65,2026-07-28,10.95,9,-13.44,stopped_out,,,,,2026-10-07,58
2026-07-15,4128,中天,15.62,15.94,15.0,2026-07-15,16.1,2026-07-24,14.9,7,-7.45,stopped_out,,,,,2026-10-07,58
2026-07-15,1310,台苯,9.91,10.45,8.93,2026-07-15,10.5,2026-07-28,8.08,9,-23.05,stopped_out,,,,,2026-10-07,58
2026-07-15,1304,台聚,13.31,13.75,12.9,2026-07-15,13.8,2026-07-27,12.4,8,-10.14,stopped_out,,,,,2026-10-07,58
2026-07-15,4716,大立,21.33,21.47,17.0,2026-07-15,21.1,2026-07-29,16.4,10,-22.27,stopped_out,,,,,2026-10-07,58
2026-07-15,5285,界霖,92.0,95.0,88.0,2026-07-15,93.8,2026-07-17,85.1,2,-9.28,stopped_out,,,,,2026-10-07,58
2026-07-16,1312,國喬,13.35,13.54,12.26,2026-07-16,13.45,2026-07-27,12.25,7,-8.92,stopped_out,,,,,2026-10-07,57
2026-07-16,6257,矽格,233.24,241.06,211.5,2026-07-16,238.0,2026-07-20,211.0,2,-11.34,stopped_out,,,,,2026-10-07,57
2026-07-16,2449,京元電子,311.57,311.6,297.6,2026-07-16,318.0,2026-07-17,286.5,1,-9.91,stopped_out,,,,,2026-10-07,57
2026-07-16,1609,大亞,37.88,39.84,35.46,2026-07-16,38.6,2026-07-28,34.35,8,-11.01,stopped_out,,,,,2026-10-07,57
2026-07-16,3520,華盈,16.39,16.4,15.4,2026-07-16,16.15,2026-10-07,17.8,57,10.22,holding,,,,,2026-10-07,57
2026-07-16,3663,鑫科,77.86,78.46,74.71,2026-07-16,76.0,2026-07-17,70.0,1,-7.89,stopped_out,,,,,2026-10-07,57
2026-07-16,5285,界霖,92.0,95.0,88.0,2026-07-16,92.3,2026-07-17,85.1,1,-7.8,stopped_out,,,,,2026-10-07,57
2026-07-17,6712,長聖,154.13,156.82,138.13,2026-07-17,150.0,2026-10-07,161.5,56,7.67,holding,,,,,2026-10-07,56
2026-07-17,1312,國喬,13.55,13.65,12.26,2026-07-17,12.85,2026-07-27,12.25,6,-4.67,stopped_out,,,,,2026-10-07,56
2026-07-17,1310,台苯,10.12,10.86,8.96,2026-07-17,10.15,2026-07-28,8.08,7,-20.39,stopped_out,,,,,2026-10-07,56
2026-07-17,2497,怡利電,58.5,60.49,57.61,2026-07-17,55.8,2026-07-20,53.7,1,-3.76,stopped_out,,,,,2026-10-07,56
2026-07-17,2449,京元電子,313.53,322.77,298.36,2026-07-17,286.5,2026-07-20,270.5,1,-5.58,stopped_out,,,,,2026-10-07,56
2026-07-17,6409,旭隼,1035.3,1040.32,845.76,2026-07-17,967.0,2026-10-07,924.77,56,-4.37,holding,,,,,2026-10-07,56
2026-07-17,5285,界霖,92.0,95.0,88.0,2026-07-17,85.1,2026-07-20,79.7,1,-6.35,stopped_out,,,,,2026-10-07,56
2026-07-20,5285,界霖,92.0,95.0,88.0,2026-07-20,79.7,2026-07-21,80.6,1,1.13,stopped_out,2026-07-20,,,,2026-10-07,55
2026-07-20,6446,藥華藥,1163.08,1212.92,855.19,2026-07-20,1175.0,2026-10-07,1205.0,55,2.55,holding,2026-07-17,,,,2026-10-07,55
2026-07-20,2243,宏旭-K,52.78,53.52,35.12,2026-07-20,51.8,2026-10-07,59.7,55,15.25,holding,2026-07-17,,,,2026-10-07,55
2026-07-20,8222,寶一,37.81,38.01,35.63,2026-07-20,37.8,2026-07-29,35.55,7,-5.95,stopped_out,2026-07-17,,,,2026-10-07,55
2026-07-20,1708,東鹼,53.29,54.12,44.06,2026-07-20,52.5,2026-10-07,57.3,55,9.14,holding,2026-07-17,,,,2026-10-07,55
2026-07-20,1563,巧新,61.91,62.74,53.04,2026-07-20,59.0,2026-07-30,52.9,8,-10.34,stopped_out,2026-07-17,,,,2026-10-07,48
2026-07-20,3004,豐達科,138.96,143.62,126.09,2026-07-20,137.0,2026-07-30,125.5,8,-8.39,stopped_out,2026-07-17,,,,2026-10-07,55
2026-07-21,4128,中天,15.68,15.79,14.94,2026-07-21,15.45,2026-07-24,14.9,3,-3.56,stopped_out,2026-07-20,,,,2026-10-07,54
2026-07-21,1466,聚隆,16.28,17.56,15.04,2026-07-21,18.15,2026-09-11,15.0,38,-17.36,stopped_out,2026-07-20,,,,2026-10-07,54
2026-07-21,3004,豐達科,139.05,139.09,126.43,2026-07-21,141.5,2026-07-30,125.5,7,-11.31,stopped_out,2026-07-20,,,,2026-10-07,54
2026-07-21,6603,富強鑫,24.2,24.46,23.29,2026-07-21,24.65,2026-10-07,29.2,54,18.46,holding,2026-07-20,,,,2026-10-07,54
2026-07-21,8109,博大,130.43,131.15,121.18,2026-07-21,129.5,2026-07-28,120.5,5,-6.95,stopped_out,2026-07-20,,,,2026-10-07,54
2026-07-21,5488,松普,14.34,14.82,12.1,2026-07-21,14.4,2026-08-31,11.91,29,-17.29,stopped_out,2026-07-20,,,,2026-10-07,54
2026-07-21,5285,界霖,92.0,95.0,88.0,2026-07-21,80.6,2026-07-22,82.5,1,2.36,stopped_out,2026-07-21,,,,2026-10-07,54
2026-07-22,2838,聯邦銀,20.76,20.81,19.27,2026-07-22,20.25,2026-10-07,20.5,53,1.23,holding,2026-07-21,,,,2026-10-07,53
2026-07-22,1440,南紡,12.97,13.19,12.29,2026-07-22,12.85,2026-07-29,12.2,5,-5.06,stopped_out,2026-07-21,,,,2026-10-07,53
2026-07-22,4306,炎洲,14.77,14.8,13.64,2026-07-22,14.55,2026-10-07,14.5,53,-0.34,holding,2026-07-21,,,,2026-10-07,53
2026-07-22,5488,松普,14.39,14.62,12.17,2026-07-22,14.6,2026-07-30,12.11,6,-17.05,stopped_out,2026-07-21,,,,2026-10-07,53
2026-07-22,1609,大亞,37.71,38.11,35.27,2026-07-22,37.75,2026-07-28,34.35,4,-9.01,stopped_out,2026-07-21,,,,2026-10-07,53
2026-07-22,6143,振曜,96.26,97.85,92.51,2026-07-22,97.0,2026-07-28,88.1,4,-9.18,stopped_out,2026-07-21,,,,2026-10-07,53
2026-07-22,5285,界霖,92.0,95.0,88.0,2026-07-22,82.5,2026-07-23,80.1,1,-2.91,stopped_out,2026-07-22,,,,2026-10-07,53
2026-07-23,5508,永信建,51.66,52.58,48.35,2026-07-23,52.1,2026-10-07,53.9,52,3.45,holding,2026-07-22,,,,2026-10-07,52
2026-07-23,6179,亞通,25.78,25.93,24.32,2026-07-23,25.8,2026-07-28,24.0,3,-6.98,stopped_out,2026-07-22,,,,2026-10-07,52
2026-07-23,4916,事欣科,104.94,108.1,93.39,2026-07-23,103.5,2026-07-29,90.2,4,-12.85,stopped_out,2026-07-22,,,,2026-10-07,52
2026-07-23,3303,岱稜,53.29,54.13,49.68,2026-07-23,52.2,2026-09-10,49.0,35,-6.13,stopped_out,2026-07-22,,,,2026-10-07,52
2026-07-23,8131,福懋科,71.56,72.88,67.36,2026-07-23,68.7,2026-07-24,64.6,1,-5.97,stopped_out,2026-07-22,,,,2026-10-07,52
2026-07-23,3033,威健,49.17,50.95,46.57,2026-07-23,50.5,2026-07-28,45.95,3,-9.01,stopped_out,2026-07-22,,,,2026-10-07,52
2026-07-23,5285,界霖,92.0,95.0,88.0,2026-07-23,80.1,2026-07-24,77.5,1,-3.25,stopped_out,2026-07-23,,,,2026-10-07,52
2026-07-23,6023,元大期,84.41,89.12,81.63,2026-07-23,87.4,2026-10-07,86.91,52,-0.56,holding,2026-07-22,,,,2026-10-07,52
2026-07-23,5488,松普,14.46,14.82,12.25,2026-07-23,14.55,2026-07-30,12.11,5,-16.77,stopped_out,2026-07-22,,,,2026-10-07,52
2026-07-24,6023,元大期,84.6,88.71,81.71,2026-07-24,87.1,2026-10-07,86.91,51,-0.22,holding,2026-07-23,,,,2026-10-07,51
2026-07-24,4764,雙鍵,299.19,314.14,295.25,2026-07-24,279.5,2026-07-27,294.5,1,5.37,stopped_out,2026-07-23,,,,2026-10-07,51
2026-07-24,2630,亞航,52.14,54.1,45.22,2026-07-24,53.9,2026-10-07,45.55,51,-15.49,holding,2026-07-23,,,,2026-10-07,51
2026-07-24,5508,永信建,51.65,52.88,48.43,2026-07-24,51.3,2026-10-07,53.9,51,5.07,holding,2026-07-23,,,,2026-10-07,51
2026-07-24,8046,南電,1156.16,1248.45,952.42,2026-07-24,1110.0,2026-07-29,879.0,3,-20.81,stopped_out,2026-07-23,,,,2026-10-07,51
2026-07-24,2408,南亞科,419.22,432.39,355.58,2026-07-24,401.0,2026-07-29,353.5,3,-11.85,stopped_out,2026-07-23,,,,2026-10-07,51
2026-07-24,5285,界霖,92.0,95.0,88.0,2026-07-24,77.5,2026-07-27,76.5,1,-1.29,stopped_out,2026-07-24,,,,2026-10-07,51
2026-07-24,3402,漢科,138.87,145.14,132.72,2026-07-24,136.5,2026-07-27,130.0,1,-4.76,stopped_out,2026-07-23,,,,2026-10-07,51
2026-07-27,2838,聯邦銀,20.6,20.66,19.35,2026-07-27,20.45,2026-10-07,20.5,50,0.24,holding,2026-07-24,,,,2026-10-07,50
2026-07-27,2547,日勝生,10.14,10.25,9.59,2026-07-27,10.15,2026-10-07,9.68,50,-4.63,holding,2026-07-24,,,,2026-10-07,50
2026-07-27,8028,昇陽半導,304.19,305.01,287.39,2026-07-27,311.0,2026-07-28,280.0,1,-9.97,stopped_out,2026-07-24,,,,2026-10-07,50
2026-07-27,2414,精技,56.0,56.54,50.82,2026-07-27,57.2,2026-10-07,54.0,50,-5.59,holding,2026-07-24,,,,2026-10-07,50
2026-07-27,3033,威健,49.24,50.75,47.04,2026-07-27,48.95,2026-07-28,45.95,1,-6.13,stopped_out,2026-07-24,,,,2026-10-07,50
2026-07-27,3564,其陽,47.71,48.31,45.03,2026-07-27,47.6,2026-07-28,43.3,1,-9.03,stopped_out,2026-07-24,,,,2026-10-07,50
2026-07-27,5285,界霖,92.0,95.0,88.0,2026-07-27,76.5,2026-07-28,71.7,1,-6.27,stopped_out,2026-07-27,,,,2026-10-07,50
2026-07-28,5508,永信建,51.65,51.76,48.58,2026-07-28,50.1,2026-10-07,53.9,49,7.58,holding,2026-07-27,,,,2026-10-07,49
2026-07-28,3374,精材,339.77,350.17,270.87,2026-07-28,310.5,2026-07-30,252.0,2,-18.84,stopped_out,2026-07-27,,,,2026-10-07,49
2026-07-28,4939,亞電,61.29,61.31,53.02,2026-07-28,55.5,2026-07-29,49.95,1,-10.0,stopped_out,2026-07-27,,,,2026-10-07,49
2026-07-28,3413,京鼎,333.35,333.93,311.79,2026-07-28,308.0,2026-07-29,289.0,1,-6.17,stopped_out,2026-07-27,,,,2026-10-07,49
2026-07-28,2414,精技,56.08,58.06,51.04,2026-07-28,55.9,2026-10-07,54.0,49,-3.4,holding,2026-07-27,,,,2026-10-07,49
2026-07-28,8028,昇陽半導,305.44,315.66,288.47,2026-07-28,280.0,2026-07-29,252.0,1,-10.0,stopped_out,2026-07-27,,,,2026-10-07,49
2026-07-28,5285,界霖,92.0,95.0,88.0,2026-07-28,71.7,2026-07-29,66.1,1,-7.81,stopped_out,2026-07-28,,,,2026-10-07,49
2026-07-29,2204,中華,51.79,52.27,49.93,2026-07-29,51.7,2026-10-07,51.6,48,-0.19,holding,2026-07-28,,,,2026-10-07,48
2026-07-29,2466,冠西電,96.02,97.39,64.29,2026-07-29,89.8,2026-10-07,180.5,48,101.0,holding,2026-07-28,,,,2026-10-07,48
2026-07-29,4513,福裕,18.57,18.72,16.09,2026-07-29,17.3,2026-09-02,16.05,25,-7.23,stopped_out,2026-07-28,,,,2026-10-07,48
2026-07-29,2414,精技,56.07,56.74,51.24,2026-07-29,55.3,2026-10-07,54.0,48,-2.35,holding,2026-07-28,,,,2026-10-07,48
2026-07-29,5285,界霖,92.0,95.0,88.0,2026-07-29,66.1,2026-07-30,64.8,1,-1.97,stopped_out,2026-07-29,,,,2026-10-07,48
2026-07-30,1434,福懋,17.86,17.93,16.03,2026-07-30,17.35,2026-10-07,18.95,47,9.22,holding,2026-07-29,,,,2026-10-07,47
2026-07-30,2634,漢翔,60.74,61.61,50.39,2026-07-30,58.6,2026-10-07,63.6,47,8.53,holding,2026-07-29,,,,2026-10-07,47
2026-07-30,2204,中華,51.78,52.48,49.94,2026-07-30,52.2,2026-10-07,51.6,47,-1.15,holding,2026-07-29,,,,2026-10-07,47
2026-07-30,2414,精技,55.98,56.13,51.43,2026-07-30,54.7,2026-10-07,54.0,47,-1.28,holding,2026-07-29,,,,2026-10-07,47
2026-07-30,5285,界霖,92.0,95.0,88.0,2026-07-30,64.8,2026-07-31,70.9,1,9.41,stopped_out,2026-07-30,,,,2026-10-07,47
2026-07-31,2528,皇普,18.97,19.59,18.56,2026-07-31,19.4,2026-10-07,18.8,46,-3.09,holding,2026-07-30,,,,2026-10-07,46
2026-07-31,5285,界霖,92.0,95.0,88.0,2026-07-31,70.9,2026-08-03,73.5,1,3.67,stopped_out,2026-07-31,,,,2026-10-07,46
2026-08-03,2527,宏璟,44.19,45.22,38.23,2026-08-03,45.05,2026-10-07,52.2,45,15.87,holding,2026-07-31,,,,2026-10-07,45
2026-08-03,6024,群益期,56.66,58.59,52.78,2026-08-03,58.3,2026-10-07,59.4,45,1.89,holding,2026-07-31,,,,2026-10-07,45
2026-08-03,5285,界霖,92.0,95.0,88.0,2026-08-03,73.5,2026-08-04,75.3,1,2.45,stopped_out,2026-08-03,,,,2026-10-07,45
2026-08-04,3685,元創精密,35.1,37.3,30.3,2026-08-04,36.0,2026-10-07,35.3,44,-1.94,holding,2026-08-03,,,,2026-10-07,44
2026-08-04,4566,時碩工業,65.52,67.5,63.24,2026-08-04,67.6,2026-09-03,62.9,22,-6.95,stopped_out,2026-08-03,,,,2026-10-07,44
2026-08-04,8039,台虹,183.97,193.36,152.57,2026-08-04,200.0,2026-10-07,304.5,44,52.25,holding,2026-08-03,,,,2026-10-07,44
2026-08-04,3577,泓格,129.55,130.43,124.35,2026-08-04,131.5,2026-08-18,120.5,10,-8.37,stopped_out,2026-08-03,,,,2026-10-07,44
2026-08-04,3189,景碩,708.47,709.76,668.76,2026-08-04,767.0,2026-10-07,1100.0,44,43.42,holding,2026-08-03,,,,2026-10-07,44
2026-08-04,3594,磐儀,50.87,51.87,49.19,2026-08-04,53.4,2026-08-31,48.65,19,-8.9,stopped_out,2026-08-03,,,,2026-10-07,44
2026-08-04,5285,界霖,92.0,95.0,88.0,2026-08-04,75.3,2026-08-05,77.4,1,2.79,stopped_out,2026-08-04,,,,2026-10-07,44
2026-08-05,4167,松瑞藥,17.94,18.22,17.37,2026-08-05,18.2,2026-10-07,20.45,43,12.36,holding,2026-08-04,,,,2026-10-07,43
2026-08-05,3577,泓格,129.55,133.47,125.05,2026-08-05,138.0,2026-08-18,120.5,9,-12.68,stopped_out,2026-08-04,,,,2026-10-07,43
2026-08-05,1434,福懋,17.61,17.87,16.14,2026-08-05,17.25,2026-10-07,18.95,43,9.86,holding,2026-08-04,,,,2026-10-07,43
2026-08-05,6944,兆聯實業,734.93,797.79,709.29,2026-08-05,787.0,2026-08-21,708.0,12,-10.04,stopped_out,2026-08-04,,,,2026-10-07,43
2026-08-05,5227,立凱-K,34.51,34.71,30.41,2026-08-05,34.05,2026-08-31,30.35,18,-10.87,stopped_out,2026-08-04,,,,2026-10-07,43
2026-08-05,3413,京鼎,326.29,326.32,311.37,2026-08-05,321.5,2026-08-07,309.0,2,-3.89,stopped_out,2026-08-04,,,,2026-10-07,43
2026-08-05,5285,界霖,92.0,95.0,88.0,2026-08-05,77.4,2026-08-06,77.9,1,0.65,stopped_out,2026-08-05,,,,2026-10-07,43
2026-08-06,4534,慶騰,34.85,35.52,30.4,2026-08-06,34.15,2026-08-19,30.1,9,-11.86,stopped_out,2026-08-05,,,,2026-10-07,42
2026-08-06,3479,安勤,138.72,142.1,126.37,2026-08-06,141.0,2026-09-01,125.5,18,-10.99,stopped_out,2026-08-05,,,,2026-10-07,42
2026-08-06,4939,亞電,58.38,60.29,54.24,2026-08-06,61.4,2026-10-07,76.9,42,25.24,holding,2026-08-05,,,,2026-10-07,42
2026-08-06,5285,界霖,92.0,95.0,88.0,2026-08-06,77.9,2026-08-07,77.1,1,-1.03,stopped_out,2026-08-06,,,,2026-10-07,42
2026-08-07,8476,台境*,21.21,21.48,19.43,2026-08-07,20.5,2026-08-31,19.4,16,-5.37,stopped_out,2026-08-06,,,,2026-10-07,41
2026-08-07,4167,松瑞藥,17.89,18.98,17.41,2026-08-07,19.75,2026-10-07,20.45,41,3.54,holding,2026-08-06,,,,2026-10-07,41
2026-08-07,5227,立凱-K,34.51,34.52,30.83,2026-08-07,33.7,2026-08-25,30.7,12,-8.9,stopped_out,2026-08-06,,,,2026-10-07,41
2026-08-07,5285,界霖,92.0,95.0,88.0,2026-08-07,77.1,2026-08-10,77.9,1,1.04,stopped_out,2026-08-07,,,,2026-10-07,41
2026-08-10,1231,聯華食,79.05,81.81,76.36,2026-08-10,80.3,2026-10-07,78.0,40,-2.86,holding,2026-08-07,,,,2026-10-07,40
2026-08-10,2812,台中銀,18.47,18.93,17.68,2026-08-10,18.7,2026-10-07,18.85,40,0.8,holding,2026-08-07,,,,2026-10-07,40
2026-08-10,5285,界霖,92.0,95.0,88.0,2026-08-10,77.9,2026-08-11,79.0,1,1.41,stopped_out,2026-08-10,,,,2026-10-07,40
2026-08-17,5490,同亨,31.4,31.62,28.56,2026-08-17,31.15,2026-08-27,28.4,8,-8.83,stopped_out,2026-08-14,,,,2026-10-07,35
2026-08-17,1526,日馳,17.41,17.46,15.2,2026-08-17,17.2,2026-09-11,15.15,19,-11.92,stopped_out,2026-08-14,,,,2026-10-07,35
2026-08-17,5285,界霖,92.0,95.0,88.0,2026-08-17,77.8,2026-08-18,76.5,1,-1.67,stopped_out,2026-08-17,,,,2026-10-07,35
2026-08-18,3685,元創精密,36.03,36.41,31.77,2026-08-18,37.8,2026-10-07,35.3,34,-6.61,holding,2026-08-17,,,,2026-10-07,34
2026-08-18,5285,界霖,92.0,95.0,88.0,2026-08-18,76.5,2026-08-19,79.4,1,3.79,stopped_out,2026-08-18,,,,2026-10-07,34
2026-08-19,6206,飛捷,134.85,145.65,125.96,2026-08-19,144.5,2026-10-07,134.5,33,-6.92,holding,2026-08-18,,,,2026-10-07,33
2026-08-19,2880,華南金,39.83,40.3,35.78,2026-08-19,39.0,2026-10-07,46.9,33,20.26,holding,2026-08-18,,,,2026-10-07,33
2026-08-19,5328,華容,63.32,63.44,56.69,2026-08-19,63.1,2026-09-14,54.35,18,-13.87,stopped_out,2026-08-18,,,,2026-10-07,33
2026-08-19,5285,界霖,92.0,95.0,88.0,2026-08-19,79.4,2026-08-20,77.2,1,-2.77,stopped_out,2026-08-19,,,,2026-10-07,33
2026-08-20,1736,喬山,129.2,130.93,118.89,2026-08-20,130.5,2026-10-07,122.0,32,-6.51,holding,2026-08-19,,,,2026-10-07,32
2026-08-20,1526,日馳,17.25,17.43,15.32,2026-08-20,16.7,2026-09-08,15.3,13,-8.38,stopped_out,2026-08-19,,,,2026-10-07,32
2026-08-20,8271,宇瞻,219.67,222.79,203.68,2026-08-20,233.0,2026-09-14,202.0,17,-13.3,stopped_out,2026-08-19,,,,2026-10-07,32
2026-08-20,5285,界霖,92.0,95.0,88.0,2026-08-20,77.2,2026-08-21,75.5,1,-2.2,stopped_out,2026-08-20,,,,2026-10-07,32
2026-08-20,3022,威強電,90.41,93.28,81.48,2026-08-20,92.5,2026-10-07,90.7,32,-1.95,holding,2026-08-19,,,,2026-10-07,32
2026-08-21,3416,融程電,175.74,180.67,170.42,2026-08-21,177.0,2026-09-08,169.13,12,-4.45,stopped_out,2026-08-20,,,,2026-10-07,31
2026-08-21,5285,界霖,92.0,95.0,88.0,2026-08-21,75.5,2026-08-24,77.9,1,3.18,stopped_out,2026-08-21,,,,2026-10-07,31
2026-08-21,3712,永崴投控,19.5,20.81,17.97,2026-08-21,20.65,2026-10-07,20.35,31,-1.45,holding,2026-08-20,,,,2026-10-07,31
2026-08-24,2880,華南金,39.79,40.19,36.27,2026-08-24,39.25,2026-10-07,46.9,30,19.49,holding,2026-08-21,,,,2026-10-07,30
2026-08-24,2377,微星,142.51,143.62,135.44,2026-08-24,144.0,2026-10-07,156.0,30,8.33,holding,2026-08-21,,,,2026-10-07,30
2026-08-24,8046,南電,1080.2,1152.02,1022.93,2026-08-24,1135.0,2026-10-07,1480.0,30,30.4,holding,2026-08-21,,,,2026-10-07,30
2026-08-24,3416,融程電,175.42,179.65,170.38,2026-08-24,175.0,2026-09-08,169.13,11,-3.36,stopped_out,2026-08-21,,,,2026-10-07,30
2026-08-24,1590,亞德客-,1428.84,1456.52,1325.24,2026-08-24,1435.0,2026-09-10,1305.0,13,-9.06,stopped_out,2026-08-21,,,,2026-10-07,30
2026-08-24,6603,富強鑫,26.3,27.4,24.25,2026-08-24,26.4,2026-10-07,29.2,30,10.61,holding,2026-08-21,,,,2026-10-07,30
2026-08-24,5285,界霖,92.0,95.0,88.0,2026-08-24,77.9,2026-08-25,78.2,1,0.39,stopped_out,2026-08-24,,,,2026-10-07,30
2026-08-25,2377,微星,142.58,146.16,135.83,2026-08-25,144.0,2026-10-07,156.0,29,8.33,holding,2026-08-24,,,,2026-10-07,29
2026-08-25,3022,威強電,90.84,95.21,82.49,2026-08-25,93.0,2026-10-07,90.7,29,-2.47,holding,2026-08-24,,,,2026-10-07,29
2026-08-25,5904,寶雅,71.22,77.04,62.64,2026-08-25,74.9,2026-10-07,70.1,29,-6.41,holding,2026-08-24,,,,2026-10-07,29
2026-08-25,3489,森寶,23.52,23.75,20.6,2026-08-25,22.8,2026-10-07,22.5,29,-1.32,holding,2026-08-24,,,,2026-10-07,29
2026-08-25,3712,永崴投控,19.71,21.01,18.11,2026-08-25,20.8,2026-10-07,20.35,29,-2.16,holding,2026-08-24,,,,2026-10-07,29
2026-08-25,8046,南電,1083.14,1152.02,1027.57,2026-08-25,1160.0,2026-09-08,1025.0,10,-11.64,stopped_out,2026-08-24,,,,2026-10-07,29
2026-08-25,5285,界霖,92.0,95.0,88.0,2026-08-25,78.2,2026-08-26,82.6,1,5.63,stopped_out,2026-08-25,,,,2026-10-07,29
2026-08-26,2377,微星,143.01,146.16,136.09,2026-08-26,146.0,2026-10-07,156.0,28,6.85,holding,2026-08-25,,,,2026-10-07,28
2026-08-26,2376,技嘉,339.14,352.71,327.05,2026-08-26,351.5,2026-10-07,365.5,28,3.98,holding,2026-08-25,,,,2026-10-07,28
2026-08-26,1336,台翰,15.7,16.6,14.72,2026-08-26,16.5,2026-10-07,18.1,28,9.7,holding,2026-08-25,,,,2026-10-07,28
2026-08-26,1303,南亞,177.38,191.33,159.53,2026-08-26,207.0,2026-10-07,314.0,28,51.69,holding,2026-08-25,,,,2026-10-07,28
2026-08-26,6152,百一,13.06,13.96,13.18,2026-08-26,14.0,2026-10-07,19.8,28,41.43,holding,2026-08-25,,,,2026-10-07,28
2026-08-26,6603,富強鑫,26.36,26.64,24.29,2026-08-26,25.8,2026-10-07,29.2,28,13.18,holding,2026-08-25,,,,2026-10-07,28
2026-08-26,5285,界霖,92.0,95.0,88.0,2026-08-26,82.6,2026-08-27,84.0,1,1.69,stopped_out,2026-08-26,,,,2026-10-07,28
2026-08-27,2377,微星,143.61,148.19,136.23,2026-08-27,145.0,2026-10-07,156.0,27,7.59,holding,2026-08-26,,,,2026-10-07,27
2026-08-27,2376,技嘉,341.17,356.77,326.7,2026-08-27,345.0,2026-10-07,365.5,27,5.94,holding,2026-08-26,,,,2026-10-07,27
2026-08-27,5285,界霖,92.0,95.0,88.0,2026-08-27,84.0,2026-08-28,83.4,1,-0.71,stopped_out,2026-08-27,,,,2026-10-07,27
2026-08-28,2376,技嘉,343.02,350.17,326.19,2026-08-28,349.0,2026-10-07,365.5,26,4.73,holding,2026-08-27,,,,2026-10-07,26
2026-08-28,6603,富強鑫,26.44,27.15,24.35,2026-08-28,26.3,2026-10-07,29.2,26,11.03,holding,2026-08-27,,,,2026-10-07,26
2026-08-28,2885,元大金,63.42,64.15,60.7,2026-08-28,64.0,2026-10-07,70.0,26,9.38,holding,2026-08-27,,,,2026-10-07,26
2026-08-28,5285,界霖,92.0,95.0,88.0,2026-08-28,83.4,2026-08-31,81.0,1,-2.88,stopped_out,2026-08-28,,,,2026-10-07,26
2026-08-31,2611,志信,14.53,15.12,13.82,2026-08-31,14.85,2026-10-07,15.05,25,1.35,holding,2026-08-28,,,,2026-10-07,25
2026-08-31,3229,晟鈦,51.85,56.23,44.23,2026-08-31,53.4,2026-10-07,55.7,25,4.31,holding,2026-08-28,,,,2026-10-07,25
2026-09-01,2359,所羅門,146.67,147.71,136.92,2026-09-01,144.0,2026-09-08,135.5,5,-5.9,stopped_out,2026-08-31,,,,2026-10-07,24
2026-09-01,2464,盟立,181.01,182.7,160.96,2026-09-01,184.5,2026-10-07,195.19,24,5.8,holding,2026-08-31,,,,2026-10-07,24
2026-09-02,6691,洋基工程,615.54,640.46,608.46,2026-09-02,607.0,2026-09-03,603.0,1,-0.66,stopped_out,2026-09-01,,,,2026-10-07,23
2026-09-02,4416,三圓,12.01,12.64,10.89,2026-09-02,12.65,2026-09-14,10.75,8,-15.02,stopped_out,2026-09-01,,,,2026-10-07,23
2026-09-03,3229,晟鈦,51.97,52.63,44.61,2026-09-03,48.6,2026-10-07,55.7,22,14.61,holding,2026-09-02,,,,2026-10-07,22
2026-09-03,5608,四維航,15.56,16.75,14.32,2026-09-03,17.45,2026-10-07,16.55,22,-5.16,holding,2026-09-02,,,,2026-10-07,22
2026-09-04,2609,陽明,55.62,58.67,50.57,2026-09-04,58.2,2026-10-07,59.1,21,1.55,holding,2026-09-03,,,,2026-10-07,21
2026-09-04,3605,宏致,116.22,117.46,92.15,2026-09-04,118.0,2026-10-07,167.0,21,41.53,holding,2026-09-03,,,,2026-10-07,21
2026-09-04,8039,台虹,275.72,297.39,201.18,2026-09-04,297.5,2026-10-07,304.5,21,2.35,holding,2026-09-03,,,,2026-10-07,21
2026-09-04,6446,藥華藥,1370.25,1392.34,1191.44,2026-09-04,1310.0,2026-09-14,1190.0,6,-9.16,stopped_out,2026-09-03,,,,2026-10-07,21
2026-09-04,3176,基亞,34.92,35.52,33.39,2026-09-04,35.0,2026-10-07,38.35,21,9.57,holding,2026-09-03,,,,2026-10-07,21
2026-09-07,3605,宏致,118.04,119.77,92.96,2026-09-07,120.5,2026-10-07,167.0,20,38.59,holding,2026-09-04,,,,2026-10-07,20
2026-09-07,3189,景碩,831.28,832.36,756.66,2026-09-07,813.0,2026-10-07,1100.0,20,35.3,holding,2026-09-04,,,,2026-10-07,20
2026-09-07,3066,李洲,23.6,25.07,22.74,2026-09-07,24.0,2026-10-07,27.0,20,12.5,holding,2026-09-04,,,,2026-10-07,20
2026-09-07,2364,倫飛,67.95,68.41,61.87,2026-09-07,66.2,2026-10-07,64.6,20,-2.42,holding,2026-09-04,,,,2026-10-07,20
2026-09-07,3176,基亞,34.98,35.52,33.42,2026-09-07,34.75,2026-10-07,38.35,20,10.36,holding,2026-09-04,,,,2026-10-07,20
2026-09-07,6472,保瑞,421.06,422.24,399.28,2026-09-07,416.0,2026-09-11,399.0,4,-4.09,stopped_out,2026-09-04,,,,2026-10-07,20
2026-09-08,6108,競國,22.81,23.29,19.11,2026-09-08,22.25,2026-10-07,26.95,19,21.12,holding,2026-09-07,,shakeout,small,2026-10-07,19
2026-09-08,8932,智通*,89.39,95.61,87.3,2026-09-08,92.4,2026-09-15,85.8,5,-7.14,stopped_out,2026-09-07,,shakeout,small,2026-10-07,19
2026-09-09,3066,李洲,23.78,24.31,22.87,2026-09-09,23.65,2026-10-07,27.0,18,14.16,holding,2026-09-08,,shakeout,small,2026-10-07,18
2026-09-09,6668,中揚光,38.43,40.8,37.05,2026-09-09,41.85,2026-10-07,50.2,18,19.95,holding,2026-09-08,,shakeout,small,2026-10-07,18
2026-09-09,4956,光鋐,33.24,34.61,32.82,2026-09-09,34.0,2026-09-11,32.05,2,-5.74,stopped_out,2026-09-08,,shakeout,small,2026-10-07,18
2026-09-09,7751,竑騰,1564.32,1568.17,1368.35,2026-09-09,1610.0,2026-09-15,1360.0,4,-15.53,stopped_out,2026-09-08,,shakeout,small,2026-10-07,18
2026-09-09,6446,藥華藥,1392.82,1426.07,1214.92,2026-09-09,1345.0,2026-09-14,1190.0,3,-11.52,stopped_out,2026-09-08,,shakeout,small,2026-10-07,18
2026-09-10,2491,吉祥全,41.87,42.38,35.85,2026-09-10,41.1,2026-10-07,39.7,17,-3.41,holding,2026-09-09,,shakeout,small,2026-10-07,17
2026-09-10,3543,州巧,43.7,44.04,34.59,2026-09-10,42.15,2026-10-07,55.7,17,32.15,holding,2026-09-09,,shakeout,small,2026-10-07,17
2026-09-10,4303,信立,35.4,36.9,32.0,2026-09-10,36.9,2026-10-06,31.2,16,-15.45,stopped_out,2026-09-09,,shakeout,small,2026-10-07,17
2026-09-10,2486,一詮,247.01,253.24,233.11,2026-09-10,242.0,2026-09-15,228.0,3,-5.79,stopped_out,2026-09-09,,shakeout,small,2026-10-07,17
2026-09-10,3019,亞光,136.98,144.64,135.92,2026-09-10,139.0,2026-09-14,134.0,2,-3.6,stopped_out,2026-09-09,,shakeout,small,2026-10-07,17
2026-09-10,3339,泰谷,40.64,43.59,38.88,2026-09-10,43.65,2026-10-07,45.4,17,4.01,holding,2026-09-09,,shakeout,small,2026-10-07,17
2026-09-11,2486,一詮,245.63,247.52,233.05,2026-09-11,237.5,2026-09-15,228.0,2,-4.0,stopped_out,2026-09-10,,shakeout,small,2026-10-07,16
2026-09-11,4956,光鋐,33.49,34.31,32.69,2026-09-11,32.05,2026-09-15,32.05,2,0.0,stopped_out,2026-09-10,,shakeout,small,2026-10-07,16
2026-09-11,5291,邑昇,61.0,61.32,55.75,2026-09-11,59.5,2026-10-07,64.3,16,8.07,holding,2026-09-10,,shakeout,small,2026-10-07,16
2026-09-11,3706,神達,79.37,83.23,76.95,2026-09-11,80.1,2026-10-07,80.9,16,1.0,holding,2026-09-10,,shakeout,small,2026-10-07,16
2026-09-11,6133,金橋,21.65,22.43,21.03,2026-09-11,23.55,2026-10-07,26.95,16,14.44,holding,2026-09-10,,shakeout,small,2026-10-07,16
2026-09-11,2313,華通,224.05,228.88,214.5,2026-09-11,221.5,2026-10-07,246.0,16,11.06,holding,2026-09-10,,shakeout,small,2026-10-07,16
2026-09-14,6782,視陽,222.17,226.85,197.62,2026-09-14,227.0,2026-10-07,232.5,15,2.42,holding,2026-09-11,,shakeout,small,2026-10-07,15
2026-09-14,3455,由田,237.0,237.01,214.61,2026-09-14,230.5,2026-10-07,281.0,15,21.91,holding,2026-09-11,,shakeout,small,2026-10-07,15
2026-09-14,2464,盟立,188.6,191.33,166.84,2026-09-14,175.5,2026-10-07,193.0,15,9.97,holding,2026-09-11,,shakeout,small,2026-10-07,15
2026-09-14,2465,麗臺,91.35,91.49,82.01,2026-09-14,88.6,2026-10-07,89.0,15,0.45,holding,2026-09-11,,shakeout,small,2026-10-07,15
2026-09-14,2313,華通,224.35,224.82,213.81,2026-09-14,221.0,2026-10-07,246.0,15,11.31,holding,2026-09-11,,shakeout,small,2026-10-07,15
2026-09-15,6547,高端疫苗,58.71,58.97,50.11,2026-09-15,59.7,2026-10-07,61.4,14,2.85,holding,2026-09-14,,shakeout,small,2026-10-07,14
2026-09-15,3363,上詮,669.29,685.12,595.42,2026-09-15,648.0,2026-10-07,679.0,14,4.78,holding,2026-09-14,,shakeout,small,2026-10-07,14
2026-09-15,6530,創威,88.15,92.16,80.49,2026-09-15,89.5,2026-10-07,98.2,14,9.72,holding,2026-09-14,,shakeout,small,2026-10-07,14
2026-09-15,1409,新纖,23.93,24.72,23.57,2026-09-15,23.9,2026-10-07,26.15,14,9.41,holding,2026-09-14,,shakeout,small,2026-10-07,14
2026-09-15,6141,柏承,49.53,49.66,40.16,2026-09-15,48.35,2026-10-07,53.4,14,10.44,holding,2026-09-14,,shakeout,small,2026-10-07,14
2026-09-16,4977,眾達-K,162.91,164.25,147.86,2026-09-16,176.5,2026-10-07,175.0,13,-0.85,holding,2026-09-15,,shakeout,small,2026-10-07,13
2026-09-16,8240,華宏,46.76,49.73,44.7,2026-09-16,49.35,2026-10-07,55.7,13,12.87,holding,2026-09-15,,shakeout,small,2026-10-07,13
2026-09-16,6547,高端疫苗,59.07,60.6,50.35,2026-09-16,60.5,2026-10-07,61.4,13,1.49,holding,2026-09-15,,shakeout,small,2026-10-07,13
2026-09-16,6209,今國光,74.84,76.73,72.54,2026-09-16,80.0,2026-10-07,90.9,13,13.62,holding,2026-09-15,,shakeout,small,2026-10-07,13
2026-09-16,4939,亞電,79.17,79.21,65.26,2026-09-16,82.0,2026-10-07,76.9,13,-6.22,holding,2026-09-15,,shakeout,small,2026-10-07,13
2026-09-17,6640,均華,1099.17,1131.72,993.18,2026-09-17,1120.0,2026-10-07,1080.0,12,-3.57,holding,2026-09-16,,shakeout,small,2026-10-07,12
2026-09-17,5443,均豪,106.08,106.57,101.51,2026-09-17,108.0,2026-10-07,113.5,12,5.09,holding,2026-09-16,,shakeout,small,2026-10-07,12
2026-09-17,8240,華宏,47.14,50.09,44.6,2026-09-17,50.6,2026-10-07,55.7,12,10.08,holding,2026-09-16,,shakeout,small,2026-10-07,12
2026-09-17,3363,上詮,677.23,694.26,594.37,2026-09-17,655.0,2026-10-07,679.0,12,3.66,holding,2026-09-16,,shakeout,small,2026-10-07,12
2026-09-17,3006,晶豪科,274.6,285.21,236.72,2026-09-17,278.5,2026-10-07,270.5,12,-2.87,holding,2026-09-16,,shakeout,small,2026-10-07,12
2026-09-17,7711,永擎,521.71,527.88,395.27,2026-09-17,565.0,2026-10-07,632.0,12,11.86,holding,2026-09-16,,shakeout,small,2026-10-07,12
2026-09-18,2360,致茂,2042.81,2116.27,2001.92,2026-09-18,2290.0,2026-10-07,2400.0,11,4.8,holding,2026-09-17,,shakeout,small,2026-10-07,11
2026-09-18,5443,均豪,106.28,109.62,101.55,2026-09-18,109.0,2026-10-07,113.5,11,4.13,holding,2026-09-17,,shakeout,small,2026-10-07,11
2026-09-18,7711,永擎,533.32,573.47,398.92,2026-09-18,570.0,2026-10-07,632.0,11,10.88,holding,2026-09-17,,shakeout,small,2026-10-07,11
2026-09-18,7788,松川精密,290.37,291.3,249.5,2026-09-18,297.0,2026-10-07,329.0,11,10.77,holding,2026-09-17,,shakeout,small,2026-10-07,11
2026-09-18,3706,神達,79.11,81.71,77.2,2026-09-18,80.5,2026-10-07,80.9,11,0.5,holding,2026-09-17,,shakeout,small,2026-10-07,11
2026-09-18,2465,麗臺,90.54,91.93,82.69,2026-09-18,91.6,2026-10-07,89.0,11,-2.84,holding,2026-09-17,,shakeout,small,2026-10-07,11
2026-09-22,6547,高端疫苗,59.68,60.25,51.27,2026-09-22,59.3,2026-10-07,61.4,9,3.54,holding,2026-09-21,,shakeout,small,2026-10-07,9
2026-09-23,7788,松川精密,294.86,296.18,251.33,2026-09-23,290.0,2026-10-07,329.0,8,13.45,holding,2026-09-22,,shakeout,small,2026-10-07,8
2026-09-23,6547,高端疫苗,60.19,60.39,51.47,2026-09-23,60.8,2026-10-07,61.4,8,0.99,holding,2026-09-22,,shakeout,small,2026-10-07,8
2026-09-24,3021,鴻名,23.21,24.87,22.17,2026-09-24,26.95,2026-10-07,27.95,7,3.71,holding,2026-09-23,,shakeout,small,2026-10-07,7
2026-09-24,4576,大銀微系,226.85,227.75,208.94,2026-09-24,225.0,2026-10-07,232.0,7,3.11,holding,2026-09-23,,shallow,small,2026-10-07,7
2026-09-29,6510,精測,3292.06,3359.65,2857.85,2026-09-29,3140.0,2026-10-07,3020.0,6,-3.82,holding,2026-09-24,,shakeout,small,2026-10-07,6
2026-09-29,6620,漢達,116.7,125.86,94.14,2026-09-29,136.0,2026-10-07,125.0,6,-8.09,holding,2026-09-24,,shakeout,small,2026-10-07,6
2026-09-29,5386,青雲,275.75,289.27,253.06,2026-09-29,285.0,2026-10-07,281.5,6,-1.23,holding,2026-09-24,,shakeout,small,2026-10-07,6
2026-09-30,6683,雍智科技,1418.55,1497.12,1285.34,2026-09-30,1590.0,2026-10-07,1445.0,5,-9.12,holding,2026-09-29,,shakeout,small,2026-10-07,5
2026-09-30,6588,東典光電,108.56,109.11,93.58,2026-09-30,108.0,2026-10-07,109.0,5,0.93,holding,2026-09-29,,shakeout,small,2026-10-07,5
2026-09-30,6689,伊雲谷,62.58,65.37,59.91,2026-09-30,64.8,2026-10-07,62.7,5,-3.24,holding,2026-09-29,,shallow,small,2026-10-07,5
2026-09-30,3312,弘憶股,49.41,51.66,48.24,2026-09-30,52.0,2026-10-07,51.5,5,-0.96,holding,2026-09-29,,shallow,small,2026-10-07,5
2026-09-30,8103,瀚荃,118.24,118.75,94.17,2026-09-30,121.5,2026-10-07,118.0,5,-2.88,holding,2026-09-29,,shakeout,small,2026-10-07,5
2026-10-01,3229,晟鈦,56.56,59.48,48.81,2026-10-01,59.0,2026-10-07,55.7,4,-5.59,holding,2026-09-30,,shallow,small,2026-10-07,4
2026-10-01,8103,瀚荃,118.36,123.32,94.51,2026-10-01,124.0,2026-10-07,118.0,4,-4.84,holding,2026-09-30,,shallow,small,2026-10-07,4
2026-10-01,6112,邁達特,46.32,48.77,43.16,2026-10-01,47.7,2026-10-07,44.75,4,-6.18,holding,2026-09-30,,shallow,small,2026-10-07,4
2026-10-02,7717,萊德光電,517.56,559.26,445.18,2026-10-02,561.0,2026-10-07,602.0,3,7.31,holding,2026-10-01,,shakeout,small,2026-10-07,3
2026-10-05,3141,晶宏,88.41,89.67,76.05,2026-10-05,88.0,2026-10-07,81.5,2,-7.39,holding,2026-10-02,,shallow,small,2026-10-07,2
2026-10-05,7717,萊德光電,524.32,569.41,447.25,2026-10-05,592.0,2026-10-07,602.0,2,1.69,holding,2026-10-02,,shallow,small,2026-10-07,2
2026-10-05,6617,共信-K,130.76,133.47,108.53,2026-10-05,127.5,2026-10-07,121.5,2,-4.71,holding,2026-10-02,,shallow,small,2026-10-07,2
2026-10-06,2887,台新新光,41.46,41.7,37.01,2026-10-06,41.45,2026-10-07,42.15,1,1.69,holding,2026-10-05,,shallow,small,2026-10-07,1
2026-10-06,2883,凱基金,37.49,37.86,32.51,2026-10-06,37.65,2026-10-07,38.5,1,2.26,holding,2026-10-05,,shallow,small,2026-10-07,1
2026-10-06,1528,恩德,23.09,24.51,20.06,2026-10-06,24.15,2026-10-07,24.05,1,-0.41,holding,2026-10-05,,shakeout,small,2026-10-07,1
2026-10-07,6218,豪勉,54.82,57.35,41.62,2026-10-07,60.8,2026-10-07,60.8,0,0.0,holding,2026-10-06,,shakeout,small,2026-10-07,0
2026-10-07,2419,仲琦,27.49,27.91,25.3,2026-10-07,27.3,2026-10-07,27.3,0,0.0,holding,2026-10-06,,shakeout,small,2026-10-07,0
2026-10-07,2434,統懋,61.34,62.32,59.3,2026-10-07,60.5,2026-10-07,60.5,0,0.0,holding,2026-10-06,,shallow,small,2026-10-07,0
2026-10-07,6530,創威,95.76,96.83,83.09,2026-10-07,98.2,2026-10-07,98.2,0,0.0,holding,2026-10-06,,shallow,small,2026-10-07,0
2026-10-07,2489,瑞軒,39.77,39.99,35.03,2026-10-07,41.4,2026-10-07,41.4,0,0.0,holding,2026-10-06,,shallow,small,2026-10-07,0
2026-10-07,8240,華宏,52.25,56.43,45.22,2026-10-07,55.7,2026-10-07,55.7,0,0.0,holding,2026-10-06,,shallow,small,2026-10-07,0
2026-10-08,3467,台灣精材,69.1,72.27,42.72,,,,,0,,pending_entry,2026-10-07,,shakeout_v2,small,,0
2026-10-08,1595,川寶,69.07,73.38,43.38,,,,,0,,pending_entry,2026-10-07,,shakeout,small,,0
2026-10-08,6426,統新,337.95,352.71,208.5,,,,,0,,pending_entry,2026-10-07,,shakeout_v2,small,,0
2026-10-08,3324,雙鴻,1447.22,1547.87,915.0,,,,,0,,pending_entry,2026-10-07,,shakeout,small,,0
2026-10-08,3490,單井,43.85,46.33,27.39,,,,,0,,pending_entry,2026-10-07,,shakeout,small,,0
2026-10-08,8040,九暘,84.84,91.55,54.12,,,,,0,,pending_entry,2026-10-07,,shakeout,small,,0
2026-10-08,6133,金橋,25.63,27.35,16.17,,,,,0,,pending_entry,2026-10-07,,shallow,small,,0
2026-10-08,3529,力旺,2906.19,3060.22,1809.0,,,,,0,,pending_entry,2026-10-07,,shallow,small,,0
2026-10-08,2426,鼎元,97.99,105.56,62.4,,,,,0,,pending_entry,2026-10-07,,shallow_v2,small,,0
2026-10-08,2351,順德,221.27,224.71,130.8,,,,,0,,pending_entry,2026-10-07,,shallow_v2,small,,0
2026-10-08,2454,聯發科,4738.79,4907.52,2901.0,,,,,0,,pending_entry,2026-10-07,,shallow_v2,small,,0
