month,n_picks,net_return,net_excess_return,pick_win_rate,avg_open,avg_volume,avg_amount_ma20,strategy
2024-01,5,0.2085331678390503,0.1058744415640831,1.0,192.62945811196124,4607322.4,796283824.3495739,chip_momentum_high_top5_liquid_open_ge_10_volume_ge_250k_amount_ge_20m_all
2024-02,5,0.07132954895496368,0.00912700779736042,0.6,84.74199226626219,9719370.4,588429449.8404514,chip_momentum_high_top5_liquid_open_ge_10_volume_ge_250k_amount_ge_20m_all
2024-03,5,0.0638035386800766,0.05877012014389038,0.6,71.74545140015861,30399200.0,4683988744.363462,chip_momentum_high_top5_liquid_open_ge_10_volume_ge_250k_amount_ge_20m_all
2024-04,5,0.03524253889918327,-0.026821743696928024,0.6,145.4881556323609,2035801.0,263240469.2346047,chip_momentum_high_top5_liquid_open_ge_10_volume_ge_250k_amount_ge_20m_all
2024-05,5,0.05581933259963989,-0.033173296600580215,0.6,185.428277762298,1707442.4,323166325.3000561,chip_momentum_high_top5_liquid_open_ge_10_volume_ge_250k_amount_ge_20m_all
2024-06,5,0.04045030102133751,0.07556106150150299,0.8,723.0030064729501,5942790.0,1732580504.7338498,chip_momentum_high_top5_liquid_open_ge_10_volume_ge_250k_amount_ge_20m_all
2024-07,5,0.021017130464315414,0.013300213031470776,0.6,57.775278081910564,20105907.2,1206668308.3931408,chip_momentum_high_top5_liquid_open_ge_10_volume_ge_250k_amount_ge_20m_all
2024-08,5,0.008396471850574017,0.01035221852362156,0.6,157.2223285797793,4018255.6,329216747.8299675,chip_momentum_high_top5_liquid_open_ge_10_volume_ge_250k_amount_ge_20m_all
2024-09,5,-0.051922548562288284,-0.07691927999258041,0.2,104.64350730941055,18284890.4,1193480687.629201,chip_momentum_high_top5_liquid_open_ge_10_volume_ge_250k_amount_ge_20m_all
2024-10,5,0.014892248436808586,0.03774586319923401,0.6,100.37138219863041,4733440.8,302207905.9671241,chip_momentum_high_top5_liquid_open_ge_10_volume_ge_250k_amount_ge_20m_all
2024-11,5,0.0791265219449997,0.03361593559384346,0.6,322.52480917188893,7835033.2,630154503.1242377,chip_momentum_high_top5_liquid_open_ge_10_volume_ge_250k_amount_ge_20m_all
2024-12,5,0.035906460136175156,0.0166675616055727,0.4,414.1160111619931,2704969.4,1794489416.5319939,chip_momentum_high_top5_liquid_open_ge_10_volume_ge_250k_amount_ge_20m_all
2025-01,5,0.005085516721010208,0.03778038173913956,0.6,248.21024784040293,2605351.0,442656743.82066077,chip_momentum_high_top5_liquid_open_ge_10_volume_ge_250k_amount_ge_20m_all
2025-02,5,-0.033581580966711044,0.029329005628824234,0.2,65.69213503652182,24677775.2,326950561.6921738,chip_momentum_high_top5_liquid_open_ge_10_volume_ge_250k_amount_ge_20m_all
2025-03,5,9.01743806025479e-06,0.02227773144841194,0.6,200.42497607352524,1357358.2,212403604.45403782,chip_momentum_high_top5_liquid_open_ge_10_volume_ge_250k_amount_ge_20m_all
2025-04,5,0.043029364198446274,-0.011938261799514294,0.4,86.33854019331069,4318832.6,557984795.26886,chip_momentum_high_top5_liquid_open_ge_10_volume_ge_250k_amount_ge_20m_all
2025-05,5,0.07377047091722488,0.01602175086736679,0.8,226.30159221470277,6739152.4,982509087.9546793,chip_momentum_high_top5_liquid_open_ge_10_volume_ge_250k_amount_ge_20m_all
2025-06,5,0.10490298271179199,0.052918802946805954,0.8,1436.6054536600034,8672780.0,9108676181.916756,chip_momentum_high_top5_liquid_open_ge_10_volume_ge_250k_amount_ge_20m_all
2025-07,5,0.24261574447155,0.21314017474651337,0.8,850.9,3609489.0,1745982741.045,chip_momentum_high_top5_liquid_open_ge_10_volume_ge_250k_amount_ge_20m_all
2025-08,5,0.008221796713769436,-0.04737244173884392,0.6,230.7024901192098,12176351.0,2887958231.435771,chip_momentum_high_top5_liquid_open_ge_10_volume_ge_250k_amount_ge_20m_all
2025-09,5,0.07963034510612488,-0.013815050944685936,1.0,159.48999977111816,40683197.8,2549110089.0525656,chip_momentum_high_top5_liquid_open_ge_10_volume_ge_250k_amount_ge_20m_all
2025-10,5,-0.02246176265180111,-0.0009670049184933305,0.4,197.86999969482423,4990493.0,836759688.2354256,chip_momentum_high_top5_liquid_open_ge_10_volume_ge_250k_amount_ge_20m_all
2025-11,5,-0.010763196274638176,-0.05363547056913376,0.2,154.92999992370605,2410395.8,316451319.88187766,chip_momentum_high_top5_liquid_open_ge_10_volume_ge_250k_amount_ge_20m_all
2025-12,5,-0.010862603783607483,-0.1342129409313202,0.6,263.02999954223634,7055140.0,751728382.219958,chip_momentum_high_top5_liquid_open_ge_10_volume_ge_250k_amount_ge_20m_all
2026-01,5,0.0008954427903518081,-0.06305345147848129,0.6,293.25,17252180.8,2067147981.4603715,chip_momentum_high_top5_liquid_open_ge_10_volume_ge_250k_amount_ge_20m_all
2026-02,5,0.048785801976919174,0.11378457397222519,0.4,525.6599998474121,41367428.6,2940396712.577277,chip_momentum_high_top5_liquid_open_ge_10_volume_ge_250k_amount_ge_20m_all
2026-03,5,-0.008897113613784313,-0.23597657680511475,0.4,281.7199996948242,7732784.2,1372832004.9337602,chip_momentum_high_top5_liquid_open_ge_10_volume_ge_250k_amount_ge_20m_all
2026-04,5,0.370276540517807,0.22111615538597107,0.8,1843.0,9730212.0,6086232189.505,chip_momentum_high_top5_liquid_open_ge_10_volume_ge_250k_amount_ge_20m_all
2026-05,5,0.01867559179663658,0.012707734480500221,0.4,413.2199996948242,53360399.8,3633631682.4943314,chip_momentum_high_top5_liquid_open_ge_10_volume_ge_250k_amount_ge_20m_all
2026-06,5,0.07744801789522171,0.0710311308503151,0.4,462.0400001525879,6410409.4,2892534265.9456377,chip_momentum_high_top5_liquid_open_ge_10_volume_ge_250k_amount_ge_20m_all
