date,n_trades,avg_hit_prob,selected_hit_rate,stop_loss_rate,portfolio_gross_return,portfolio_net_return,fold,test_month
2022-04-11,10,0.6046039089579877,0.0,0.0,0.015426279325038195,0.011426279325038194,0,2022-04-01
2022-04-15,1,0.603460735352619,0.0,0.0,0.022646624594926834,0.018646624594926834,0,2022-04-01
2022-04-18,10,0.6461535645570621,0.0,0.0,0.012220433820039034,0.00822043382003903,0,2022-04-01
2022-04-19,9,0.6064158698698798,0.0,0.0,0.007791827277590831,0.003791827277590829,0,2022-04-01
2022-04-20,10,0.6270558342560042,0.0,0.0,0.009088600194081664,0.0050886001940816635,0,2022-04-01
2022-04-21,10,0.6121580408769731,0.0,0.0,-0.013103775214403868,-0.01710377521440387,0,2022-04-01
2022-04-25,10,0.6065785195026601,0.0,0.0,-0.00827271097805351,-0.01227271097805351,0,2022-04-01
2022-04-29,2,0.6016704390891934,0.0,0.0,0.015124562196433544,0.011124562196433544,0,2022-04-01
2022-05-03,5,0.6176995959704747,0.0,0.0,0.020453085331246255,0.016453085331246252,1,2022-05-01
2022-05-04,10,0.6299876211186236,0.0,0.0,0.02341787774057593,0.019417877740575927,1,2022-05-01
2022-05-05,10,0.6316402648698851,0.0,0.0,0.008428164815995842,0.004428164815995841,1,2022-05-01
2022-05-06,7,0.615463134125689,0.0,0.0,-0.005233500285872391,-0.00923350028587239,1,2022-05-01
2022-05-09,2,0.6146529859231826,0.0,0.0,-0.01723131537437439,-0.02123131537437439,1,2022-05-01
2022-05-10,10,0.6604075336633481,0.0,0.0,-0.002391039754729718,-0.006391039754729719,1,2022-05-01
2022-05-11,10,0.6496831248465231,0.0,0.0,0.00580955978948623,0.001809559789486229,1,2022-05-01
2022-05-12,10,0.6126581874755519,0.0,0.0,0.02119562173029408,0.017195621730294076,1,2022-05-01
2022-05-13,10,0.6213797385204528,0.0,0.0,-0.0073332912506884895,-0.01133329125068849,1,2022-05-01
2022-05-16,10,0.6296747753147672,0.0,0.0,0.017155311536043882,0.013155311536043879,1,2022-05-01
2022-05-17,10,0.656432255329618,0.0,0.0,0.0024436401901766656,-0.0015563598098233347,1,2022-05-01
2022-05-18,10,0.6181684767264191,0.0,0.0,0.01333907451480627,0.00933907451480627,1,2022-05-01
2022-05-19,10,0.6263616180726908,0.0,0.0,0.00265200960857328,-0.00134799039142672,1,2022-05-01
2022-05-20,10,0.6458123605186795,0.0,0.0,0.01528044966980815,0.011280449669808148,1,2022-05-01
2022-05-23,9,0.6056572388094627,0.0,0.0,0.000700096030616098,-0.0032999039693839033,1,2022-05-01
2022-05-24,10,0.6250912878279209,0.0,0.0,0.010200058273039759,0.006200058273039756,1,2022-05-01
2022-05-25,10,0.6231208972384614,0.0,0.0,0.016346610384061933,0.01234661038406193,1,2022-05-01
2022-05-26,10,0.6268473919462241,0.0,0.0,-0.004177707398775965,-0.008177707398775966,1,2022-05-01
2022-05-27,3,0.6100729119071568,0.0,0.0,-0.007703990675508976,-0.011703990675508974,1,2022-05-01
2022-05-30,10,0.6517771131956929,0.0,0.0,-0.00516272553941235,-0.00916272553941235,1,2022-05-01
2022-05-31,10,0.6547951943999346,0.0,0.0,0.026188767980784178,0.022188767980784174,1,2022-05-01
2022-06-01,1,0.6400137305332106,0.0,0.0,-0.0379859134554863,-0.0419859134554863,2,2022-06-01
2022-06-06,5,0.6068649061751593,0.0,0.0,0.01340628955513239,0.009406289555132388,2,2022-06-01
2022-06-08,1,0.6194669108052147,0.0,0.0,0.0010590236634016037,-0.0029409763365983964,2,2022-06-01
2022-06-10,1,0.6496814902076897,0.0,0.0,0.12364137172698975,0.11964137172698974,2,2022-06-01
2022-06-13,1,0.6010568018626922,0.0,0.0,0.003626580350100994,-0.000373419649899006,2,2022-06-01
2022-06-14,3,0.6050932279316129,0.0,0.0,0.005067272732655208,0.0010672727326552038,2,2022-06-01
2022-06-16,1,0.601393138060353,0.0,0.0,0.009181464090943336,0.005181464090943336,2,2022-06-01
2022-06-20,9,0.6080122424192261,0.0,0.0,0.015908299272672996,0.011908299272672994,2,2022-06-01
2022-06-22,4,0.603497450106791,0.0,0.0,-0.0038823860231786966,-0.0078823860231787,2,2022-06-01
2022-06-23,4,0.6057228546896388,0.0,0.0,0.008862860384397209,0.004862860384397209,2,2022-06-01
2022-06-24,1,0.6032921464748704,0.0,0.0,0.08242884278297424,0.07842884278297424,2,2022-06-01
2022-06-27,1,0.6000649343103119,0.0,0.0,0.04705221578478813,0.04305221578478813,2,2022-06-01
2022-06-29,2,0.6168602667132183,0.0,0.0,-0.01943082781508565,-0.023430827815085653,2,2022-06-01
2022-07-01,10,0.6727525608349562,0.0,0.0,0.024937333632260562,0.02093733363226056,3,2022-07-01
2022-07-04,10,0.6212802373661502,0.0,0.0,0.0054262090707197785,0.0014262090707197772,3,2022-07-01
2022-07-05,10,0.6334734920404667,0.0,0.0,0.011621163017116487,0.007621163017116486,3,2022-07-01
2022-07-06,10,0.6584837077184247,0.0,0.0,0.01641617701970972,0.012416177019709717,3,2022-07-01
2022-07-07,6,0.6101691683364556,0.0,0.0,0.013134616946141856,0.009134616946141852,3,2022-07-01
2022-07-08,10,0.681015973751282,0.0,0.0,0.01966402605175972,0.01566402605175972,3,2022-07-01
2022-07-11,10,0.6497929911522412,0.0,0.0,-0.015509674604982138,-0.019509674604982142,3,2022-07-01
2022-07-12,10,0.6743583721847364,0.0,0.0,0.008666661288589238,0.004666661288589238,3,2022-07-01
2022-07-13,10,0.6210293125115179,0.0,0.0,0.019592559430748224,0.01559255943074822,3,2022-07-01
2022-07-14,10,0.6594699477838617,0.0,0.0,-0.00820865253917873,-0.012208652539178732,3,2022-07-01
2022-07-15,9,0.6133206414725451,0.0,0.0,0.002415556079035418,-0.0015844439209645822,3,2022-07-01
2022-07-18,10,0.6764383389852677,0.0,0.0,-0.04644787989091128,-0.05044787989091128,3,2022-07-01
2022-07-19,10,0.6269858953294534,0.0,0.0,0.00012283166870474815,-0.003877168331295253,3,2022-07-01
2022-07-20,10,0.646642897102132,0.0,0.0,-0.003003464179346338,-0.007003464179346342,3,2022-07-01
2022-07-21,8,0.6267226514367779,0.0,0.0,0.00017275956633966416,-0.003827240433660336,3,2022-07-01
2022-07-22,10,0.6451922254486148,0.0,0.0,0.006662165059242398,0.0026621650592423976,3,2022-07-01
2022-07-25,4,0.6119135047051332,0.0,0.0,-0.004148710519075394,-0.008148710519075397,3,2022-07-01
2022-07-26,10,0.6330591671708699,0.0,0.0,0.01993799963966012,0.015937999639660118,3,2022-07-01
2022-07-27,6,0.6271805075137213,0.0,0.0,0.020715459366329014,0.01671545936632901,3,2022-07-01
2022-07-28,10,0.6329589642320304,0.0,0.0,0.015534812022815458,0.011534812022815456,3,2022-07-01
2022-07-29,2,0.6057875566557196,0.0,0.0,0.04382875303781475,0.039828753037814746,3,2022-07-01
2022-08-01,10,0.6631602641004672,0.0,0.0,0.011945598013699054,0.007945598013699054,4,2022-08-01
2022-08-02,10,0.6381774286935203,0.0,0.0,-0.01422762512229383,-0.018227625122293832,4,2022-08-01
2022-08-03,10,0.6640455300331539,0.0,0.0,-0.0020506592700257897,-0.0060506592700257916,4,2022-08-01
2022-08-04,10,0.6538390886141994,0.0,0.0,0.0030156561057083308,-0.0009843438942916693,4,2022-08-01
2022-08-05,10,0.6595837088506842,0.0,0.0,0.007143941172398627,0.003143941172398625,4,2022-08-01
2022-08-08,10,0.636959196547602,0.0,0.0,0.015425872732885182,0.01142587273288518,4,2022-08-01
2022-08-09,10,0.6631352231248333,0.0,0.0,0.030621864972636102,0.0266218649726361,4,2022-08-01
2022-08-10,10,0.6662374418098886,0.0,0.0,0.006563849933445454,0.0025638499334454533,4,2022-08-01
2022-08-11,10,0.6460694382899373,0.0,0.0,0.012846698000794276,0.008846698000794276,4,2022-08-01
2022-08-12,10,0.6380417393760949,0.0,0.0,-0.0038677445147186516,-0.007867744514718656,4,2022-08-01
2022-08-15,10,0.657341408310815,0.0,0.0,0.011656177509576083,0.00765617750957608,4,2022-08-01
2022-08-17,1,0.6531850092480113,0.0,0.0,0.023931842297315598,0.019931842297315597,4,2022-08-01
2022-08-18,10,0.653407219761774,0.0,0.0,0.019675930769881233,0.01567593076988123,4,2022-08-01
2022-08-19,10,0.6924702074636351,0.0,0.0,0.018859997019171716,0.014859997019171711,4,2022-08-01
2022-08-22,10,0.6804464144108168,0.0,0.0,0.008882016432471574,0.00488201643247157,4,2022-08-01
2022-08-23,10,0.6870123914883288,0.0,0.0,0.018615205422975123,0.01461520542297512,4,2022-08-01
2022-08-24,10,0.6564677744824097,0.0,0.0,-0.00031554748420603573,-0.004315547484206036,4,2022-08-01
2022-08-25,10,0.6808817891918528,0.0,0.0,-0.0015003407257609068,-0.005500340725760907,4,2022-08-01
2022-08-26,10,0.6684335051975052,0.0,0.0,0.0052922860952094196,0.001292286095209419,4,2022-08-01
2022-08-29,10,0.6507902069271551,0.0,0.0,0.012498649820918218,0.008498649820918216,4,2022-08-01
2022-08-30,10,0.666288729213595,0.0,0.0,-0.0012360860942862927,-0.005236086094286293,4,2022-08-01
2022-08-31,10,0.6975694254590017,0.0,0.0,0.01013724358053878,0.006137243580538779,4,2022-08-01
2022-09-01,10,0.6161595063314698,0.0,0.0,0.021615818748250602,0.0176158187482506,5,2022-09-01
2022-09-02,10,0.6094407030882503,0.0,0.0,-0.0052225584091502245,-0.009222558409150226,5,2022-09-01
2022-09-05,10,0.643769660500891,0.0,0.0,-0.008612435194663703,-0.012612435194663704,5,2022-09-01
2022-09-06,10,0.6556634971876198,0.0,0.0,-0.0008203766890801489,-0.00482037668908015,5,2022-09-01
2022-09-07,10,0.6264012546330682,0.0,0.0,0.012124262796714903,0.0081242627967149,5,2022-09-01
2022-09-08,10,0.607067486297481,0.0,0.0,0.007694611697115761,0.0036946116971157588,5,2022-09-01
2022-09-12,7,0.6122031924557058,0.0,0.0,0.0028132502920925617,-0.0011867497079074388,5,2022-09-01
2022-09-13,10,0.6312391605705032,0.0,0.0,0.007033317137393169,0.003033317137393169,5,2022-09-01
2022-09-14,9,0.6080111933144975,0.0,0.0,0.014884163703148564,0.010884163703148562,5,2022-09-01
2022-09-15,1,0.6084186795067718,0.0,0.0,0.10660280287265778,0.10260280287265777,5,2022-09-01
2022-09-16,8,0.6106337631655895,0.0,0.0,-0.001879887655377388,-0.00587988765537739,5,2022-09-01
2022-09-19,10,0.6488421136419691,0.0,0.0,0.00868373565026559,0.004683735650265588,5,2022-09-01
2022-09-20,10,0.6586766097053921,0.0,0.0,0.00294418761623092,-0.00105581238376908,5,2022-09-01
2022-09-21,10,0.6139851403979841,0.0,0.0,0.010537331661907956,0.006537331661907955,5,2022-09-01
2022-09-22,10,0.6261422450746451,0.0,0.0,0.003924850272596814,-7.514972740318634e-05,5,2022-09-01
2022-09-23,10,0.6460617933522267,0.0,0.0,-0.01296134025324136,-0.01696134025324136,5,2022-09-01
2022-09-26,10,0.6705076055245204,0.0,0.0,0.02195658646232914,0.017956586462329137,5,2022-09-01
2022-09-27,10,0.6233390099131382,0.0,0.0,0.013609417784027755,0.009609417784027754,5,2022-09-01
2022-09-28,10,0.6295723539821151,0.0,0.0,0.028450812492519618,0.024450812492519614,5,2022-09-01
2022-09-29,10,0.6082686736317261,0.0,0.0,0.012926385388709605,0.008926385388709605,5,2022-09-01
2022-09-30,10,0.6603685266524326,0.0,0.0,0.004574232501909137,0.0005742325019091367,5,2022-09-01
2022-10-03,10,0.6649472278775166,0.0,0.0,-0.015832145046442748,-0.019832145046442748,6,2022-10-01
2022-10-04,10,0.6948837854693031,0.0,0.0,-0.014408909203484654,-0.018408909203484654,6,2022-10-01
2022-10-05,10,0.6473348912994392,0.0,0.0,-0.0025790322571992872,-0.006579032257199288,6,2022-10-01
2022-10-06,10,0.700514884797358,0.0,0.0,0.008402588334865868,0.0044025883348658675,6,2022-10-01
2022-10-07,10,0.7149954426260983,0.0,0.0,0.030544582940638065,0.02654458294063806,6,2022-10-01
2022-10-11,10,0.6988376175909734,0.0,0.0,0.007316389484913088,0.0033163894849130883,6,2022-10-01
2022-10-12,10,0.6968512718972885,0.0,0.0,0.005908830696716905,0.0019088306967169045,6,2022-10-01
2022-10-13,10,0.6824867751116799,0.0,0.0,0.0465058196336031,0.042505819633603094,6,2022-10-01
2022-10-14,10,0.6679959368356522,0.0,0.0,0.018258175067603587,0.014258175067603584,6,2022-10-01
2022-10-17,10,0.6639254641528066,0.0,0.0,0.0012541347125079483,-0.002745865287492052,6,2022-10-01
2022-10-18,10,0.7197998006581896,0.0,0.0,0.0028427609708160163,-0.0011572390291839847,6,2022-10-01
2022-10-19,10,0.6585343049209772,0.0,0.0,0.01681543979793787,0.01281543979793787,6,2022-10-01
2022-10-20,10,0.6736743995575974,0.0,0.0,-0.015005628285871353,-0.019005628285871358,6,2022-10-01
2022-10-21,10,0.7106215255264509,0.0,0.0,0.01410568067803979,0.010105680678039786,6,2022-10-01
2022-10-24,10,0.6199246310980631,0.0,0.0,0.005221179421641864,0.0012211794216418638,6,2022-10-01
2022-10-25,10,0.6877295098536936,0.0,0.0,-0.0013716835994273425,-0.005371683599427343,6,2022-10-01
2022-10-26,10,0.6441997050759852,0.0,0.0,0.01461149745155126,0.010611497451551256,6,2022-10-01
2022-10-27,10,0.7014254505260356,0.0,0.0,-0.00371337179094553,-0.0077133717909455305,6,2022-10-01
2022-10-28,10,0.631595319619125,0.0,0.0,-0.001282848441042006,-0.0052828484410420064,6,2022-10-01
2022-10-31,4,0.6244401471465506,0.0,0.0,0.02159959659911692,0.017599596599116918,6,2022-10-01
2022-11-09,3,0.607866783925325,0.0,0.0,0.004720170206079881,0.0007201702060798803,7,2022-11-01
2022-11-10,1,0.6093526654897362,0.0,0.0,-0.037308115512132645,-0.04130811551213265,7,2022-11-01
2022-12-01,1,0.600616627956244,0.0,0.0,-0.04498850926756859,-0.04898850926756859,8,2022-12-01
2022-12-14,10,0.6120069173366394,0.0,0.0,0.007653151429258287,0.0036531514292582863,8,2022-12-01
2022-12-16,4,0.6073776328893501,0.0,0.0,-0.03524738526903093,-0.03924738526903093,8,2022-12-01
2022-12-19,10,0.6055444021191857,0.0,0.0,0.00027675239834934473,-0.0037232476016506562,8,2022-12-01
2023-03-01,1,0.6115659605592524,0.0,0.0,0.0015878037083894014,-0.0024121962916105986,11,2023-03-01
2023-03-09,1,0.6001936229634761,0.0,0.0,0.0006738366791978478,-0.0033261633208021522,11,2023-03-01
2023-03-14,10,0.612331816750783,0.0,0.0,-0.0011086806654930115,-0.005108680665493012,11,2023-03-01
2023-03-15,4,0.6071660834819129,0.0,0.0,0.006707709355396219,0.0027077093553962185,11,2023-03-01
2023-03-17,10,0.6407533193295459,0.0,0.0,0.002405648215790279,-0.001594351784209721,11,2023-03-01
2023-03-22,10,0.6068672082994293,0.0,0.0,-0.0024246727174613626,-0.006424672717461363,11,2023-03-01
2023-03-23,10,0.6135852370107491,0.0,0.0,-0.00010761184385046362,-0.004107611843850464,11,2023-03-01
2023-05-02,2,0.6606179542691291,0.0,0.0,-0.04185780603438616,-0.04585780603438616,13,2023-05-01
2023-05-04,10,0.6169159219015167,0.0,0.0,0.01026675739849452,0.006266757398494517,13,2023-05-01
2023-05-08,3,0.6017112701412297,0.0,0.0,-0.030717379918011527,-0.03471737991801153,13,2023-05-01
2023-05-09,1,0.6040232082885268,0.0,0.0,0.04250133037567139,0.03850133037567138,13,2023-05-01
2023-05-12,10,0.624127715969222,0.0,0.0,-0.0009824464563280345,-0.004982446456328035,13,2023-05-01
2023-05-15,5,0.6142013139673259,0.0,0.0,-0.0022530458576511593,-0.006253045857651162,13,2023-05-01
2023-05-16,3,0.602486444596031,0.0,0.0,0.00602616579271853,0.0020261657927185296,13,2023-05-01
2023-05-17,9,0.6146249743797014,0.0,0.0,0.00037386051068703335,-0.0036261394893129673,13,2023-05-01
2023-05-18,8,0.6199960432637138,0.0,0.0,0.005813967261929065,0.0018139672619290623,13,2023-05-01
2023-05-19,2,0.6160696744459744,0.0,0.0,0.023191172105725855,0.01919117210572585,13,2023-05-01
2023-05-22,10,0.6563120394126072,0.0,0.0,0.003444571603904478,-0.0005554283960955218,13,2023-05-01
2023-05-23,10,0.6526121773370871,0.0,0.0,0.014974398529739119,0.010974398529739117,13,2023-05-01
2023-05-24,10,0.7567127239401729,0.0,0.0,-0.005715403147041798,-0.009715403147041798,13,2023-05-01
2023-05-25,10,0.645677656814147,0.0,0.0,-0.011390912532806396,-0.015390912532806398,13,2023-05-01
2023-05-26,2,0.6247881244526626,0.0,0.0,0.004036696860566735,3.6696860566735184e-05,13,2023-05-01
2023-05-29,10,0.6936870495997415,0.0,0.0,0.006923744670348242,0.002923744670348242,13,2023-05-01
2023-05-30,1,0.6012040891290599,0.0,0.0,0.011380016803741455,0.007380016803741455,13,2023-05-01
2023-09-05,10,0.6468555335045487,0.0,0.0,0.0055855050261016,0.0015855050261016003,17,2023-09-01
2023-09-06,10,0.6107349896791745,0.0,0.0,0.013059804146178067,0.009059804146178066,17,2023-09-01
2023-09-11,10,0.6235123781629559,0.0,0.0,0.002081639284733683,-0.0019183607152663171,17,2023-09-01
2023-09-15,1,0.608894018535839,0.0,0.0,0.011549715884029865,0.007549715884029865,17,2023-09-01
2023-09-20,10,0.6519912529852169,0.0,0.0,-6.139618344604968e-05,-0.00406139618344605,17,2023-09-01
2023-09-21,10,0.6128884444058189,0.0,0.0,0.013529031775033219,0.009529031775033217,17,2023-09-01
2023-09-22,10,0.6354943514970584,0.0,0.0,-0.0006252234277781099,-0.004625223427778111,17,2023-09-01
2023-09-25,2,0.60628521327507,0.0,0.0,0.0030668023973703384,-0.0009331976026296616,17,2023-09-01
2023-09-26,10,0.6360701958277859,0.0,0.0,-0.0020538633922114967,-0.006053863392211497,17,2023-09-01
2023-09-27,10,0.6423680140470148,0.0,0.0,0.00020188837079331278,-0.003798111629206688,17,2023-09-01
2023-09-28,10,0.648105768774858,0.0,0.0,-0.008003102839575149,-0.01200310283957515,17,2023-09-01
2023-10-02,10,0.6808360440867713,0.0,0.0,0.006506547075696289,0.0025065470756962895,18,2023-10-01
2023-10-03,10,0.6469068017624812,0.0,0.0,0.007141230022534728,0.003141230022534727,18,2023-10-01
2023-10-04,10,0.6852893039225416,0.0,0.0,-0.008223505364730955,-0.012223505364730955,18,2023-10-01
2023-10-05,10,0.7095385376727725,0.0,0.0,-0.0004508463287493214,-0.0044508463287493225,18,2023-10-01
2023-10-06,10,0.6856445176069114,0.0,0.0,-0.007203495426801964,-0.011203495426801966,18,2023-10-01
2023-10-13,10,0.713401774810466,0.0,0.0,0.004534995002904907,0.0005349950029049068,18,2023-10-01
2023-10-16,10,0.6232670303745924,0.0,0.0,-0.0014142167929094285,-0.005414216792909429,18,2023-10-01
2023-10-17,10,0.6306130222559452,0.0,0.0,0.010210297512821853,0.006210297512821853,18,2023-10-01
2023-10-18,10,0.6772709781919348,0.0,0.0,0.00455183342564851,0.0005518334256485104,18,2023-10-01
2023-10-19,10,0.6531249283167616,0.0,0.0,-0.0011762232810724528,-0.005176223281072453,18,2023-10-01
2023-10-20,10,0.6504246795884224,0.0,0.0,0.0074529387056827545,0.0034529387056827544,18,2023-10-01
2023-10-23,10,0.6270403305230501,0.0,0.0,0.00034702818375080823,-0.003652971816249192,18,2023-10-01
2023-10-24,10,0.6698356945519987,0.0,0.0,0.009956035087816418,0.005956035087816415,18,2023-10-01
2023-10-25,10,0.6247584779821709,0.0,0.0,0.024527134699746968,0.020527134699746964,18,2023-10-01
2023-10-26,10,0.6526517527969407,0.0,0.0,0.0017013414006214588,-0.0022986585993785415,18,2023-10-01
2023-10-27,10,0.6558025643057144,0.0,0.0,0.008085737732471898,0.004085737732471897,18,2023-10-01
2023-10-30,10,0.618119899642106,0.0,0.0,0.01124558350420557,0.007245583504205569,18,2023-10-01
2023-10-31,10,0.653982983420404,0.0,0.0,0.009085299531579948,0.005085299531579948,18,2023-10-01
2024-02-02,2,0.6145815491941052,0.0,0.0,0.0026088301674462855,-0.0013911698325537146,22,2024-02-01
2024-02-15,10,0.6190043960074126,0.0,0.0,0.010086331190541387,0.006086331190541386,22,2024-02-01
2024-02-16,10,0.6478383707759525,0.0,0.0,0.001686026286915876,-0.0023139737130841243,22,2024-02-01
2024-02-19,10,0.6239893095030413,0.0,0.0,-0.007903941790573299,-0.011903941790573299,22,2024-02-01
2024-02-20,10,0.651922481372707,0.0,0.0,0.010638449457474053,0.006638449457474052,22,2024-02-01
2024-02-21,10,0.6350386141156726,0.0,0.0,-0.008340428303927182,-0.012340428303927184,22,2024-02-01
2024-02-22,10,0.6439113918690929,0.0,0.0,0.0033255241287406534,-0.0006744758712593473,22,2024-02-01
2024-02-23,10,0.6063436247459086,0.0,0.0,0.020677555166184903,0.0166775551661849,22,2024-02-01
2024-02-26,2,0.6066715793070571,0.0,0.0,0.005522910971194506,0.0015229109711945056,22,2024-02-01
2024-02-27,1,0.604768291389094,0.0,0.0,0.01070738397538662,0.0067073839753866195,22,2024-02-01
2024-08-02,2,0.6043726898325383,0.0,0.0,-0.006235862500034273,-0.010235862500034273,28,2024-08-01
2024-08-08,10,0.6298218926989034,0.0,0.0,-0.012661534582730383,-0.016661534582730383,28,2024-08-01
2024-08-09,10,0.623824991554706,0.0,0.0,-0.0056383518152870234,-0.009638351815287025,28,2024-08-01
2024-08-12,1,0.6044034015629652,0.0,0.0,0.03946998342871666,0.035469983428716656,28,2024-08-01
2024-08-13,10,0.6085122997984588,0.0,0.0,0.001067559840157628,-0.0029324401598423725,28,2024-08-01
2024-08-20,10,0.6333213400557162,0.0,0.0,0.014724315609782934,0.010724315609782934,28,2024-08-01
2024-08-28,10,0.641340185377927,0.0,0.0,0.0055342143634334205,0.0015342143634334206,28,2024-08-01
2024-08-30,10,0.613518931692155,0.0,0.0,-0.002478206402156502,-0.006478206402156503,28,2024-08-01
2024-09-02,10,0.6250970158736371,0.0,0.0,0.011581900343298913,0.00758190034329891,29,2024-09-01
2024-09-03,10,0.6167210301713422,0.0,0.0,0.00980321024544537,0.00580321024544537,29,2024-09-01
2024-09-04,10,0.6717148270116199,0.0,0.0,-0.005093999049859121,-0.009093999049859126,29,2024-09-01
2024-09-06,10,0.6541344728183921,0.0,0.0,0.010876385308802129,0.006876385308802127,29,2024-09-01
2024-09-09,1,0.609834380170271,0.0,0.0,-0.015296725556254387,-0.019296725556254387,29,2024-09-01
2024-09-12,10,0.6290734667647975,0.0,0.0,0.004066737060202286,6.673706020228556e-05,29,2024-09-01
2024-09-13,10,0.6493547509357815,0.0,0.0,0.003836220398079604,-0.00016377960192039617,29,2024-09-01
2024-09-16,10,0.6938553942582949,0.0,0.0,0.008278125105425716,0.004278125105425715,29,2024-09-01
2024-09-18,4,0.6053287545329645,0.0,0.0,0.005307944302330725,0.0013079443023307213,29,2024-09-01
2024-09-19,10,0.6199772633543283,0.0,0.0,0.005264116550097242,0.0012641165500972406,29,2024-09-01
2024-09-20,10,0.6248751225477663,0.0,0.0,-0.003424585494212806,-0.007424585494212807,29,2024-09-01
2024-09-23,3,0.6105847128653011,0.0,0.0,-0.0071790460497140884,-0.011179046049714087,29,2024-09-01
2024-09-25,10,0.6364362990069249,0.0,0.0,-0.0046589799865614625,-0.008658979986561463,29,2024-09-01
2024-09-27,10,0.6236634106092174,0.0,0.0,0.019207870587706566,0.015207870587706562,29,2024-09-01
2024-09-30,10,0.6247604169478631,0.0,0.0,0.001354577171150595,-0.002645422828849406,29,2024-09-01
2025-04-10,1,0.6083713510444564,0.0,0.0,-0.04463513568043709,-0.04863513568043709,36,2025-04-01
2025-04-14,10,0.6284407719050453,0.0,0.0,0.004595374688506126,0.0005953746885061263,36,2025-04-01
2025-04-23,10,0.6587336393056937,0.0,0.0,0.011014910280937328,0.007014910280937328,36,2025-04-01
2025-04-24,1,0.6019526613423987,0.0,0.0,-0.0034364156890660524,-0.0074364156890660525,36,2025-04-01
2025-04-25,1,0.6009639158423843,0.0,0.0,-0.02011178992688656,-0.02411178992688656,36,2025-04-01
2025-04-28,1,0.6046205400543079,0.0,0.0,0.026556147262454033,0.022556147262454033,36,2025-04-01
2025-06-17,1,0.6042432970415634,0.0,0.0,0.001041287905536592,-0.002958712094463408,38,2025-06-01
