feature,importance_gain,importance_split
volatility_5d,139.7083266340196,105
dividend_yield,105.92401286028326,142
atr_pct_rank,83.53985530138016,109
entry_score,82.73458901047707,126
atr_14,80.37197580002248,108
revenue_log_scale,72.58826425671577,110
volatility_20d,70.33813424035907,78
pb_ratio,65.98147219792008,152
return_1d,65.30211021378636,84
margin_trend,64.37066219002008,115
whale_acc_momentum,62.33079221472144,150
gross_margin_trend,61.99767663516104,127
industry_fund_flow_20d,60.557141691446304,132
industry_leader_ret_20d,60.36633563786745,120
sector_id,58.07585544139147,118
eps_qoq,55.588647704571486,137
current_ratio,54.83853204548359,115
industry_revenue_yoy_med,53.98106029257178,134
whale_trend_4w,53.1547989025712,131
whale_trend_8w,49.410481456667185,105
momentum_accel,49.38713048771024,136
industry_whale_pct_avg,48.15625627152622,120
equity_ratio,47.770539827644825,97
gross_margin_latest,47.14642396941781,112
industry_revenue_accel,46.24821373075247,127
lr_slope_20,46.195868169888854,80
eps_momentum,45.42140334844589,128
upper_wick_5d_avg,44.5961985103786,132
operating_margin_latest,43.882975932210684,67
upper_shadow_ratio,42.220133770257235,126
eps_ttm,42.20638621971011,86
lower_shadow_ratio,42.08585739135742,101
eps_basic,40.013545487076044,97
gap_pct,39.70024871267378,98
pe_percentile_60d,39.69371511042118,85
adx_14,39.61168991215527,107
revenue_qoq,39.41084986552596,134
sector_return_rank,38.9339282810688,86
cmf_20,38.5913159288466,108
debt_ratio,38.52981824055314,106
body_ratio,38.426897555589676,109
foreign_cumsum_3d_norm,38.10350741073489,88
aroon_down,37.83532955124974,108
margin_yoy_change,37.83468350023031,104
dist_to_low_20d,37.69385425001383,40
industry_foreign_pct,37.6737768612802,89
inst_buy_ratio_20d,37.55044285580516,87
foreign_cumsum_10d_norm,37.323092341423035,82
price_vs_ma5,37.268947776407,79
vol_ratio_5_20,37.19443526118994,112
obv_slope_20,37.17324781790376,104
elder_bear,37.03739443048835,69
position_52w,37.0120881292969,108
ichimoku_cloud_width,36.552224073559046,135
debt_ratio_trend,36.06353418529034,112
dist_from_20d_low,35.80245189741254,39
industry_leader_ret_5d,35.75411131605506,95
whale_retail_ratio,35.530632346868515,79
sector_avg_return_20d,35.3750537969172,90
revenue_yoy_q,35.23765539005399,105
holders_chg_pct,34.65267983824015,122
vol_contraction_ratio,33.03419275954366,93
high_low_range,32.89089795202017,81
gap_freq_10d,32.375592578202486,94
industry_whale_acc_ratio,32.168130308389664,98
roe_trend,32.06253571808338,81
whale_acc_weeks,31.945872958749533,112
price_vs_poc_20d,31.919906549155712,88
dealer_cumsum_3d,31.85463424399495,85
margin_spread,31.783425953239202,100
tax_effect,31.699977338314056,72
dealer_cumsum_1d_norm,31.468164265155792,96
margin_short_ratio,31.375078063458204,108
industry_fund_flow_5d,31.31523586064577,78
lr_r2_20,31.309805132448673,96
retail_pct_chg,31.18116619437933,72
retail_pct,31.098068851977587,92
whale_pct,30.50830564275384,74
pe_ratio,29.5524381659925,104
sector_momentum_20d,29.4434023052454,82
eps_yoy,29.308256532996893,98
roe_annualized,28.67410695925355,85
net_margin_latest,27.956424470990896,99
sector_breadth,27.95380114391446,76
trust_cumsum_1d_norm,27.68553026393056,52
foreign_cumsum_20d_norm,27.400111455470324,69
turnover_rate,27.39049406349659,84
ultimate_osc,27.075629714876413,86
dealer_cumsum_3d_norm,26.478988956660032,84
dist_to_high_60d,26.33430866152048,81
inst_total_5d_norm,25.709993790835142,82
dist_to_low_60d,25.644986920058727,63
roa_annualized,25.047082856297493,98
margin_change_5d,25.035557486116886,75
taiex_vs_ma60_pct,24.937559001147747,55
kd_k,24.873811269178987,67
foreign_cumsum_1d,24.80957894399762,70
revenue_cumulative_yoy,24.71062870323658,54
sector_avg_return_5d,24.705530364066362,76
di_diff,24.610823929309845,69
revenue_yoy_latest,24.30076190084219,71
bb_width,24.25503147765994,58
vol_zscore,23.996100157499313,82
cci_14,23.824321754276752,58
force_index_13,23.646750070154667,74
sector_momentum_5d,23.590842373669147,74
foreign_reversal_buy,23.573551934212446,54
stoch_rsi_d,23.569439731538296,90
sector_relative_return_5d,23.559465050697327,63
foreign_cumsum_20d,23.47123896703124,60
return_60d,23.373048504814506,68
vol_contraction,23.168627463281155,74
industry_fund_flow_10d,23.118534345179796,85
pb_change_20d,23.114717602729797,72
aroon_up,22.864601723849773,64
volume_surprise,22.728104956448078,89
dealer_cumsum_10d,22.605066638439894,66
psy_12,22.459251187741756,70
mfi_14,22.384750436991453,72
foreign_trust_sync,22.379537899047136,71
stoch_rsi_k,21.987206608057022,68
trust_cumsum_20d,21.053839676082134,47
williams_r_14,21.029096323996782,58
elder_bull,20.777230262756348,52
trix,20.677574325352907,44
retail_capitulation,20.646042980253696,75
dealer_cumsum_10d_norm,20.64078873768449,67
dealer_cumsum_1d,20.579171508550644,74
price_vs_ma60,20.398080926388502,32
ichimoku_tk_diff,20.37689619138837,58
whale_retail_diverge,20.35702743381262,57
macd_hist,20.278925321996212,72
inst_total_20d_norm,20.19419676810503,70
inst_accumulation,20.126488713547587,52
dealer_cumsum_5d,19.98889873549342,64
foreign_cumsum_3d,19.869322959333658,54
trust_cumsum_1d,19.834729000926018,42
foreign_cumsum_1d_norm,19.746034421026707,77
psy_24,19.660141587257385,46
foreign_buy_streak,19.570075396448374,59
book_value_per_share,19.413145750761032,58
inst_total_10d_norm,19.0893643386662,57
price_vs_inst_cost,18.915359422564507,67
foreign_cumsum_10d,18.744608901441097,51
trend_direction,18.72309673577547,60
return_3d,18.57342917472124,71
taiex_20d_return_pct,18.2980797290802,46
trust_cumsum_3d_norm,18.193428359925747,38
foreign_cumsum_5d_norm,18.148411005735397,54
ma_slope_5,18.130957566201687,65
price_vs_ma20,17.998929850757122,29
up_day_ratio_20,17.90413484722376,59
ichimoku_cloud_pos,17.843308540061116,77
upper_wick_ratio,17.627954844385386,56
whale_pct_rank_12w,17.49584386497736,68
inst_total_20d,17.443403888493776,62
roc_10,16.957337755709887,30
dealer_cumsum_5d_norm,16.89292675629258,68
revenue_yoy_3m_avg,16.457259867340326,44
foreign_cumsum_5d,16.282647982239723,49
price_vol_divergence,16.01585242524743,50
donchian_pos,15.950926665216684,42
down_streak,15.882502350956202,54
trust_reversal_buy,15.456872966140509,46
trust_cumsum_3d,15.352079462260008,30
whale_pct_chg,15.282807655632496,49
bb_position,15.256672952324152,37
phase,14.839214216917753,56
kd_d,14.273524779826403,60
inst_total_5d,14.053938947618008,52
aroon_osc,13.987234741449356,65
up_streak,13.976126626133919,56
keltner_pos,13.92927473783493,34
trust_buy_streak,13.70893407613039,36
lower_wick_ratio,13.379439759999514,39
dist_to_high_20d,13.059148628264666,40
trust_cumsum_10d_norm,12.897173900157213,30
rsi_6,12.826736748218536,40
roc_5,12.777089580893517,30
return_10d,12.05775884911418,47
consecutive_days,11.904148623347282,45
rsi_14,11.378127835690975,47
market_breadth_20d_pct,11.348358064889908,35
price_vs_ma10,11.251705568283796,36
cci_20,10.93623173609376,53
trust_cumsum_5d_norm,10.713614046573639,24
revenue_yoy_momentum,10.00315671786666,36
trust_cumsum_20d_norm,9.745039358735085,37
margin_change_10d,9.539533991366625,33
sector_relative_return_20d,9.37721849232912,35
chip_diverge_bear,9.307441778481007,25
inst_total_10d,9.204097982496023,39
ma_slope_20,9.038076989352703,30
trust_cumsum_5d,8.794864416122437,25
vix_percentile_60d,8.457465182989836,24
dist_from_20d_high,8.454140491783619,43
trust_cumsum_10d,7.8208796083927155,25
ma5_support_test,7.3472258895635605,9
return_5d,6.188208397477865,21
roc_20,4.319957748055458,17
return_20d,3.7757694348692894,15
chip_diverge_bull,2.258897941559553,5
mom_20d,2.09147197753191,7
sox_above_ma20,1.198469027876854,4
squeeze,1.023023083806038,5
ma5_bounce,0.9119805060327053,5
ma20_support_test,0.8564390987157822,7
kd_golden_cross,0.7711880207061768,1
twii_above_ma60,0.3653559982776642,1
doji,0.3015719950199127,1
price_vol_diverge,0.270715095102787,2
twii_above_ma20,0.21559379994869232,2
gspc_above_ma20,0.20948700606822968,1
twii_above_ma5,0.11049400269985199,1
ma_bullish_align,0.08684030175209045,1
donchian_breakout_up,0.06700990349054337,1
macd_bearish_div,0.061626698821783066,1
three_black_crows,0.0,0
three_white_soldiers,0.0,0
hammer,0.0,0
donchian_breakout_dn,0.0,0
rsi_bearish_div,0.0,0
macd_bullish_div,0.0,0
rsi_bullish_div,0.0,0
macd_turn_positive,0.0,0
ma20_bounce,0.0,0
ma_golden_cross,0.0,0
bearish_engulf,0.0,0
bullish_engulf,0.0,0
ma_death_cross,0.0,0
rsi_oversold_bounce,0.0,0
evening_star,0.0,0
morning_star,0.0,0
hanging_man,0.0,0
shooting_star,0.0,0
short_change_10d,0.0,0
short_change_5d,0.0,0
vix_ma20_ratio,0.0,0
twii_volatility_20d,0.0,0
twii_ma20_slope,0.0,0
twii_ma5_slope,0.0,0
ann_count_30d,0.0,0
ann_count_7d,0.0,0
has_ann_30d,0.0,0
ann_surprise,0.0,0
