month,n,top30_excess,bot30_excess,spread,top_win_rate,ic,regime_feature_importance_share
2024-01,1117,0.012690342,0.06063009,-0.047939748,0.43333333333333335,0.10319354087523865,0.09002746902394733
2024-02,1118,-0.0774167,-0.053714607,-0.023702096,0.2,0.0655804637995566,0.13676405763475824
2024-03,1120,0.030436091,0.014428785,0.016007306,0.43333333333333335,-0.045602438034983546,0.158731111645268
2024-04,1121,0.010602642,-0.013088822,0.023691464,0.5333333333333333,-0.04888022063042392,0.1881190783230613
2024-05,1122,-8.915253e-05,-0.07259715,0.072508,0.4,0.08053684835306966,0.14382114952617508
2024-06,1124,0.07532736,0.045839522,0.029487837,0.5,0.1291356063777753,0.07261303974678139
2024-07,1124,0.02072545,-0.01071243,0.03143788,0.4666666666666667,0.0656334790913923,0.144659183924184
2024-08,1125,-0.030066812,-0.033341113,0.003274301,0.3,0.006613017928647341,0.12956824563328012
2024-09,1125,0.051146917,-0.056911163,0.10805808,0.5,0.022525408688265733,0.16362357571382294
2024-10,1127,0.08146854,0.012900441,0.068568096,0.5333333333333333,-0.04985550443428754,0.06497868837014001
2024-11,1128,-0.027241087,-0.045052852,0.017811766,0.3,-0.038039189472426786,0.14605121402845017
2024-12,1129,-0.016343145,-0.035925485,0.01958234,0.26666666666666666,-0.06727610899138962,0.2829884398093094
2025-01,1129,0.0864875,0.08983742,-0.0033499151,0.6666666666666666,-0.10598279031911884,0.14975215659860222
2025-02,1129,0.010083179,0.014049697,-0.0039665177,0.4,-0.0404645016569399,0.24757905539405278
2025-03,1129,-0.031252094,-0.05748918,0.026237085,0.26666666666666666,-0.07782758828453358,0.057776180710477784
2025-04,1129,-0.021437937,-0.023671228,0.002233291,0.26666666666666666,-0.033982632459151015,0.11950508581800492
2025-05,1131,-0.0050814548,-0.021274183,0.016192729,0.3,0.0682675203394454,0.14140181401987206
2025-06,1133,0.014012589,-0.004292755,0.018305345,0.4666666666666667,0.005995172614753511,0.11534058459382289
2025-07,1134,0.050060213,0.016383626,0.033676587,0.6,-0.017545642624710388,0.12160795817268029
2025-08,1135,-0.10020564,-0.039882984,-0.060322654,0.2,-0.03987977912673811,0.18483219056747502
2025-09,1135,-0.10329558,-0.106640555,0.0033449754,0.1,0.05833321870857185,0.1445993524030658
2025-10,1135,0.0011426072,0.032985713,-0.031843107,0.4666666666666667,-0.058187427721999814,0.11253579050262644
2025-11,1135,-0.021734329,-0.014862254,-0.0068720747,0.26666666666666666,-0.12761378352083355,0.08616702169131304
2025-12,1135,-0.08463623,-0.0601738,-0.024462428,0.23333333333333334,-0.03591982496681043,0.07604768767963585
2026-01,1135,0.09629854,-0.1097862,0.20608473,0.5,0.00763602116454299,0.11811580776369358
2026-02,1135,0.14014725,0.049143925,0.09100333,0.7333333333333333,0.05016949254368044,0.09603528288089254
2026-03,1135,0.032479748,-0.25539434,0.2878741,0.5666666666666667,0.25476414000852965,0.10083232703427418
2026-04,1135,-0.15272623,-0.14720555,-0.0055206865,0.2,0.1777804829573846,0.13562199337135208
