overlay,trades,signal_days,basket_avg_return,basket_cum_return,signal_basket_cagr,mdd,calmar_proxy,annualized_calmar,trade_avg_return,trade_median_return,win_rate,avg_hold_days,avg_mfe,avg_mae,take_profit_rate,stop_loss_rate,timeout_rate,open_mtm_rate
tp10_no_sl,120,4,0.03566,0.149084,1408.527377,-0.003152,47.30379,,0.03566,0.096,0.75,9.942,0.109375,-0.102563,0.708333,0.0,0.291667,0.0
tp15_no_sl,120,4,0.045934,0.19432,10568.267974,-0.00905,21.471883,,0.045934,0.146,0.666667,13.258,0.142443,-0.123856,0.583333,0.0,0.416667,0.0
tp20_no_sl,120,4,0.061286,0.26231,189976.458696,-0.025598,10.247119,,0.061286,0.171803,0.641667,14.775,0.166364,-0.133612,0.491667,0.0,0.508333,0.0
atr3_tp6,120,4,0.089978,0.382765,22082245.030937,-0.085492,4.477224,,0.089978,0.08637,0.558333,14.233,0.220707,-0.120002,0.283333,0.316667,0.4,0.0
time15,120,4,0.03747,0.148093,1346.467099,-0.062754,2.359884,,0.03747,-0.009523,0.491667,15.0,0.206695,-0.138891,0.0,0.0,1.0,0.0
atr2_tp4,120,4,0.044729,0.178264,5214.937243,-0.078351,2.275187,,0.044729,-0.07736,0.466667,9.65,0.166508,-0.098223,0.375,0.491667,0.133333,0.0
sl10_tp20,120,4,0.013256,0.046329,9.623455,-0.088546,0.523224,,0.013256,-0.104,0.408333,7.575,0.137513,-0.088803,0.375,0.55,0.075,0.0
sl07_tp14,120,4,-0.00056,-0.005487,-0.249544,-0.068192,-0.080459,,-0.00056,-0.074,0.375,4.733,0.101756,-0.070961,0.366667,0.616667,0.016667,0.0
time10,120,4,-0.014077,-0.072238,-0.980007,-0.162728,-0.44392,,-0.014077,-0.019676,0.416667,10.0,0.158272,-0.122874,0.0,0.0,1.0,0.0
fixed20,120,4,0.165211,0.825228,43167719146000.4,0.0,,,0.165211,0.110663,0.633333,20.0,0.292249,-0.14251,0.0,0.0,1.0,0.0
