month,n,ic,t_stat,significant,year,ic_rolling_6m,ic_cumulative_mean
2024-01,1094,0.0550509295978636,1.8219441620263948,False,2024,,0.0550509295978636
2024-02,1095,0.1405998703913511,4.69494636160593,True,2024,,0.09782539999460735
2024-03,1097,0.0852973511370876,2.8328805608077765,True,2024,0.09364938370876742,0.09364938370876742
2024-04,1098,-0.0321733197433014,-1.065678103842812,False,2024,0.06219370784575022,0.06219370784575022
2024-05,1099,0.0695555886445041,2.3093430289902046,True,2024,0.063666084005501,0.063666084005501
2024-06,1101,0.071733509061753,2.3841917501696535,True,2024,0.06501065484820967,0.06501065484820967
2024-07,1101,0.0835957935494493,2.7810325931221462,True,2024,0.06976813217347395,0.06766567466267247
2024-08,1102,0.0795294893232664,2.6460761686063754,True,2024,0.059589735328793164,0.06914865149524671
2024-09,1103,0.1267313322760964,4.23929398708404,True,2024,0.0664953988519613,0.07554672713756333
2024-10,1105,-0.0112771206740697,-0.3745532769884399,False,2024,0.06997809869683325,0.06686434235640004
2024-11,1106,0.0041064323165866,0.13644350510335373,False,2024,0.05906990597551367,0.061159077807326094
2024-12,1107,0.0135585339593295,0.45074798598025984,False,2024,0.04937407679177641,0.05719236581999304
2025-01,1107,-0.0096084511666711,-0.3194144613428964,False,2025,0.033840036005756344,0.05205384143640349
2025-02,1107,0.005979906103443,0.19878484382433267,False,2025,0.02158177213578578,0.048762846055477746
2025-03,1107,-0.0739573039985574,-2.4652058911866384,True,2025,-0.011866333909989852,0.040581502718542065
2025-04,1107,-0.0379442882793645,-1.2622355782663133,False,2025,-0.016310861844205653,0.035673640781172904
2025-05,1109,0.1426233457512434,4.794320432734942,True,2025,0.006775290394903817,0.04196479989705941
2025-06,1111,0.0165742283216884,0.5520250045195484,False,2025,0.007277906121963633,0.040554212587316577
2025-07,1112,0.0104216611380535,0.34723382402626357,False,2025,0.010616258172751067,0.03896828882682904
2025-08,1113,0.0621246943548797,2.0747271534572076,True,2025,0.01997372288132385,0.040126109103231576
2025-09,1113,0.0520987616334849,1.738900089604499,False,2025,0.0409830671533309,0.040696235414196015
2025-10,1113,-0.0179253486488405,-0.5975777592957223,False,2025,0.04431955709175157,0.03803161795678527
2025-11,1113,-0.1347398980523456,-4.532436644236521,True,2025,-0.0019076502088466035,0.030519812912910012
2025-12,1113,-0.0824449036887821,-2.7574133162902106,True,2025,-0.01841083887725835,0.025812949721172842
2026-01,1113,-0.012200287406749,-0.40668618070886464,False,2026,-0.022181163634725432,0.02429242023605597
2026-02,1113,0.0446525579089103,1.4898301648820493,False,2026,-0.025093186375720337,0.025075502454242674
2026-03,1113,0.2335427910299909,8.00575746692845,True,2026,0.005147485190363996,0.03279651314223335
2026-04,1113,0.3218794401929857,11.331851822036091,True,2026,0.0617816166640017,0.04312090339404594
