prediction_date,ticker,signal_type,signal_type_before_gate,signal_type_before_tradability,target_units,target_weight_ratio,route_priority,rank_20d,rank_t1,recommendation_20d,recommendation_t1,signal_20d,pred_return_20d,risk_adjusted_return,risk_adjusted_return_pre_penalty,leaderboard_score_pre_penalty,penalty_overlay_enabled,penalty_overlay_version,penalty_overlay_score,penalty_overlay_total,penalty_overlay_total_before_cap,penalty_foreign_selling,penalty_gap_risk,penalty_quality,penalty_beta,penalty_quality_cap_applied,penalty_hard_block,penalty_overlay_reason,alpha_win_prob_20d,alpha_win_prob_percentile_20d,alpha_win_prob_rank_20d,alpha_win_gate_mode,alpha_win_gate_threshold,prob_edge,up_prob,flat_prob,down_prob,hit_prob_3pct,t1_score,take_profit,stop_loss,close_20d,close_t1,close_ref,volume_today,avg_5d_volume,avg_20d_volume,avg_5d_amount,avg_20d_amount,price_vs_ma60,beta_60,volume_today_20d,avg_5d_volume_20d,avg_20d_volume_20d,avg_5d_amount_20d,avg_20d_amount_20d,price_vs_ma60_20d,beta_60_20d,gap_pct_20d,gap_up_avg_5d_20d,foreign_cumsum_20d_raw_20d,foreign_cumsum_20d_norm_raw_20d,roa_annualized_20d,roe_annualized_20d,avg_5d_volume_t1,avg_20d_volume_t1,avg_5d_amount_t1,avg_20d_amount_t1,price_vs_ma60_t1,beta_60_t1,sector,sector_20d,sector_t1,setup_tags_t1,risk_tags_20d,risk_tags_t1,veto_reason_t1,t1_block_reason,market_regime_state,market_regime_action,market_regime_reason,market_regime_breadth_ma20,market_regime_twii_close,market_regime_twii_ma20,market_regime_twii_ma60,tradability_check_date,tradability_data_status,tradability_gate_action,tradability_status,tradability_blocked,tradability_reason,is_disposition,is_attention,is_full_delivery,is_suspended,production_gate_status,production_gate_reason,source_20d_file,source_t1_file
2026-04-09,3529,20D_only,20D_only,20D_only,2,0.16666666666666666,2,5,,建議買進,,DOWN,0.0387547392166421,0.028754739090800285,0.0077509478433284,0.0102853883457563,True,v1,0.028754739090800285,0.009999999776482582,0.009999999776482582,0.0,0.009999999776482582,0.0,0.0,False,False,gap_risk,0.6501743,0.95417047,51.0,absolute,0.52,-0.1534360668681413,0.3225141169208602,0.2015356992901382,0.4759501837890016,,,,,2870.0,,2870.0,1090.603,933.785,1188.2822,2679962950.0,3410370057.5,0.3255840806743388,1.5243146,1090.603,933.785,1188.2822,2679962950.0,3410370057.5,0.3255840806743388,1.5243146,0.0,0.026465792,1624959.0,0.06837428,32.9581184387207,40.72850799560547,,,,,,,半導體業,半導體業,,,⚠️期望值高但勝率偏低，屬高波動博弈,,,,CAUTION,LIMIT_20D_TOP10_AND_BLOCK_T1,market_not_fully_open,0.453397,34861.160156,33396.120508,32601.572428,2026-04-10,OK,ALLOW_T1_AND_DUAL,OPEN,False,,False,False,False,False,DISABLED,20d_only_research_backfill,predictions_alpha_cls_new_2026-04-09.csv,T1_DISABLED
2026-04-09,6510,20D_only,20D_only,20D_only,2,0.16666666666666666,2,6,,建議買進,,DOWN,0.0329711209545449,0.022971121594309807,0.0065942241909089,0.0087233162561292,True,v1,0.022971121594309807,0.009999999776482582,0.009999999776482582,0.0,0.009999999776482582,0.0,0.0,False,False,gap_risk,0.6410146,0.94225484,64.0,absolute,0.52,-0.1808516022698335,0.3084108116260457,0.2023267744780751,0.4892624138958792,,,,,3405.0,,3405.0,513.531,568.1422,740.6,1934524191.0,2521743000.0,0.0466456620302774,1.1794988,513.531,568.1422,740.6,1934524191.0,2521743000.0,0.0466456620302774,1.1794988,0.016011644154787,0.026861437,1205756.0,0.08140399,7.426298141479492,8.286076545715332,,,,,,,半導體業,半導體業,,,⚠️期望值高但勝率偏低，屬高波動博弈,,,,CAUTION,LIMIT_20D_TOP10_AND_BLOCK_T1,market_not_fully_open,0.453397,34861.160156,33396.120508,32601.572428,2026-04-10,OK,ALLOW_T1_AND_DUAL,OPEN,False,,False,False,False,False,DISABLED,20d_only_research_backfill,predictions_alpha_cls_new_2026-04-09.csv,T1_DISABLED
2026-04-09,3533,20D_only,20D_only,20D_only,2,0.16666666666666666,2,7,,建議買進,,DOWN,0.0369207789809507,0.02192077971994877,0.0078107596131257,0.0102418687508861,True,v1,0.02192077971994877,0.014999999664723873,0.014999999664723873,0.0,0.014999999664723873,0.0,0.0,False,False,gap_risk,0.67684937,0.9816682,21.0,absolute,0.52,-0.1384454275150655,0.3320797724162637,0.197395027652407,0.4705251999313292,,,,,2310.0,,2310.0,1398.656,1649.965,2257.513,3811419150.0,5214855145.5,0.3792417155935915,1.4784025,1398.656,1649.965,2257.513,3811419150.0,5214855145.5,0.3792417155935915,1.4784025,0.0695067271590232,0.045053937,2350006.0,0.05204856,11.465493202209473,14.83829402923584,,,,,,,電子零組件業,電子零組件業,,,⚠️期望值高但勝率偏低，屬高波動博弈,,,,CAUTION,LIMIT_20D_TOP10_AND_BLOCK_T1,market_not_fully_open,0.453397,34861.160156,33396.120508,32601.572428,2026-04-10,OK,ALLOW_T1_AND_DUAL,OPEN,False,,False,False,False,False,DISABLED,20d_only_research_backfill,predictions_alpha_cls_new_2026-04-09.csv,T1_DISABLED
2026-04-09,3665,20D_only,20D_only,20D_only,2,0.16666666666666666,2,8,,建議買進,,DOWN,0.0399566538892893,0.01995665393769741,0.0079913307778578,0.0106026381453043,True,v1,0.01995665393769741,0.019999999552965164,0.019999999552965164,0.004999999888241291,0.014999999664723873,0.0,0.0,False,False,foreign_selling;gap_risk,0.65977603,0.964253,40.0,absolute,0.52,-0.1548831769198475,0.3278368266948371,0.1894431696904782,0.4827200036146846,,,,,2130.0,,2130.0,3758.346,3354.111,3815.8936,7144256856.0,8127853261.5,0.3701420530688824,1.0478508,3758.346,3354.111,3815.8936,7144256856.0,8127853261.5,0.3701420530688824,1.0478508,-0.0024813895579427,0.0431968,-458272.0,-0.0060047796,8.300614356994629,14.900117874145508,,,,,,,其他電子業,其他電子業,,,⚠️短線偏熱，追價風險高 ⚠️期望值高但勝率偏低，屬高波動博弈,,,,CAUTION,LIMIT_20D_TOP10_AND_BLOCK_T1,market_not_fully_open,0.453397,34861.160156,33396.120508,32601.572428,2026-04-10,OK,ALLOW_T1_AND_DUAL,OPEN,False,,False,False,False,False,DISABLED,20d_only_research_backfill,predictions_alpha_cls_new_2026-04-09.csv,T1_DISABLED
2026-04-09,8021,20D_only,20D_only,20D_only,2,0.16666666666666666,2,9,,建議買進,,DOWN,0.0240182143704731,0.01401821430772543,0.0048036428740946,0.0063582262979564,True,v1,0.01401821430772543,0.009999999776482582,0.009999999776482582,0.0,0.009999999776482582,0.0,0.0,False,False,gap_risk,0.66266924,0.96791935,36.0,absolute,0.52,-0.1758270898314805,0.3230790993266206,0.1780147115152781,0.4989061891581011,,,,,289.0,,289.0,27956.188,19246.725,17422.387,5562303640.599999,5035070001.95,0.2558143301944892,1.7290347,27956.188,19246.725,17422.387,5562303640.599999,5035070001.95,0.2558143301944892,1.7290347,-0.0068259383551776,0.02645056,7454153.0,0.021392455,3.776211738586426,5.474325180053711,,,,,,,其他電子業,其他電子業,,,⚠️期望值高但勝率偏低，屬高波動博弈,,,,CAUTION,LIMIT_20D_TOP10_AND_BLOCK_T1,market_not_fully_open,0.453397,34861.160156,33396.120508,32601.572428,2026-04-10,OK,ALLOW_T1_AND_DUAL,OPEN,False,,False,False,False,False,DISABLED,20d_only_research_backfill,predictions_alpha_cls_new_2026-04-09.csv,T1_DISABLED
2026-04-09,6568,20D_only,20D_only,20D_only,2,0.16666666666666666,2,10,,建議買進,,DOWN,0.0192849754512257,0.0092849750071764,0.0038569950902451,0.0051062693154318,True,v1,0.0092849750071764,0.009999999776482582,0.009999999776482582,0.0,0.009999999776482582,0.0,0.0,False,False,gap_risk,0.61691093,0.9092576,100.0,absolute,0.52,-0.174011208282683,0.3182776674902373,0.1894334567368423,0.4922888757729204,,,,,223.5,,223.5,865.711,1268.1296,1787.876,283426965.6,399590286.0,0.3353913563035251,0.53944343,865.711,1268.1296,1787.876,283426965.6,399590286.0,0.3353913563035251,0.53944343,0.0044642859138548,0.03325611,126149.0,0.0035279014,4.294682025909424,4.863458633422852,,,,,,,半導體業,半導體業,,,⚠️期望值高但勝率偏低，屬高波動博弈,,,,CAUTION,LIMIT_20D_TOP10_AND_BLOCK_T1,market_not_fully_open,0.453397,34861.160156,33396.120508,32601.572428,2026-04-10,OK,ALLOW_T1_AND_DUAL,OPEN,False,,False,False,False,False,DISABLED,20d_only_research_backfill,predictions_alpha_cls_new_2026-04-09.csv,T1_DISABLED
2026-04-09,3081,NONE,20D_only,20D_only,0,0.0,0,1,,建議買進,,DOWN,0.1340988193307681,0.11409881711006165,0.0268197638661536,0.035561823689136,True,v1,0.11409881711006165,0.019999999552965164,0.019999999552965164,0.004999999888241291,0.014999999664723873,0.0,0.0,False,False,foreign_selling;gap_risk,0.6923306,0.9871677,15.0,absolute,0.52,-0.160294110813092,0.3380536248030017,0.1635986395809044,0.4983477356160938,,,,,2105.0,,2105.0,2923.029,3419.1807,2371.3374,7197375163.0,4991665332.25,0.7662359456284612,1.08397,2923.029,3419.1807,2371.3374,7197375163.0,4991665332.25,0.7662359456284612,1.08397,0.0147058824077248,0.045229815,-233150.0,-0.004916002,5.006102085113525,5.9649858474731445,,,,,,,通信網路業,通信網路業,,,⚠️短線偏熱，追價風險高 ⚠️期望值高但勝率偏低，屬高波動博弈,,,,CAUTION,LIMIT_20D_TOP10_AND_BLOCK_T1,market_not_fully_open,0.453397,34861.160156,33396.120508,32601.572428,2026-04-10,OK,ALLOW_T1_AND_DUAL,BLOCKED,True,OVERHEAT_RISK,False,False,False,False,DISABLED,20d_only_research_backfill,predictions_alpha_cls_new_2026-04-09.csv,T1_DISABLED
2026-04-09,3131,NONE,20D_only,20D_only,0,0.0,0,2,,建議買進,,DOWN,0.0904234018687531,0.08042339980602264,0.0180846803737506,0.0239362024483597,True,v1,0.08042339980602264,0.009999999776482582,0.009999999776482582,0.0,0.009999999776482582,0.0,0.0,False,False,gap_risk,0.75739944,1.0,1.0,absolute,0.52,-0.176250854801768,0.3177636080012175,0.1882219291957967,0.4940144628029856,,,,,3270.0,,3270.0,722.238,1014.1622,1154.8921,3316310394.0,3776497003.5,0.6284860557768924,0.9639098,722.238,1014.1622,1154.8921,3316310394.0,3776497003.5,0.6284860557768924,0.9639098,0.0074850297532975,0.03338528,904555.0,0.039161887,5.99187707901001,15.299208641052246,,,,,,,其他電子業,其他電子業,,,⚠️短線偏熱，追價風險高 ⚠️期望值高但勝率偏低，屬高波動博弈,,,,CAUTION,LIMIT_20D_TOP10_AND_BLOCK_T1,market_not_fully_open,0.453397,34861.160156,33396.120508,32601.572428,2026-04-10,OK,ALLOW_T1_AND_DUAL,BLOCKED,True,OVERHEAT_RISK,False,False,False,False,DISABLED,20d_only_research_backfill,predictions_alpha_cls_new_2026-04-09.csv,T1_DISABLED
2026-04-09,3491,NONE,20D_only,20D_only,0,0.0,0,3,,建議買進,,DOWN,0.0412586975383254,0.03125869855284691,0.008251739507665,0.0109277943705236,True,v1,0.03125869855284691,0.009999999776482582,0.009999999776482582,0.0,0.009999999776482582,0.0,0.0,False,False,gap_risk,0.6874428,0.984418,18.0,absolute,0.52,-0.1713206164003518,0.3294280096366322,0.1698233643263836,0.5007486260369841,,,,,1760.0,,1760.0,2446.376,2570.5159,1531.3315,4524107808.0,2695143616.0,0.4058630881060787,1.556677,2446.376,2570.5159,1531.3315,4524107808.0,2695143616.0,0.4058630881060787,1.556677,0.0083798887208104,0.036588687,675549.0,0.022057567,7.407154083251953,11.150065422058104,,,,,,,通信網路業,通信網路業,,,⚠️短線偏熱，追價風險高 ⚠️期望值高但勝率偏低，屬高波動博弈,,,,CAUTION,LIMIT_20D_TOP10_AND_BLOCK_T1,market_not_fully_open,0.453397,34861.160156,33396.120508,32601.572428,2026-04-10,OK,ALLOW_T1_AND_DUAL,BLOCKED,True,OVERHEAT_RISK,False,False,False,False,DISABLED,20d_only_research_backfill,predictions_alpha_cls_new_2026-04-09.csv,T1_DISABLED
2026-04-09,3498,NONE,20D_only,20D_only,0,0.0,0,4,,建議買進,,DOWN,0.0650325085229214,0.030032508075237274,0.0134571716733345,0.0177303210806484,True,v1,0.030032508075237274,0.03500000014901161,0.03500000014901161,0.0,0.014999999664723873,0.019999999552965164,0.0,False,False,gap_risk;quality,0.5799725,0.8533456,161.0,absolute,0.52,-0.1430700817331774,0.3424822111793063,0.1719654959082101,0.4855522929124837,,,,,84.0999984741211,,84.0999984741211,5881.39,3779.0823,6047.8486,317820807.2535782,508624049.6217156,0.4114092777570536,0.6306408,5881.39,3779.0823,6047.8486,317820807.2535782,508624049.6217156,0.4114092777570536,0.6306408,0.0418300256133079,0.029881982,3370004.0,0.027861182,-1.652480125427246,-2.5957190990448,,,,,,,其他電子業,其他電子業,,,⚠️期望值高但勝率偏低，屬高波動博弈,,,,CAUTION,LIMIT_20D_TOP10_AND_BLOCK_T1,market_not_fully_open,0.453397,34861.160156,33396.120508,32601.572428,2026-04-10,OK,ALLOW_T1_AND_DUAL,BLOCKED,True,OVERHEAT_RISK,False,False,False,False,DISABLED,20d_only_research_backfill,predictions_alpha_cls_new_2026-04-09.csv,T1_DISABLED
2026-04-09,8299,NONE,20D_only,20D_only,0,0.0,0,11,,建議買進,,DOWN,0.031731537508023,0.006731537636369467,0.0063463075016046,0.0083290449233376,True,v1,0.006731537636369467,0.02500000037252903,0.02500000037252903,0.004999999888241291,0.014999999664723873,0.0,0.004999999888241291,False,False,foreign_selling;gap_risk;beta,0.63384557,0.9340055,73.0,absolute,0.52,-0.2505080881213066,0.277199609061303,0.1950926937560873,0.5277076971826097,,,,,1615.0,,1615.0,8592.044,7186.542,7763.522,11606265330.0,12538087868.5,-0.1222030981067125,1.7136301,8592.044,7186.542,7763.522,11606265330.0,12538087868.5,-0.1222030981067125,1.7136301,0.0,0.042104546,-1796433.0,-0.011569704,5.579879760742188,8.214717864990234,,,,,,,半導體業,半導體業,,,⚠️期望值高但勝率偏低，屬高波動博弈,,,,CAUTION,LIMIT_20D_TOP10_AND_BLOCK_T1,market_not_fully_open,0.453397,34861.160156,33396.120508,32601.572428,2026-04-10,OK,ALLOW_T1_AND_DUAL,BLOCKED,True,MARKET_REGIME_CAUTION,False,False,False,False,DISABLED,20d_only_research_backfill,predictions_alpha_cls_new_2026-04-09.csv,T1_DISABLED
2026-04-09,3363,NONE,20D_only,20D_only,0,0.0,0,12,,建議買進,,DOWN,0.0309530507049715,0.005953050684183836,0.0062783585843735,0.0078957085653161,True,v1,0.005953050684183836,0.02500000037252903,0.02500000037252903,0.004999999888241291,0.014999999664723873,0.0,0.004999999888241291,False,False,foreign_selling;gap_risk;beta,0.6559255,0.95875347,46.0,absolute,0.52,-0.1471651116325935,0.3451378182527351,0.1625592518619363,0.4923029298853286,,,,,763.0,,763.0,1246.719,875.3106,3270.4229,667861987.8,2495332596.4,0.4485097318780331,1.6372241,1246.719,875.3106,3270.4229,667861987.8,2495332596.4,0.4485097318780331,1.6372241,-0.0222222227603197,0.049049586,-573666.0,-0.008770517,1.142322659492493,1.50586998462677,,,,,,,通信網路業,通信網路業,,,⚠️短線偏熱，追價風險高 ⚠️期望值高但勝率偏低，屬高波動博弈,,,,CAUTION,LIMIT_20D_TOP10_AND_BLOCK_T1,market_not_fully_open,0.453397,34861.160156,33396.120508,32601.572428,2026-04-10,OK,ALLOW_T1_AND_DUAL,BLOCKED,True,OVERHEAT_RISK,False,False,False,False,DISABLED,20d_only_research_backfill,predictions_alpha_cls_new_2026-04-09.csv,T1_DISABLED
2026-04-09,2308,NONE,20D_only,20D_only,0,0.0,0,13,,建議買進,,DOWN,0.0227996960032596,0.0027996960561722517,0.0045599392006519,0.0060330289673253,True,v1,0.0027996960561722517,0.019999999552965164,0.019999999552965164,0.0,0.009999999776482582,0.0,0.009999999776482582,False,False,gap_risk;beta,0.7064535,0.99266726,9.0,absolute,0.52,-0.1796646083017132,0.3095016875158687,0.2013320166665493,0.4891662958175819,,,,,1645.0,,1645.0,15107.377,11911.178,11920.889,19593886823.0,19609862569.5,0.2789944278864843,1.94887,15107.377,11911.178,11920.889,19593886823.0,19609862569.5,0.2789944278864843,1.94887,0.0120120123028755,0.039671637,10167921.0,0.042647496,8.17721939086914,16.453859329223633,,,,,,,電子零組件業,電子零組件業,,,⚠️期望值高但勝率偏低，屬高波動博弈,,,,CAUTION,LIMIT_20D_TOP10_AND_BLOCK_T1,market_not_fully_open,0.453397,34861.160156,33396.120508,32601.572428,2026-04-10,OK,ALLOW_T1_AND_DUAL,BLOCKED,True,HIGH_BETA_RISK,False,False,False,False,DISABLED,20d_only_research_backfill,predictions_alpha_cls_new_2026-04-09.csv,T1_DISABLED
2026-04-09,2484,NONE,20D_only,20D_only,0,0.0,0,14,,建議買進,,DOWN,0.0047961271230609,-0.00020387287077028304,0.0009592254246121,0.0012030165799941,True,v1,-0.00020387287077028304,0.004999999888241291,0.004999999888241291,0.0,0.004999999888241291,0.0,0.0,False,False,gap_risk,0.64630455,0.9495875,56.0,absolute,0.52,-0.1945277129966738,0.2953857373930508,0.2147008122172245,0.4899134503897246,,,,,30.39999961853028,,30.39999961853028,3468.307,5893.009,4613.688,179147465.27199557,140256114.9600177,0.1122968473785168,1.1608396,3468.307,5893.009,4613.688,179147465.27199557,140256114.9600177,0.1122968473785168,1.1608396,0.0,0.01657963,455250.0,0.004933689,0.9270439743995668,1.1359169483184814,,,,,,,電子零組件業,電子零組件業,,,⚠️期望值高但勝率偏低，屬高波動博弈,,,,CAUTION,LIMIT_20D_TOP10_AND_BLOCK_T1,market_not_fully_open,0.453397,34861.160156,33396.120508,32601.572428,2026-04-10,OK,ALLOW_T1_AND_DUAL,BLOCKED,True,MARKET_REGIME_CAUTION,False,False,False,False,DISABLED,20d_only_research_backfill,predictions_alpha_cls_new_2026-04-09.csv,T1_DISABLED
2026-04-09,3443,NONE,20D_only,20D_only,0,0.0,0,15,,建議買進,,DOWN,0.007415510328833,-0.0025844897609204054,0.0014831020657666,0.0019668024112776,True,v1,-0.0025844897609204054,0.009999999776482582,0.009999999776482582,0.0,0.009999999776482582,0.0,0.0,False,False,gap_risk,0.6750701,0.98075163,22.0,absolute,0.52,-0.1590602037180154,0.3172345243438107,0.2064707475943632,0.4762947280618261,,,,,2655.0,,2655.0,3432.421,2263.6753,2302.8013,6010057656.000001,6113937451.499999,0.0735224745602804,1.5294259,3432.421,2263.6753,2302.8013,6010057656.000001,6113937451.499999,0.0735224745602804,1.5294259,0.0079681277275085,0.034076314,1491501.0,0.032384492,9.053414344787598,22.28281784057617,,,,,,,半導體業,半導體業,,,⚠️期望值高但勝率偏低，屬高波動博弈,,,,CAUTION,LIMIT_20D_TOP10_AND_BLOCK_T1,market_not_fully_open,0.453397,34861.160156,33396.120508,32601.572428,2026-04-10,OK,ALLOW_T1_AND_DUAL,BLOCKED,True,MARKET_REGIME_CAUTION,False,False,False,False,DISABLED,20d_only_research_backfill,predictions_alpha_cls_new_2026-04-09.csv,T1_DISABLED
2026-04-09,3017,NONE,20D_only,20D_only,0,0.0,0,16,,建議買進,,DOWN,0.0110060536709998,-0.003993946127593517,0.0022497713542691,0.0029721246883216,True,v1,-0.003993946127593517,0.014999999664723873,0.014999999664723873,0.0,0.014999999664723873,0.0,0.0,False,False,gap_risk,0.70705533,0.99358386,8.0,absolute,0.52,-0.145587826343506,0.3247891209587612,0.2048339317389714,0.4703769473022672,,,,,2235.0,,2235.0,4548.641,3959.172,5433.369,8848749420.0,12143580497.25,0.3232029207163649,1.1882628,4548.641,3959.172,5433.369,8848749420.0,12143580497.25,0.3232029207163649,1.1882628,0.0134529145434498,0.04307775,3686758.0,0.033926997,9.829365730285645,32.90967559814453,,,,,,,電腦及週邊設備業,電腦及週邊設備業,,,⚠️期望值高但勝率偏低，屬高波動博弈,,,,CAUTION,LIMIT_20D_TOP10_AND_BLOCK_T1,market_not_fully_open,0.453397,34861.160156,33396.120508,32601.572428,2026-04-10,OK,ALLOW_T1_AND_DUAL,BLOCKED,True,MARKET_REGIME_CAUTION,False,False,False,False,DISABLED,20d_only_research_backfill,predictions_alpha_cls_new_2026-04-09.csv,T1_DISABLED
2026-04-09,6291,NONE,20D_only,20D_only,0,0.0,0,17,,建議買進,,DOWN,0.0103898947633533,-0.004610105417668819,0.0020779789526706,0.0025473326731798,True,v1,-0.004610105417668819,0.014999999664723873,0.014999999664723873,0.004999999888241291,0.009999999776482582,0.0,0.0,False,False,foreign_selling;gap_risk,0.6372147,0.9367553,70.0,absolute,0.52,-0.1608647151659302,0.3290657961184351,0.1810036925971995,0.4899305112843653,,,,,361.5,,361.5,1667.151,2123.2136,2172.2712,767541716.4,785276093.025,0.3611974018638803,1.0311451,1667.151,2123.2136,2172.2712,767541716.4,785276093.025,0.3611974018638803,1.0311451,-0.0026525198481976,0.031196194,-1386029.0,-0.03190276,6.968149662017822,11.074063301086426,,,,,,,半導體業,半導體業,,,⚠️期望值高但勝率偏低，屬高波動博弈,,,,CAUTION,LIMIT_20D_TOP10_AND_BLOCK_T1,market_not_fully_open,0.453397,34861.160156,33396.120508,32601.572428,2026-04-10,OK,ALLOW_T1_AND_DUAL,BLOCKED,True,MARKET_REGIME_CAUTION,False,False,False,False,DISABLED,20d_only_research_backfill,predictions_alpha_cls_new_2026-04-09.csv,T1_DISABLED
2026-04-09,3563,NONE,20D_only,20D_only,0,0.0,0,18,,建議買進,,DOWN,0.0034940713830278,-0.006505928467959166,0.0006988142766055,0.0008567694174171,True,v1,-0.006505928467959166,0.009999999776482582,0.009999999776482582,0.0,0.009999999776482582,0.0,0.0,False,False,gap_risk,0.60063285,0.89092577,120.0,absolute,0.52,-0.1597795101709926,0.3260686584228245,0.1880831729833582,0.4858481685938172,,,,,875.0,,875.0,3297.193,3042.5947,3478.3723,2662270450.0,3043575806.25,0.4674026972259102,0.8013161,3297.193,3042.5947,3478.3723,2662270450.0,3043575806.25,0.4674026972259102,0.8013161,0.0095011880621314,0.029130314,33058.0,0.00047519352,11.73369598388672,14.198745727539062,,,,,,,光電業,光電業,,,⚠️期望值高但勝率偏低，屬高波動博弈,,,,CAUTION,LIMIT_20D_TOP10_AND_BLOCK_T1,market_not_fully_open,0.453397,34861.160156,33396.120508,32601.572428,2026-04-10,OK,ALLOW_T1_AND_DUAL,BLOCKED,True,OVERHEAT_RISK,False,False,False,False,DISABLED,20d_only_research_backfill,predictions_alpha_cls_new_2026-04-09.csv,T1_DISABLED
2026-04-09,3653,NONE,20D_only,20D_only,0,0.0,0,19,,建議買進,,DOWN,0.0131471921924338,-0.006852807942777872,0.0026796599181331,0.0035423076511269,True,v1,-0.006852807942777872,0.019999999552965164,0.019999999552965164,0.004999999888241291,0.014999999664723873,0.0,0.0,False,False,foreign_selling;gap_risk,0.6749613,0.97983503,23.0,absolute,0.52,-0.1461800604333409,0.3298130022101131,0.1941939351464328,0.475993062643454,,,,,4240.0,,4240.0,1607.506,1609.7854,1664.7651,6825490096.0,7058604024.0,0.3419844912169647,1.1998739,1607.506,1609.7854,1664.7651,6825490096.0,7058604024.0,0.3419844912169647,1.1998739,0.0374064855277538,0.040200975,-1032146.0,-0.030999748,14.842080116271973,20.064231872558597,,,,,,,電子零組件業,電子零組件業,,,⚠️期望值高但勝率偏低，屬高波動博弈,,,,CAUTION,LIMIT_20D_TOP10_AND_BLOCK_T1,market_not_fully_open,0.453397,34861.160156,33396.120508,32601.572428,2026-04-10,OK,ALLOW_T1_AND_DUAL,BLOCKED,True,MARKET_REGIME_CAUTION,False,False,False,False,DISABLED,20d_only_research_backfill,predictions_alpha_cls_new_2026-04-09.csv,T1_DISABLED
2026-04-09,2313,NONE,20D_only,20D_only,0,0.0,0,20,,建議買進,,DOWN,0.0015902283193546,-0.0084097720682621,0.0003180456638709,0.0004009187539459,True,v1,-0.0084097720682621,0.009999999776482582,0.009999999776482582,0.0,0.009999999776482582,0.0,0.0,False,False,gap_risk,0.6385985,0.93858844,68.0,absolute,0.52,-0.1517570456448143,0.3341939216648792,0.1798551110254273,0.4859509673096935,,,,,281.5,,281.5,98731.11,109750.32,103235.92,30894715980.8,29060912197.825,0.4762179451594621,1.2793247,98731.11,109750.32,103235.92,30894715980.8,29060912197.825,0.4762179451594621,1.2793247,0.0,0.035374425,632231.0,0.00030620687,4.941655158996582,9.70605754852295,,,,,,,電子零組件業,電子零組件業,,,⚠️期望值高但勝率偏低，屬高波動博弈,,,,CAUTION,LIMIT_20D_TOP10_AND_BLOCK_T1,market_not_fully_open,0.453397,34861.160156,33396.120508,32601.572428,2026-04-10,OK,ALLOW_T1_AND_DUAL,BLOCKED,True,OVERHEAT_RISK,False,False,False,False,DISABLED,20d_only_research_backfill,predictions_alpha_cls_new_2026-04-09.csv,T1_DISABLED
