ticker,source_date,pred_return_20d,operating_margin_latest
5371,2026-08-21,-0.08871924527043303,-0.0116
8183,2026-09-22,-0.10914337613752215,0.0273
2323,2026-09-30,-0.11623371080728169,0.0473
4155,2026-10-06,0.06279282784568412,0.1363
6167,2026-10-06,0.08067455182632002,-0.121700004
6173,2026-10-06,-0.041959196232409166,0.21450001
3625,2026-10-07,-0.11084023102386088,-0.3464
5521,2026-10-08,-0.001913425012696873,0.0493
5519,2026-10-08,0.0066313222546790385,0.1933
5515,2026-10-08,-0.007413272648455016,0.12560001
5508,2026-10-08,-0.009688423515594145,0.3028
5498,2026-10-08,0.012195797146785467,0.0643
5490,2026-10-08,0.033467549083962767,0.1594
5483,2026-10-08,0.016417548267713383,0.11229999
5484,2026-10-08,0.006890515237126611,-0.0725
5522,2026-10-08,-0.05924832213991383,0.23709999
5475,2026-10-08,0.004827238710355873,0.17959999
5471,2026-10-08,0.04205481715481487,0.102
5469,2026-10-08,0.028960838063100108,0.0735
5488,2026-10-08,0.04845422876491495,0.0369
5530,2026-10-08,0.33839069122592463,0.2624
5607,2026-10-08,-0.018703497972278813,0.4585
5536,2026-10-08,-0.040741829346601276,0.17709999
5468,2026-10-08,0.02172317862838345,0.08930001
5608,2026-10-08,-0.0102888931342522,0.087
5864,2026-10-08,0.008059320861386837,
5871,2026-10-08,-0.00115280978998455,0.31239998
5876,2026-10-08,-0.006755207047626989,
5880,2026-10-08,0.007082846594305758,
5904,2026-10-08,-0.05823150612773067,0.16379999
6005,2026-10-08,0.0038574098402241945,
6015,2026-10-08,0.025747383526351038,
6016,2026-10-08,0.04396122627542766,
6023,2026-10-08,-0.055394279251950486,
6024,2026-10-08,-0.04139868906920774,
5534,2026-10-08,-0.05447058866540155,0.1745
5465,2026-10-08,0.039094088378763554,0.083100006
5452,2026-10-08,0.03656996025379332,0.051
5457,2026-10-08,0.007852824702094263,0.0042
5258,2026-10-08,0.05560601410619605,0.0344
5269,2026-10-08,0.006355129900660328,0.2341
5274,2026-10-08,-0.0186278469071024,0.53360003
5284,2026-10-08,-0.021734407071775066,0.2401
5285,2026-10-08,0.048440791391597265,0.09770001
5289,2026-10-08,0.05035895784239594,0.56130004
5291,2026-10-08,0.013056029548080795,0.07
5299,2026-10-08,0.006811829401839864,0.12020001
5309,2026-10-08,-0.041998254682331315,-0.0541
5314,2026-10-08,0.07738736146016269,0.125
5321,2026-10-08,-0.00494963131256993,-0.0437
5324,2026-10-08,0.045071324272444646,0.0209
5328,2026-10-08,0.004826258696594283,0.0254
5464,2026-10-08,0.006914109139091723,-0.090299994
5340,2026-10-08,-0.024109418147405238,0.1742
5351,2026-10-08,0.05325415875710406,0.3067
5381,2026-10-08,0.017809832024765673,0.18100001
5386,2026-10-08,0.04764180933589559,0.1989
5388,2026-10-08,-0.009209169478752137,0.0313
5392,2026-10-08,0.012519883777951218,-0.0112
5410,2026-10-08,0.032277651391237755,0.0713
5425,2026-10-08,0.0733784175274146,0.089899994
5426,2026-10-08,0.008149458951861008,0.0785
5434,2026-10-08,-0.027594454663584508,0.074
5439,2026-10-08,-0.01191079813212271,0.1578
5443,2026-10-08,0.025928593250042244,0.0592
5450,2026-10-08,0.07701743836039347,0.0405
6026,2026-10-08,-0.002156622571908195,
5347,2026-10-08,0.04093645688412083,0.1863
6101,2026-10-08,0.0022240725735564095,0.1046
6112,2026-10-08,0.025745380758866582,0.0363
6108,2026-10-08,0.031231390606152012,-0.0804
6177,2026-10-08,-0.0573285656570959,0.3566
6179,2026-10-08,0.04217498887213415,0.0832
6180,2026-10-08,0.05971198737085441,-0.016
6182,2026-10-08,0.0177921707563044,0.0225
6186,2026-10-08,-0.004198444408676089,0.1498
6187,2026-10-08,-0.041899399974693774,0.295
6188,2026-10-08,-0.021234857129561684,0.048899997
6189,2026-10-08,0.006530427207481912,0.0479
6190,2026-10-08,0.02536318247450661,0.0648
6191,2026-10-08,0.017403160340721875,0.076
6196,2026-10-08,-0.02368535024088206,0.0865
6197,2026-10-08,-0.025357727683217694,0.22770001
6199,2026-10-08,0.02531673711440139,0.3568
6176,2026-10-08,0.03775375072911893,0.1012
6202,2026-10-08,0.04954723821209526,0.1126
6205,2026-10-08,0.003932947707023881,0.091800004
6206,2026-10-08,0.07209258079214462,0.2965
6207,2026-10-08,0.016208976556245532,0.056500003
6208,2026-10-08,0.06777423957972657,0.083500005
6209,2026-10-08,0.0323198682536889,0.1337
6213,2026-10-08,-0.08467467978643199,0.1099
6214,2026-10-08,-0.005397516253661452,0.042600002
6215,2026-10-08,0.014560109065995858,0.111
6217,2026-10-08,-0.005752716057784014,-0.0128
6218,2026-10-08,0.03679737267275596,0.0661
6221,2026-10-08,0.04228186585010179,0.121199995
6223,2026-10-08,-0.03342177032685738,0.33540002
6224,2026-10-08,0.03863124285708494,0.071100004
6204,2026-10-08,-0.0026058083182849716,0.0792
6104,2026-10-08,0.035510833345058286,0.1392
6175,2026-10-08,0.04095687568216472,0.1392
6168,2026-10-08,0.11169698506014644,-0.0039
5244,2026-10-08,-0.039344579801503174,-0.1671
6116,2026-10-08,0.025560191038618712,-0.1524
6117,2026-10-08,0.017646585282915423,0.1433
6120,2026-10-08,0.047168676703935326,-0.0357
6121,2026-10-08,0.008667350978153953,0.1149
6122,2026-10-08,0.02634249548748984,0.1087
6125,2026-10-08,0.06232105877931818,-0.0968
6126,2026-10-08,0.04399381328572016,0.0556
6127,2026-10-08,-0.01050110986352071,-0.2326
6129,2026-10-08,0.017505953623194022,-0.1145
6133,2026-10-08,0.017195973001306306,0.115100004
6138,2026-10-08,0.023506026253475917,0.19700001
6139,2026-10-08,0.0019659839046939093,0.18190001
6174,2026-10-08,-0.05439418167393605,0.12979999
6140,2026-10-08,0.019106751040350294,0.015800001
6143,2026-10-08,-0.0005244399950608595,0.104499996
6146,2026-10-08,0.00599797302790146,0.30969998
6147,2026-10-08,-0.0003623259849748622,0.1668
6148,2026-10-08,0.028535741116029956,0.0339
6150,2026-10-08,0.040127976111819834,0.0671
6152,2026-10-08,0.06371883723008614,-0.0162
6153,2026-10-08,0.0549987164044515,-0.24159999
6155,2026-10-08,-0.011935525009964884,0.0888
6156,2026-10-08,0.02367606547505102,0.0139999995
6163,2026-10-08,0.007022524543502682,-0.0092
6164,2026-10-08,0.02332592835243775,0.0086
6165,2026-10-08,0.004280884600075543,0.1172
6166,2026-10-08,0.06270280466015085,0.113800004
6141,2026-10-08,0.04732614630519815,-0.0879
5243,2026-10-08,0.00020495683132999904,0.1149
5227,2026-10-08,-0.001716822764531938,-1.0
5230,2026-10-08,0.04845963727748415,-0.0155
4108,2026-10-08,0.07642791177607658,-1.0
4114,2026-10-08,-0.011720356146323867,0.114700004
4123,2026-10-08,0.0290510566368222,0.5198
4127,2026-10-08,0.03955052567758277,0.0718
4128,2026-10-08,-0.002013661744686677,-0.2733
4133,2026-10-08,-0.007752176251986279,0.0987
4142,2026-10-08,-0.013319695563372494,-1.0
4147,2026-10-08,-0.026314270281763506,-0.22489999
4162,2026-10-08,-0.010335002797527535,0.49490002
4164,2026-10-08,0.0342113288972274,0.073699996
4167,2026-10-08,-0.0011620069644316102,0.0672
4174,2026-10-08,-0.022929161800071228,-1.0
4303,2026-10-08,-0.009492612884340675,0.0088
4105,2026-10-08,-0.026393023318388227,0.3078
4306,2026-10-08,0.013394205729734444,0.0616
4442,2026-10-08,0.004263091150987596,0.11350001
4503,2026-10-08,0.014041513341254544,0.23959999
4510,2026-10-08,0.026246523219223467,-0.0698
4513,2026-10-08,0.008133474555731586,-0.0026
4526,2026-10-08,0.02709186847760501,-0.097600006
4532,2026-10-08,0.027326267470019528,0.0571
4533,2026-10-08,-0.00876982250018449,-0.0256
4534,2026-10-08,-0.007152062974955907,-0.005
4540,2026-10-08,-0.007369418737624919,0.0045
4541,2026-10-08,0.02205315949263004,0.1598
4542,2026-10-08,0.02825702807763464,0.1185
4551,2026-10-08,-0.02499917825842903,0.144
4556,2026-10-08,-0.04360964289587387,0.0708
4416,2026-10-08,0.02709765829408202,0.5216
4560,2026-10-08,-0.00596186354433587,0.1421
3717,2026-10-08,0.008987529513682892,0.077199996
3715,2026-10-08,-0.019552666202317742,0.015800001
3624,2026-10-08,-0.004115244611744893,0.16149999
3630,2026-10-08,0.02736533339087282,-0.1378
3645,2026-10-08,0.05465983780674247,0.21260001
3652,2026-10-08,0.029609554152840386,0.069299996
3653,2026-10-08,0.002067168821107768,0.3534
3661,2026-10-08,-0.026373463877122194,0.2549
3663,2026-10-08,0.046758785936956385,0.015800001
3665,2026-10-08,-0.009425625934697474,0.1612
3669,2026-10-08,0.0264406344260078,0.103999995
3673,2026-10-08,0.052150140912481054,-0.014099999
3675,2026-10-08,-0.016757729876616365,0.16389999
3680,2026-10-08,-0.011398505689159504,0.16540001
3685,2026-10-08,-0.03304196407868231,0.1062
3716,2026-10-08,-0.007344688871259002,0.0686
3689,2026-10-08,0.010672427482862663,0.1245
3693,2026-10-08,0.07290263272267479,0.1027
3694,2026-10-08,0.008985853951572689,0.0414
3701,2026-10-08,-0.08725416558046019,-0.0866
3702,2026-10-08,0.02259165158579183,0.026400002
3703,2026-10-08,0.004246118863387274,0.0541
3704,2026-10-08,0.040208862008998564,0.0546
3706,2026-10-08,-0.024360094268105228,0.0396
3707,2026-10-08,-0.006486638258898937,-0.0218
3708,2026-10-08,-0.01637920979444424,-0.078099996
3709,2026-10-08,0.018945536456948124,0.040700004
3711,2026-10-08,-0.007570535870799048,0.105900005
3712,2026-10-08,0.076806384238791,0.0879
3714,2026-10-08,0.029679752118056388,-0.0592
3691,2026-10-08,-0.00014567882560885507,0.0505
4561,2026-10-08,-0.0023269368707380038,0.1301
4564,2026-10-08,0.02060642624499548,-0.4573
4566,2026-10-08,0.0085383267859427,0.042600002
4934,2026-10-08,-0.006703242164080721,-1.0
4938,2026-10-08,-0.008782006462060968,0.0136
4939,2026-10-08,0.01873101497773928,0.070199996
4949,2026-10-08,0.06296752596018468,0.1297
4951,2026-10-08,0.050032257107249456,0.3109
4952,2026-10-08,0.07659131931671745,0.129
4956,2026-10-08,0.051192696739961116,0.0273
4958,2026-10-08,-8.78275183324557e-05,0.070300005
4960,2026-10-08,0.01492071471027723,-0.1265
4961,2026-10-08,0.007730792452836331,0.0797
4966,2026-10-08,0.017726658517022223,0.1379
4967,2026-10-08,0.027362536596948015,0.35939997
4968,2026-10-08,0.001951840337460692,0.0327
4931,2026-10-08,0.0875378470364522,0.1396
4971,2026-10-08,-0.021271795272673137,0.2008
4976,2026-10-08,0.1335818961834115,-0.5057
4977,2026-10-08,-0.01863167640094506,-0.068
4979,2026-10-08,-0.004451026300277419,0.19620001
4989,2026-10-08,0.017779286556957916,-0.0511
4991,2026-10-08,-0.021953927144880665,0.1887
5009,2026-10-08,-0.002241655489291174,0.115100004
5011,2026-10-08,0.03767615959127045,0.0295
5014,2026-10-08,0.06016654839436671,0.021
5202,2026-10-08,0.02530854237577983,-0.5197
5222,2026-10-08,0.029309567099746022,0.16700001
5225,2026-10-08,-0.019671528154420317,0.026099999
6226,2026-10-08,0.027321081802353778,-0.041100003
5228,2026-10-08,-0.03180419095109882,0.1767
4973,2026-10-08,0.01701674465679973,0.2687
4927,2026-10-08,0.03997707725899765,-0.2281
4923,2026-10-08,0.03210142744260774,0.0023999999
4919,2026-10-08,0.03525249100168704,-0.0279
4576,2026-10-08,-0.004310564488815045,0.1735
4577,2026-10-08,0.01493813784730765,0.013099999
4590,2026-10-08,-0.014825757679404035,-0.0461
4707,2026-10-08,0.03827943570240051,-0.0403
4714,2026-10-08,0.021328841058427004,-0.0184
4716,2026-10-08,0.03453965599267873,-0.11310001
4720,2026-10-08,0.0047300182364441055,0.0127
4721,2026-10-08,0.015851940362237537,0.2044
4722,2026-10-08,0.015554341636826103,0.0795
4736,2026-10-08,-0.03242202437175664,0.19540001
4739,2026-10-08,-0.011722321889782297,0.12560001
4743,2026-10-08,-0.021957889224879568,-1.0
4746,2026-10-08,-0.0018331473435226878,0.1089
4749,2026-10-08,-0.008353653314679162,0.2514
4755,2026-10-08,0.007744933868247344,0.1078
4760,2026-10-08,-0.05348493809851452,0.139
4763,2026-10-08,-0.0066213997794958256,0.4168
4764,2026-10-08,0.02263441120832815,0.14739999
4768,2026-10-08,-0.015728246671566637,-0.0275
4770,2026-10-08,-0.03636943158113497,0.2158
4772,2026-10-08,-0.03736362083511075,0.407
4903,2026-10-08,-0.045345006827789316,0.033800002
4904,2026-10-08,0.03350122912722966,0.1757
4906,2026-10-08,0.030433237464058283,-0.0477
4908,2026-10-08,-0.012127217174355885,0.24129999
4909,2026-10-08,0.009098107615816168,-0.5476
4912,2026-10-08,0.017356988181178812,0.060300004
4915,2026-10-08,-0.01840010609326427,0.0403
4916,2026-10-08,0.005553406421394585,0.091400005
5234,2026-10-08,0.0021722221428676124,0.2009
6227,2026-10-08,0.009324698440725867,0.059299998
6235,2026-10-08,-0.02844969717758777,0.0583
6234,2026-10-08,0.01769958005138023,-0.0166
7795,2026-10-08,-0.045976971059343195,0.15640001
7799,2026-10-08,-0.11542837909617189,-1.0
8011,2026-10-08,0.04345685619648839,0.070199996
8016,2026-10-08,0.030205485363219903,0.1418
8021,2026-10-08,-0.02703188462711391,0.2471
8027,2026-10-08,-0.02682747232126892,-0.086899996
8028,2026-10-08,0.0019040322281493982,0.2573
8033,2026-10-08,-0.001967995482340844,-0.0026
8039,2026-10-08,-0.04199904739491693,0.0625
8040,2026-10-08,0.0207315686600071,0.049099997
8042,2026-10-08,-0.03614720342062159,0.0774
8043,2026-10-08,0.01849917627624514,0.025999999
8044,2026-10-08,0.010965953377766118,0.0063
7792,2026-10-08,-0.011302912607727277,0.13270001
8046,2026-10-08,-0.023256904442838705,0.1718
8054,2026-10-08,0.026069218113734655,-0.0537
8064,2026-10-08,0.04245809796617918,0.0515
8069,2026-10-08,-0.017856706420658234,0.33720002
8070,2026-10-08,0.004635056762277492,0.1201
8071,2026-10-08,0.04417247930362496,-0.014199999
8074,2026-10-08,0.05464492640212362,0.115200005
8076,2026-10-08,-0.004047139851714303,0.111999996
8081,2026-10-08,-0.008242201691725057,0.189
8084,2026-10-08,0.16618399078316856,-0.0072000003
8085,2026-10-08,0.006264182917089593,-0.1714
8086,2026-10-08,-0.03344230907874427,0.2475
8088,2026-10-08,0.035464038941862494,0.0888
8091,2026-10-08,0.018734926878566108,0.2341
8050,2026-10-08,0.020475086201212505,0.0583
8096,2026-10-08,0.05527635301171119,0.022
7788,2026-10-08,-0.004795145900717184,0.1254
7777,2026-10-08,0.020149898361688765,0.8742
6869,2026-10-08,0.04306652320203772,0.0311
6873,2026-10-08,0.0035986100605645568,0.0364
6885,2026-10-08,-0.026011237666123576,-1.0
6890,2026-10-08,-0.02060513079301421,0.0773
6901,2026-10-08,0.015960556644681434,0.97650003
6903,2026-10-08,-0.013751386051368332,0.2883
6907,2026-10-08,0.014341010439531156,0.1578
6909,2026-10-08,0.035992381543550805,0.030299999
6913,2026-10-08,0.04062430212330581,0.1378
6919,2026-10-08,-0.028970835837231965,-1.0
6933,2026-10-08,0.11073145866520659,0.1007
6937,2026-10-08,-0.008871793019821234,0.1467
6944,2026-10-08,-0.07835569959885773,0.23200001
7780,2026-10-08,0.023821830957076007,0.1732
6949,2026-10-08,0.10534051887319483,-1.0
6962,2026-10-08,0.059386848730201315,-0.0155
6969,2026-10-08,0.03196293569832151,0.0433
6994,2026-10-08,0.011707664444570243,0.046
7402,2026-10-08,0.05062769818747034,-0.0429
7610,2026-10-08,-0.03098803014762738,0.6323
7711,2026-10-08,0.0004808244174565052,0.0963
7712,2026-10-08,0.05407942842956138,0.1702
7714,2026-10-08,0.012293266787158792,0.0867
7717,2026-10-08,0.01044152866167397,0.2539
7734,2026-10-08,-0.01898743949366354,0.5325
7750,2026-10-08,-0.007112807012516358,0.2776
7751,2026-10-08,-0.017971897184466873,0.33810002
7769,2026-10-08,-0.0063649102865801725,0.49130002
6957,2026-10-08,-0.056535294847410135,0.1074
6861,2026-10-08,-0.037839636232062566,0.1181
8103,2026-10-08,0.004630852453910481,0.1532
8105,2026-10-08,0.028020703020651794,0.012
8431,2026-10-08,0.022571608492604617,-0.23040001
8436,2026-10-08,-0.02298628211400824,0.18090001
8438,2026-10-08,0.04168086487401531,0.0809
8454,2026-10-08,-0.008049366098749608,0.0294
8464,2026-10-08,-0.019891078213779664,0.2766
8473,2026-10-08,0.06222325093704178,0.2641
8476,2026-10-08,0.0024048898305234763,0.0587
8926,2026-10-08,0.02820424223738173,0.08180001
8932,2026-10-08,-0.002999775980266299,0.44529998
8936,2026-10-08,-0.008386236320617116,0.1911
8996,2026-10-08,0.012985571195800993,0.1758
9802,2026-10-08,-0.02735870064151552,0.050300002
9904,2026-10-08,-0.006835632044351415,0.0225
8422,2026-10-08,-0.013333791791100327,0.2767
9907,2026-10-08,0.03635311401192609,0.0431
9914,2026-10-08,-0.010076373605113676,0.085
9917,2026-10-08,0.008666512869640946,0.17459999
9919,2026-10-08,0.01900233949560369,-0.19510001
9921,2026-10-08,0.030769533709213637,0.0277
9925,2026-10-08,0.04829116191307725,0.09810001
9933,2026-10-08,0.05134410632479748,0.105
9935,2026-10-08,-0.009070949957262986,0.1162
9938,2026-10-08,-0.012233658879634113,0.115
9939,2026-10-08,0.012670314437882286,0.16209999
9940,2026-10-08,0.04161511629986674,0.098900005
9941,2026-10-08,-0.012680390164981034,0.14770001
9945,2026-10-08,-0.013924406384942904,0.201
9946,2026-10-08,0.011037841362557812,0.45270002
9910,2026-10-08,-0.019625030737380648,0.0499
8104,2026-10-08,0.06629895600966021,0.0064
8421,2026-10-08,0.041547168937239864,0.0481
8404,2026-10-08,0.0808996602917608,0.098500006
8109,2026-10-08,-0.014210918016436511,0.36049998
8110,2026-10-08,0.014659659310844576,0.0274
8111,2026-10-08,-0.04640011993511721,0.0098
8112,2026-10-08,0.10078368032999772,0.031600002
8114,2026-10-08,0.0267330365114947,0.18270001
8121,2026-10-08,0.017185598903809263,0.011
8131,2026-10-08,0.016302088057953645,0.15720001
8147,2026-10-08,0.040775154769373996,0.09020001
8150,2026-10-08,0.03621637095269843,0.1025
8155,2026-10-08,-0.014832444122782583,0.144
8163,2026-10-08,0.2385882913926193,0.0168
8182,2026-10-08,0.04563297878231958,0.003
8210,2026-10-08,-0.011312131291210503,0.2482
8415,2026-10-08,0.034747354974147264,0.2186
8213,2026-10-08,-0.01079160171276776,0.0354
8222,2026-10-08,0.0368610674268551,0.14840001
8227,2026-10-08,-0.05950102573142886,0.0726
8234,2026-10-08,0.030885342092076443,-0.012999999
8240,2026-10-08,0.003803901956499658,0.0235
8255,2026-10-08,-0.014330137803838358,0.0638
8261,2026-10-08,0.01812069561941297,0.23889999
8271,2026-10-08,0.0068512980027488025,0.3473
8289,2026-10-08,-0.012991913443534099,0.053400002
8299,2026-10-08,-0.012950121412554326,0.3786
8358,2026-10-08,0.008788372458769537,0.2499
8374,2026-10-08,0.016604628140650796,0.0793
8383,2026-10-08,0.04453298307528099,0.1497
8390,2026-10-08,-0.009489935250754108,0.2218
8215,2026-10-08,0.03265454841258958,-0.036199998
6854,2026-10-08,-0.06253609973374082,-1.0
6840,2026-10-08,0.04687062692808602,0.0735
6834,2026-10-08,-0.01129728613678855,0.108500004
6416,2026-10-08,0.01936462407078146,0.1149
6419,2026-10-08,0.011637609223912777,0.0748
6425,2026-10-08,0.004384546457838744,0.0249
6426,2026-10-08,-0.007759882443216064,0.2607
6432,2026-10-08,0.04352306108300946,0.0345
6435,2026-10-08,0.03837162874841346,0.1598
6438,2026-10-08,-0.0036280828147403407,0.112399995
6442,2026-10-08,-0.02596999385476323,0.29659998
6443,2026-10-08,0.010716232276251491,-0.4427
6446,2026-10-08,-0.05198687681694277,0.4377
6449,2026-10-08,-0.024021543211621744,0.1733
6451,2026-10-08,-0.007972758004732773,-0.007900001
6456,2026-10-08,0.02475331104270466,-0.0423
6415,2026-10-08,-0.011226392844884936,0.1043
6462,2026-10-08,0.030344706492764308,-0.21700001
6472,2026-10-08,-0.009830606938603234,0.14109999
6477,2026-10-08,0.06311232661487266,0.19690001
6485,2026-10-08,0.015022165038678727,-0.0795
6488,2026-10-08,0.01783949754902543,0.099300005
6491,2026-10-08,-0.019646565163421465,0.2818
6492,2026-10-08,-0.0026183531680436245,-1.0
6499,2026-10-08,-0.09040203780610248,-1.0
6505,2026-10-08,-0.018383554270185565,0.1374
6509,2026-10-08,0.04372102973838621,0.214
6510,2026-10-08,-0.0013170874792441706,0.32259998
6515,2026-10-08,0.02184669144251147,0.2463
6517,2026-10-08,0.023120428837264093,0.1268
6525,2026-10-08,0.0691703072526808,0.21200001
6469,2026-10-08,-0.024892522208428206,0.0234
6526,2026-10-08,-0.008873439685090639,0.1498
6414,2026-10-08,0.00412443690433177,0.0547
6411,2026-10-08,0.03445725792182216,0.042
3622,2026-10-08,-0.010413515189936178,0.2164
6237,2026-10-08,0.028897033290747234,-0.1274
6239,2026-10-08,-0.017650293299429957,0.1416
6241,2026-10-08,0.014277703954850266,0.0639
6243,2026-10-08,0.02273696941609327,-0.3346
6244,2026-10-08,0.02679392810900322,0.0859
6245,2026-10-08,0.01948485855775827,0.081499994
6257,2026-10-08,0.022976853103301453,0.2409
6259,2026-10-08,0.04857245329305113,0.0583
6261,2026-10-08,0.02536355975517944,0.101
6265,2026-10-08,0.049497613139397746,0.33560002
6269,2026-10-08,0.014809897274929092,-0.1568
6270,2026-10-08,0.004623467572619731,0.0231
6412,2026-10-08,0.045966396417696655,0.0327
6271,2026-10-08,0.04039291880520796,0.1616
6274,2026-10-08,-0.03676602720154106,0.21290001
6275,2026-10-08,0.0024146384701843222,0.0355
6277,2026-10-08,0.03774469267887824,0.155
6278,2026-10-08,0.042340945045700816,0.0598
6279,2026-10-08,-0.01291553401549404,0.1154
6282,2026-10-08,0.03523936639700341,0.0216
6284,2026-10-08,0.0056175710566682665,0.0551
6285,2026-10-08,-0.0069844819630885645,0.05
6290,2026-10-08,0.00979194699391403,0.1785
6291,2026-10-08,0.027647365416281953,0.24290001
6292,2026-10-08,0.01410876515904251,0.1449
6405,2026-10-08,0.012665125173861438,-1.0
6409,2026-10-08,0.01924658011654588,0.18110001
6272,2026-10-08,-0.002039586012684438,0.0093
6530,2026-10-08,0.08907139677502128,0.2721
6531,2026-10-08,-0.06609669088228398,0.2944
6532,2026-10-08,0.019742280628190192,0.2517
6689,2026-10-08,0.016393214793745992,0.0064999997
6691,2026-10-08,-0.02188881371014489,0.16219999
6693,2026-10-08,0.05026495464793202,0.1494
6695,2026-10-08,-0.04745395754370894,-0.36110002
6706,2026-10-08,0.021096725905098045,-0.8496
6712,2026-10-08,-0.015831474068913137,0.4518
6715,2026-10-08,-0.018016002360202645,0.0677
6716,2026-10-08,0.026671190908087998,0.1713
6719,2026-10-08,0.021820786183543734,0.1785
6727,2026-10-08,-0.02398671302354873,0.1586
6739,2026-10-08,-0.024549697691718105,0.5857
6742,2026-10-08,-0.004346580598457868,-0.38959998
6743,2026-10-08,0.09269083665843222,0.0418
6683,2026-10-08,-0.020337342460739524,0.2883
6753,2026-10-08,-0.004937612716642407,0.342
6761,2026-10-08,0.021378025256431597,0.1545
6768,2026-10-08,-0.01913030607601394,0.059299998
6770,2026-10-08,0.03368119890082145,0.5803
6781,2026-10-08,0.002404856544967067,0.2576
6782,2026-10-08,0.02666734411618474,0.2903
6788,2026-10-08,0.002383416439635788,0.3489
6789,2026-10-08,-0.012416208242589955,0.21040002
6799,2026-10-08,0.02167340146684631,0.2142
6805,2026-10-08,0.0015910362452577875,0.2731
6811,2026-10-08,-0.02708184974730933,0.0825
6829,2026-10-08,0.041006765572735075,0.17629999
6830,2026-10-08,-0.055939061229002926,0.006
6831,2026-10-08,-0.0007860056196170325,0.088599995
6757,2026-10-08,0.03735525964536524,0.2051
6679,2026-10-08,-0.009340708717366896,0.24370001
6672,2026-10-08,-0.027252084324144388,0.1455
6670,2026-10-08,-0.03433313843614842,0.1525
6533,2026-10-08,-0.023329634367825355,-0.3439
6535,2026-10-08,-0.03250965177937866,-1.0
6538,2026-10-08,-0.026689835964495513,0.1385
6541,2026-10-08,-0.06671158479779254,-1.0
6546,2026-10-08,0.03867277591482822,0.1247
6547,2026-10-08,-0.017664534096526893,-0.0477
6548,2026-10-08,0.012567984029244708,0.1432
6550,2026-10-08,-0.09287447821107415,-1.0
6573,2026-10-08,0.09896397440434304,-0.1349
6579,2026-10-08,-0.008908277526777477,0.102
6584,2026-10-08,-0.029412959976550947,0.2958
6585,2026-10-08,0.010920317097778267,0.25030002
6588,2026-10-08,0.027817884626778273,0.049000002
6589,2026-10-08,-0.05558356731720452,-0.65949994
6592,2026-10-08,-0.019925317829425086,0.1984
6598,2026-10-08,-0.006830290161779017,0.1008
6603,2026-10-08,0.005200322832392328,0.020599999
6605,2026-10-08,0.006374826669000554,0.16700001
6613,2026-10-08,-0.01955212596599336,0.1582
6617,2026-10-08,-0.05198998983293764,-1.0
6620,2026-10-08,0.04320159195469471,0.2539
6640,2026-10-08,0.04604587643847941,0.19299999
6642,2026-10-08,0.028090978488680238,0.2697
6643,2026-10-08,-0.05296549557452149,-0.1018
6658,2026-10-08,0.004269766612005828,0.1041
6664,2026-10-08,-0.026878410062656333,0.3402
6667,2026-10-08,-0.017045343407583274,0.1103
6668,2026-10-08,0.002053292164695276,-0.16530001
6669,2026-10-08,0.034561943410218475,0.0679
6231,2026-10-08,0.04624554111711659,0.22940001
3617,2026-10-08,-0.0022577013695758304,0.2232
3594,2026-10-08,0.0106677867868809,0.0019
3605,2026-10-08,0.0034476725136783713,0.0638
2308,2026-10-08,-0.032827211632798066,0.1722
2312,2026-10-08,0.037640829971606705,0.028199999
2313,2026-10-08,0.028576793925493473,0.098400004
2316,2026-10-08,-0.021680518463487397,-0.1196
2317,2026-10-08,-0.014837140852093988,0.0367
2324,2026-10-08,0.047221376333941134,0.0125
2327,2026-10-08,-0.026995424163950465,0.2585
2328,2026-10-08,0.045528572683390035,0.0
2329,2026-10-08,0.04182111568563075,0.0598
2330,2026-10-08,-0.005197090229152932,0.59290004
2331,2026-10-08,0.03383065492261847,0.0032
2332,2026-10-08,0.04480511559021735,0.0137
2337,2026-10-08,0.005160402915040923,0.36830002
2305,2026-10-08,-0.011569519788257682,0.173
2338,2026-10-08,0.019954124408219157,0.0007
2342,2026-10-08,0.032182474495026155,-0.0466
2344,2026-10-08,0.02103928747099947,0.4234
2345,2026-10-08,-0.012053102664152047,0.1472
2347,2026-10-08,-0.016197530773451322,0.0249
2348,2026-10-08,0.009507585390203894,0.1557
2349,2026-10-08,0.038828738711663174,0.0064999997
2351,2026-10-08,0.0037739556702542027,0.1082
2352,2026-10-08,0.01077224948365385,0.0128999995
2353,2026-10-08,0.037737325131143584,0.0164
2354,2026-10-08,0.0326546921911658,0.0128999995
2355,2026-10-08,0.03387376606619409,0.046
2356,2026-10-08,0.040003772118207326,0.0178
2357,2026-10-08,0.03458708054354582,0.0705
2340,2026-10-08,0.023194152141833208,-0.2214
2359,2026-10-08,0.05478330529910303,-0.0042
2303,2026-10-08,0.05307933454909358,0.2021
2301,2026-10-08,0.03203585192991822,0.128
2038,2026-10-08,0.056323539069797826,-0.010299999
2049,2026-10-08,-0.013148417050379889,0.119799994
2059,2026-10-08,0.011287462195142421,0.7705
2061,2026-10-08,0.037575080988330734,0.0584
2069,2026-10-08,0.033983063350277794,0.0761
2072,2026-10-08,-0.04537564906408899,0.2306
2101,2026-10-08,-0.002511531906904651,0.32650003
2102,2026-10-08,0.05659615355741622,-0.99660003
2103,2026-10-08,0.01885927733644759,0.1109
2104,2026-10-08,0.013837562669403204,-0.2042
2105,2026-10-08,0.004201109470973738,0.0996
2106,2026-10-08,0.07681324191575001,0.03
2107,2026-10-08,0.009579943248096854,0.26319999
2302,2026-10-08,0.027726173369779825,0.1417
2108,2026-10-08,-0.012372805544593817,0.16600001
2204,2026-10-08,-0.018012408473302606,0.0512
2206,2026-10-08,-0.0014138023674226902,0.0871
2207,2026-10-08,-0.04097892285490811,
2208,2026-10-08,-0.007792420798433745,-0.0953
2211,2026-10-08,-0.01689878207046877,0.2001
2221,2026-10-08,-0.08038326549776509,0.12550001
2231,2026-10-08,0.02940103303853543,0.0125
2233,2026-10-08,0.002639381480787612,0.1197
2236,2026-10-08,0.08413823777889713,0.0375
2241,2026-10-08,-0.05351513535196992,-0.082600005
2243,2026-10-08,-0.00513182517022125,0.024600001
2254,2026-10-08,0.021941433314235786,-1.0
2258,2026-10-08,0.05663844483113895,-0.86300004
2201,2026-10-08,0.022995844857152708,0.0968
2034,2026-10-08,0.0408291158582541,0.0317
2360,2026-10-08,-0.04018952340779344,0.39540002
2363,2026-10-08,0.01956262845327481,0.0552
2415,2026-10-08,0.050401248561407076,0.065
2417,2026-10-08,0.016498159827160023,0.0715
2419,2026-10-08,0.04192438336855468,0.0150999995
2420,2026-10-08,0.020583500214804124,0.32490003
2421,2026-10-08,0.022447616393040982,0.15560001
2425,2026-10-08,0.003191060642890928,0.0061000003
2426,2026-10-08,0.005391896697842084,0.0585
2427,2026-10-08,0.006126770795777084,0.0507
2428,2026-10-08,-0.0006942897489495122,0.22639999
2429,2026-10-08,0.045214902160834444,-0.3007
2434,2026-10-08,-0.020275628110517026,-1.0
2436,2026-10-08,0.035613682391626385,0.1177
2439,2026-10-08,-0.013435032818617671,0.0098
2414,2026-10-08,0.020306899222491608,0.028499998
2440,2026-10-08,0.06288544257166125,0.0182
2442,2026-10-08,-0.04568029423059224,0.19309999
2444,2026-10-08,0.030981229999892706,-0.3169
2449,2026-10-08,0.006336955678979177,0.2625
2451,2026-10-08,-0.013348416972129152,0.737
2453,2026-10-08,-0.019306261740664635,0.051999997
2454,2026-10-08,0.021658475438935943,0.1519
2455,2026-10-08,0.012602138782258583,0.234
2457,2026-10-08,0.032951712567054495,-0.059
2458,2026-10-08,0.04329525381092474,0.22950001
2460,2026-10-08,0.018480020781085436,0.0292
2461,2026-10-08,0.044252531443957785,0.0735
2464,2026-10-08,-0.0020985834412149173,0.0436
2465,2026-10-08,0.061348387524010714,0.0651
2441,2026-10-08,0.02773071583127213,0.2006
2362,2026-10-08,-0.006218063482328081,0.059299998
2413,2026-10-08,0.050415079966482444,0.0345
2409,2026-10-08,0.08476144903787156,-0.003
2364,2026-10-08,0.06383556954512265,0.16520001
2365,2026-10-08,0.036535417571078456,0.0547
2367,2026-10-08,0.0028201877475764687,-0.065
2368,2026-10-08,-0.03217860379158437,0.2662
2369,2026-10-08,0.00212049402969026,0.0321
2371,2026-10-08,0.038041188923539915,0.0456
2374,2026-10-08,0.026930953911183185,0.0983
2375,2026-10-08,0.02341333672684025,0.0744
2376,2026-10-08,0.030538440647509393,0.0623
2377,2026-10-08,0.007267542754669587,0.0674
2379,2026-10-08,-0.0134758162103808,0.1089
2382,2026-10-08,-0.01718774690897903,0.031
2383,2026-10-08,-0.03166467021451763,0.2472
2412,2026-10-08,-0.03212631729995975,0.2173
2385,2026-10-08,-0.006159413147052771,0.050300002
2388,2026-10-08,0.04683461631499228,-0.1521
2390,2026-10-08,0.04693835685780161,-0.078600004
2392,2026-10-08,-0.01693492405731837,0.0178
2393,2026-10-08,-0.004573433229037542,0.0854
2395,2026-10-08,0.024392914615555844,0.1904
2397,2026-10-08,0.02965579395563574,0.0675
2399,2026-10-08,0.009522444174633724,-0.122200005
2401,2026-10-08,0.0284206879816435,0.0983
2402,2026-10-08,0.03266959942413072,0.0436
2404,2026-10-08,0.0084329188593917,0.19790001
2405,2026-10-08,0.0017374794123519055,0.0044
2406,2026-10-08,-0.012177225717117116,0.049200002
2408,2026-10-08,0.0025122866104972663,0.6908
2387,2026-10-08,-0.0033623108621916534,0.0159
2033,2026-10-08,0.05806803840205811,0.0448
2032,2026-10-08,0.02551283468485911,0.076
2031,2026-10-08,0.04975811481300388,0.092700005
1402,2026-10-08,-0.022810514743764925,0.0775
1409,2026-10-08,0.049746881116975616,
1414,2026-10-08,0.04544981152982267,-0.0608
1416,2026-10-08,-0.0004270702575710622,0.0395
1434,2026-10-08,0.04216978437478338,0.0241
1436,2026-10-08,0.06718156995247508,0.32169998
1437,2026-10-08,-0.016314608818021947,0.5032
1440,2026-10-08,0.04461291971379625,-0.016900001
1442,2026-10-08,-0.010581842349897232,0.3661
1449,2026-10-08,0.026496934223132047,-0.0312
1455,2026-10-08,-0.002092736920293049,0.0273
1459,2026-10-08,0.02116284974087875,0.09770001
1466,2026-10-08,0.06870065809111431,0.0251
1342,2026-10-08,0.019922459476123165,0.1832
1476,2026-10-08,-0.051248728182841985,0.20959999
1503,2026-10-08,-0.008504957315853882,0.1479
1504,2026-10-08,0.008017689808587468,0.0949
1513,2026-10-08,-0.028473723677062232,0.1935
1514,2026-10-08,-0.009975810186227282,0.098400004
1515,2026-10-08,0.03609337037473921,-0.0126
1517,2026-10-08,0.014030292112786637,-0.16600001
1519,2026-10-08,0.02007803086257867,0.2168
1522,2026-10-08,0.012593478094082785,-0.0076
1524,2026-10-08,-0.01816552745178239,0.155
1526,2026-10-08,0.00946055712894896,-0.1668
1528,2026-10-08,0.01629424180737947,-0.0403
1529,2026-10-08,0.02729256325619819,0.1031
1532,2026-10-08,0.10691252154675594,0.0361
1477,2026-10-08,-0.03349837525939514,0.1444
1536,2026-10-08,0.047577073865341844,-0.120799996
1336,2026-10-08,0.07545050496852145,0.0256
1325,2026-10-08,-0.04782764353465386,-0.4276
1101,2026-10-08,0.02108506682640135,0.0725
1102,2026-10-08,-0.014536482695831661,0.0887
1103,2026-10-08,0.04602590694440815,0.013300001
1104,2026-10-08,-0.0008301093663708004,0.15359999
1108,2026-10-08,0.08615591864202242,0.0699
1110,2026-10-08,0.03980256694187569,0.088599995
1201,2026-10-08,0.0343955330068424,-0.0043
1210,2026-10-08,0.0005426314328816759,0.038900003
1215,2026-10-08,0.0022489714436679316,0.0926
1216,2026-10-08,0.04595817151645511,0.0586
1218,2026-10-08,0.05499897701878856,-0.01
1219,2026-10-08,0.10271953971879083,-0.028800001
1227,2026-10-08,0.021448250790783337,0.041500002
1326,2026-10-08,0.05123776886654604,0.0299
1229,2026-10-08,-0.007938444969238746,0.0777
1232,2026-10-08,0.045024347198843545,0.0836
1301,2026-10-08,0.07974482214514139,0.0177
1303,2026-10-08,-0.006479142907528287,0.0992
1304,2026-10-08,0.04322099319703452,-0.0107
1305,2026-10-08,-0.010270817855041161,0.00090000004
1307,2026-10-08,0.05143092907719026,0.1233
1308,2026-10-08,-0.0007153680725330812,0.0636
1309,2026-10-08,0.03549083181035392,-0.0704
1310,2026-10-08,0.006395729288984981,-0.0017
1312,2026-10-08,0.035718247742235504,-0.111499995
1313,2026-10-08,0.04378768706295251,0.0202
1316,2026-10-08,0.01467599909321664,0.0435
1319,2026-10-08,-0.015167781124601402,0.1576
1231,2026-10-08,0.015286975047169794,0.075
1560,2026-10-08,-0.016671479747743023,0.219
1563,2026-10-08,0.03312517683498378,0.0929
1568,2026-10-08,-0.00493936744735484,0.21149999
1732,2026-10-08,-0.0022593329468478837,0.0808
1734,2026-10-08,0.007214366232479894,0.1196
1736,2026-10-08,0.00610448087180561,0.075
1737,2026-10-08,0.015664747954811434,0.1266
1773,2026-10-08,0.035530806352562,0.2346
1785,2026-10-08,-4.2872842627693646e-05,0.1031
1789,2026-10-08,0.16422379551330665,-0.0425
1795,2026-10-08,-0.02822188671277136,0.2459
1802,2026-10-08,0.0629345499619121,0.104499996
1808,2026-10-08,-0.04607633928003005,0.2207
1809,2026-10-08,0.0055452779571481285,0.0101
1810,2026-10-08,0.022882750678173695,-0.1035
1815,2026-10-08,0.008475487445497035,0.2366
1727,2026-10-08,-0.010311517887505122,0.08939999
1904,2026-10-08,0.016914680471166562,0.0698
1907,2026-10-08,0.018090643119877747,0.0015
1909,2026-10-08,0.037130289482296394,0.0095999995
2002,2026-10-08,0.05266316465425831,0.018099999
2006,2026-10-08,0.004114722422361528,0.12100001
2009,2026-10-08,0.04760761443704732,0.103999995
2010,2026-10-08,0.017114361387359018,0.0789
2014,2026-10-08,0.015403939048233352,0.0116
2020,2026-10-08,0.055000445049931686,0.1597
2023,2026-10-08,0.05289356663385434,0.0128999995
2025,2026-10-08,-0.007067185934395384,0.1363
2027,2026-10-08,0.03155301204641312,0.19700001
2029,2026-10-08,0.046216921349503184,0.051799998
2030,2026-10-08,0.017487107858516503,0.1033
1905,2026-10-08,-0.004992769411963184,-0.075100005
1723,2026-10-08,-0.0011087250844801517,0.1462
1722,2026-10-08,-0.002459703440637831,0.048
1721,2026-10-08,0.029986777573738146,-0.1454
1569,2026-10-08,0.020686065622689674,-0.1066
1582,2026-10-08,0.0120264703852335,0.018099999
1584,2026-10-08,0.04437719263783804,0.0683
1586,2026-10-08,0.06254042377224385,0.0305
1590,2026-10-08,-0.022107343510050507,0.3422
1591,2026-10-08,-0.02433468458062593,-0.213
1595,2026-10-08,0.049113056354363104,-0.19770001
1597,2026-10-08,-0.016862585001804816,0.1596
1598,2026-10-08,0.038518674582348436,-0.024
1604,2026-10-08,0.0170924723598028,0.0558
1605,2026-10-08,0.027640680696409816,0.0139999995
1608,2026-10-08,0.03168989634517157,0.1042
1609,2026-10-08,0.037400420327755646,0.1294
1611,2026-10-08,-0.010373398304793455,0.060900003
1612,2026-10-08,0.012141786324137767,0.1277
1616,2026-10-08,0.008821263399385097,0.0581
1617,2026-10-08,-0.019451634249966737,0.0212
1618,2026-10-08,0.03789549844002011,0.2847
1707,2026-10-08,-0.017260781013974307,0.1596
1708,2026-10-08,0.015700798218580263,0.1649
1709,2026-10-08,0.03235503267805405,0.1924
1710,2026-10-08,0.056690136330249004,-0.016
1711,2026-10-08,0.008910536707908532,0.0355
1712,2026-10-08,0.08191633654906116,0.0825
1713,2026-10-08,0.03187599588955215,-0.093100004
1714,2026-10-08,0.003658503386946074,0.1149
1717,2026-10-08,0.041998687569140346,0.070300005
1718,2026-10-08,0.03678218913954249,
1720,2026-10-08,0.03477045065817137,0.2132
2466,2026-10-08,-0.014092683710558999,-0.121700004
2467,2026-10-08,-0.020044846238351986,0.2606
2468,2026-10-08,0.04850915343051514,0.0364
2472,2026-10-08,0.009231891984864671,0.2037
3227,2026-10-08,0.016388274004764593,0.18180001
3228,2026-10-08,0.01845483754070443,-0.42810002
3229,2026-10-08,0.0373964546014797,0.088199995
3230,2026-10-08,-0.004530291560512483,-0.41439998
3231,2026-10-08,0.025916691037382783,0.0359
3234,2026-10-08,0.006980781749448397,-0.15020001
3236,2026-10-08,0.005823092341973286,0.045300003
3257,2026-10-08,-0.0029404919270885595,0.0456
3260,2026-10-08,-0.011141947085456703,0.38979998
3264,2026-10-08,0.02979786821040726,0.2905
3265,2026-10-08,-0.012062222902356253,0.219
3284,2026-10-08,0.03625267908050158,0.0928
3287,2026-10-08,0.05912714397518689,0.16370001
3221,2026-10-08,0.04593441006267928,0.0646
3289,2026-10-08,0.018971300952607344,-0.0013
3293,2026-10-08,-0.04891627798635771,0.5905
3294,2026-10-08,0.023866230220452603,-0.1221
3297,2026-10-08,0.04435120886205298,-0.0762
3303,2026-10-08,0.01946440107663034,0.1702
3305,2026-10-08,-0.011254837934897689,0.1149
3311,2026-10-08,-0.027836982770197555,-0.0034999999
3312,2026-10-08,0.04108704048688647,0.028199999
3317,2026-10-08,0.030606991907031707,0.128
3322,2026-10-08,0.035106923457340726,-0.0746
3323,2026-10-08,0.0557119749817014,-0.0543
3324,2026-10-08,-0.020748482243094852,0.16870001
3338,2026-10-08,0.027285722361462372,0.026500002
3339,2026-10-08,0.06548072012287336,-0.36310002
3290,2026-10-08,0.02283677890170262,0.0011
3346,2026-10-08,0.0403405256631731,-0.0404
3219,2026-10-08,-0.0029473746926960372,0.2299
3213,2026-10-08,0.06426577884103732,0.2564
3052,2026-10-08,-0.03963443665671851,0.0506
3055,2026-10-08,-0.041117251125731405,-0.5153
3056,2026-10-08,0.010257271653309948,-0.095
3059,2026-10-08,0.03847531786697033,0.0646
3060,2026-10-08,0.025112391505563197,0.0473
3062,2026-10-08,0.020217386344983664,-0.145
3066,2026-10-08,0.05348269043397163,-0.2009
3078,2026-10-08,-0.02785217190398944,0.0699
3081,2026-10-08,-0.03515343580816941,0.445
3088,2026-10-08,0.037929597715288164,0.1229
3090,2026-10-08,0.007984733390576938,0.121199995
3093,2026-10-08,0.049659440281959406,0.0806
3094,2026-10-08,0.018907860183310626,0.1254
3217,2026-10-08,0.00983528163688956,0.296
3105,2026-10-08,0.01597893203520019,0.1191
3131,2026-10-08,-0.002569198830598838,0.173
3135,2026-10-08,0.017712669890408646,0.2031
3138,2026-10-08,0.0339061316948255,0.008
3141,2026-10-08,0.05085495173561673,0.115
3147,2026-10-08,-0.05000610990688493,0.0706
3149,2026-10-08,0.021082058224048485,-0.1748
3162,2026-10-08,0.014940018579167928,0.0064999997
3163,2026-10-08,-0.027272965994963958,0.0361
3167,2026-10-08,-0.028535974575115402,0.2448
3176,2026-10-08,0.004776354284353679,-0.0863
3189,2026-10-08,0.012973180801136427,0.1089
3209,2026-10-08,0.010623207781269482,0.0295
3211,2026-10-08,-0.022993747232740815,0.0945
3114,2026-10-08,0.031485819275068445,0.0365
3354,2026-10-08,0.00222035469767029,-0.4286
3356,2026-10-08,0.06336243150844378,0.0294
3357,2026-10-08,0.005863765071336689,0.16209999
3526,2026-10-08,-0.01706039553480651,0.31350002
3528,2026-10-08,0.03363854388129407,0.0853
3529,2026-10-08,-0.016507830337143058,0.6064
3532,2026-10-08,-0.02863038121108722,-0.0014
3533,2026-10-08,0.00342720575463696,0.2546
3535,2026-10-08,0.03622091005283951,0.1412
3537,2026-10-08,0.009164307955069869,0.0864
3540,2026-10-08,0.02836276623778633,0.0022
3543,2026-10-08,0.024557323796098946,-0.062
3545,2026-10-08,0.034585316767578964,-0.0592
3548,2026-10-08,-0.003703641809000588,-0.0292
3550,2026-10-08,0.012339714466079187,0.0334
3551,2026-10-08,0.017113632233225214,0.2156
3520,2026-10-08,0.03889655838866198,-0.0075
3552,2026-10-08,0.011692000829209978,-0.0574
3563,2026-10-08,-0.0015489031382688889,0.38880002
3564,2026-10-08,-0.015216049146300006,0.0088
3576,2026-10-08,0.056614080716684216,-0.5584
3577,2026-10-08,0.07054469837746716,0.3026
3580,2026-10-08,0.092350009782399,0.1593
3581,2026-10-08,0.04155744352977501,0.0616
3583,2026-10-08,0.0015658488070697829,0.14840001
3587,2026-10-08,0.02904815690889335,0.14770001
3588,2026-10-08,0.04830748038249341,0.075500004
3591,2026-10-08,-0.0007708007277006715,0.0363
3592,2026-10-08,0.011650911079995411,0.0523
9955,2026-10-08,0.02970879636662238,0.0005
3596,2026-10-08,-0.018828769020317992,0.0657
3556,2026-10-08,0.06330238888739252,0.1752
3518,2026-10-08,0.022221161459337297,-1.0
3515,2026-10-08,-0.0026192524168282302,0.0804
3508,2026-10-08,0.05512448179622475,-0.1559
3360,2026-10-08,-0.002649293573282491,0.0045
3362,2026-10-08,0.006935375130537996,-0.1521
3363,2026-10-08,-0.04351939081992747,-0.3058
3372,2026-10-08,0.025450206214670895,-0.0401
3374,2026-10-08,-0.007093505924578865,0.229
3376,2026-10-08,0.05301685211082459,-0.0184
3380,2026-10-08,0.09364341084150422,-0.0058
3388,2026-10-08,0.024569924597411957,0.081499994
3402,2026-10-08,0.01670045292055697,0.1172
3406,2026-10-08,-0.013026434898740677,0.18270001
3413,2026-10-08,0.01144870865699136,0.1262
3416,2026-10-08,0.030939431405420298,0.176
3430,2026-10-08,0.01661434998924887,0.1157
3437,2026-10-08,0.043907954565661225,-0.28530002
3441,2026-10-08,-0.07619685935931272,0.1722
3443,2026-10-08,-0.04363943716130266,0.1381
3444,2026-10-08,0.02146053837536552,0.0388
3450,2026-10-08,0.0015940903695433378,0.1821
3455,2026-10-08,-0.0009015921170222477,-0.1745
3467,2026-10-08,0.028812156964078184,0.0775
3479,2026-10-08,0.004598797100930926,0.0825
3481,2026-10-08,0.05270670515759004,0.024
3483,2026-10-08,0.049612100278949536,0.0044
3484,2026-10-08,0.009518459881925442,0.0664
3489,2026-10-08,-0.030822110480876887,0.0185
3490,2026-10-08,0.008677409765996756,-0.2589
3491,2026-10-08,-0.012139925111250338,0.2888
3498,2026-10-08,0.05336150247096326,0.216
3504,2026-10-08,0.05708729771372472,-0.015700001
3051,2026-10-08,-0.0057454938149584705,0.175
3615,2026-10-08,0.03820615624293065,-0.115600005
3050,2026-10-08,0.04801127899351744,-0.0315
3048,2026-10-08,0.04345070362330123,0.0225
2543,2026-10-08,-0.006631611015965285,0.1232
2545,2026-10-08,0.0043693073748415,0.1266
2546,2026-10-08,-0.004786024048715088,0.121700004
2548,2026-10-08,-0.05932257868595914,0.2015
2603,2026-10-08,-0.0029056170043072842,0.14770001
2605,2026-10-08,0.01840729366827628,0.33490002
2606,2026-10-08,-0.03930679746110041,0.2858
2607,2026-10-08,-0.010236433269914748,0.119399995
2608,2026-10-08,0.0024102322432699654,0.118599996
2609,2026-10-08,-0.013588062233500115,0.076
2610,2026-10-08,0.0021896652938849185,0.0753
2611,2026-10-08,-0.00035974782644169085,0.0881
2612,2026-10-08,0.008827785515728952,0.2556
2542,2026-10-08,-0.01992006130932187,0.2476
2613,2026-10-08,0.011696448090486202,0.0971
2615,2026-10-08,-0.005212112944782371,0.2216
2617,2026-10-08,-0.008358377506717715,0.4005
2618,2026-10-08,0.016169185748843122,0.1325
2630,2026-10-08,0.008546489947252845,0.0207
2633,2026-10-08,0.01177083886128764,0.4017
2634,2026-10-08,0.0293942060577623,0.0996
2636,2026-10-08,0.009336461763529038,0.0299
2637,2026-10-08,-0.028694529413634883,0.3336
2641,2026-10-08,-0.008760178637642826,0.3454
2645,2026-10-08,0.03816015208427425,0.2027
2646,2026-10-08,-0.04306316020512584,0.018099999
2723,2026-10-08,0.002285388223343689,0.090299994
2727,2026-10-08,-0.027019917337400976,0.0804
2614,2026-10-08,0.03643749621455718,0.0645
2731,2026-10-08,-0.004243809959065788,0.044299997
2540,2026-10-08,0.03523803485157716,0.025999999
2537,2026-10-08,-0.016482177158099586,0.1456
2474,2026-10-08,-0.02865884497687246,0.045100003
2476,2026-10-08,0.009168747306066524,0.19319999
2478,2026-10-08,-0.005888493150659961,0.1593
2480,2026-10-08,0.032171729701047834,0.12109999
2481,2026-10-08,0.05935393705848702,0.093100004
2482,2026-10-08,0.021124467849683682,-0.2693
2483,2026-10-08,0.06267259757317512,0.0138
2484,2026-10-08,0.012248239985152518,0.1026
2485,2026-10-08,0.02122436724942017,0.055999998
2486,2026-10-08,-0.0078050820154390325,0.0805
2489,2026-10-08,0.01766850543598311,0.0078
2491,2026-10-08,0.02666050137708826,-1.0
2492,2026-10-08,0.02426071208645668,0.09020001
2539,2026-10-08,-0.03959950006011716,0.406
2493,2026-10-08,-0.02464924583445648,0.1743
2497,2026-10-08,0.024201748480393605,0.086899996
2498,2026-10-08,0.05217926301234861,-0.89629996
2501,2026-10-08,0.004144081393472316,0.1598
2504,2026-10-08,-0.024856845604254676,0.2083
2505,2026-10-08,0.13756339118735245,0.0399
2515,2026-10-08,0.009540738963128006,0.0444
2520,2026-10-08,-0.010306313610030616,0.1825
2527,2026-10-08,0.019392609893159368,0.229
2528,2026-10-08,0.027196658825727155,0.2342
2530,2026-10-08,0.05666753378535852,-0.1993
2534,2026-10-08,0.055400994341704535,0.2289
2535,2026-10-08,0.017792144809833644,0.0912
2536,2026-10-08,-0.025221140974271108,0.1825
2495,2026-10-08,-0.012909568019001415,0.142
2801,2026-10-08,0.016273612879953242,
2812,2026-10-08,-0.005668002439481177,
2816,2026-10-08,-0.003125922428040664,
3013,2026-10-08,0.03277544625094486,0.13350001
3014,2026-10-08,0.0046114103357854,0.2848
3015,2026-10-08,0.010113363992940376,0.0056
3016,2026-10-08,-0.05577340236935821,0.1409
3017,2026-10-08,0.034177668850464395,0.2597
3019,2026-10-08,-0.0003086992152648835,0.090500005
3021,2026-10-08,0.09592672361758921,0.059299998
3022,2026-10-08,0.01769098301451763,0.0647
3023,2026-10-08,-0.005419016429810842,0.1095
3024,2026-10-08,0.031163089519218253,0.0066000004
3025,2026-10-08,0.015343321497412158,0.1698
3026,2026-10-08,-0.04586574715918698,0.1438
3028,2026-10-08,0.046951196424586394,0.0464
3010,2026-10-08,0.0015668971777952477,0.0404
3029,2026-10-08,0.02661986227348833,0.063200004
3031,2026-10-08,0.02729149185576575,0.0926
3032,2026-10-08,0.013974648232346074,0.0991
3033,2026-10-08,0.007222754847963786,0.0365
3034,2026-10-08,0.0024978770075891523,0.2026
3035,2026-10-08,0.021356593674356713,0.0621
3036,2026-10-08,0.002412878281552148,0.0211
3037,2026-10-08,0.02257798877498779,0.1171
3041,2026-10-08,0.05606610491811521,-0.1911
3042,2026-10-08,0.01745013074501285,0.16
3044,2026-10-08,-0.014098430932226274,0.2058
3045,2026-10-08,0.024576645623128578,0.12149999
3046,2026-10-08,0.023327587395285527,0.0545
3047,2026-10-08,0.07967637379469647,-0.0996
3030,2026-10-08,0.004410475212728368,0.3859
3008,2026-10-08,-0.0022156286615620264,0.3752
3006,2026-10-08,0.0022050209782767003,0.44439998
3005,2026-10-08,0.012908915420956138,0.1534
2820,2026-10-08,0.020414146651507706,
2834,2026-10-08,-0.00027088028290777477,
2836,2026-10-08,0.0169986772419464,
2838,2026-10-08,-0.029184173740787366,
2845,2026-10-08,-0.008160866653781827,
2850,2026-10-08,0.0108989590853462,
2851,2026-10-08,0.03431963430459503,
2852,2026-10-08,0.008386797029423635,
2855,2026-10-08,0.015548088246534053,
2880,2026-10-08,0.02675698333520849,
2881,2026-10-08,-0.007761372326672981,
2882,2026-10-08,-0.012092050297544867,
2883,2026-10-08,0.007194305696697844,
2884,2026-10-08,-0.01157569494852084,
2885,2026-10-08,0.013646289320484502,
2886,2026-10-08,0.008831513793343761,
2887,2026-10-08,0.00043334462769021497,
2889,2026-10-08,0.013999288243224843,
2890,2026-10-08,-0.016025002361593134,
2891,2026-10-08,-0.01693413101278266,
2892,2026-10-08,0.011537627581783798,
2897,2026-10-08,-0.00321263939433077,
2903,2026-10-08,0.09699068080764128,0.14050001
2905,2026-10-08,-0.028756244991063783,
2912,2026-10-08,0.03192569881294886,0.0422
2913,2026-10-08,0.12506305874736523,-0.0769
2915,2026-10-08,0.01949907542849018,0.0683
3003,2026-10-08,0.04732161647539769,0.1005
3004,2026-10-08,0.0004144267883613356,0.13159999
3049,2026-10-08,0.025583735632213285,0.0727
9958,2026-10-08,-0.03667663986111082,0.2168
