id,opened_by_run_id,last_run_id,prediction_date,last_signal_date,ticker,sector,entry_signal_type,current_signal_type,target_units,target_weight,planned_entry_ref_price,entry_date,entry_price,exit_policy,hold_days_target,upgrade_count,upgraded_at,status,days_observed,last_mark_date,exit_date,exit_price,realized_return_pct,max_drawdown_pct,max_drawdown_date,max_drawdown_low,created_at,updated_at,order_type,fill_status,fill_price,entry_slippage_pct,exit_reason,signals_file_path,signals_sha256,rule_version,latest_mark_date,latest_mark_close,unrealized_return_pct,effective_return_pct,return_source
5,1,1,2026-04-09,2026-04-09,3529,半導體業,20D_only,20D_only,2,0.2,2870.0,2026-04-10,3060.0,20D,20,0,,closed,3,2026-04-14,2026-04-14,3335.0,0.08986928104575154,-0.040849673202614345,2026-04-10,2935.0,2026-04-22 23:47:20,2026-04-22 23:47:20,INTRADAY_CHASE,FILLED,3060.0,0.0662020905923344,TAKE_PROFIT_MA20,F:\stock\ml\models\unified_signals_2026-04-09.csv,8e2f956c611d61c62272c5030f621091e23c3c7e8d5aed070b215e41d803bb4a,unified-v2-order-sim-replay,2026-04-14,3335.0,,0.08986928104575154,realized
4,1,1,2026-04-09,2026-04-09,3665,其他電子業,20D_only,20D_only,2,0.2,2130.0,2026-04-10,2212.5,20D,20,0,,closed,1,2026-04-10,2026-04-10,2200.0,-0.005649717514124242,-0.04406779661016946,2026-04-10,2115.0,2026-04-22 23:47:20,2026-04-22 23:47:20,INTRADAY_CHASE,FILLED,2212.5,0.03873239436619724,TAKE_PROFIT_MA20,F:\stock\ml\models\unified_signals_2026-04-09.csv,8e2f956c611d61c62272c5030f621091e23c3c7e8d5aed070b215e41d803bb4a,unified-v2-order-sim-replay,2026-04-10,2200.0,,-0.005649717514124242,realized
2,1,1,2026-04-09,2026-04-09,4927,電子零組件業,20D_only,20D_only,2,0.2,45.400001525878906,2026-04-10,46.47500038146973,20D,20,0,,closed,8,2026-04-21,2026-04-21,53.20000076293945,0.14470145941410428,-0.06401291784939722,2026-04-13,43.5,2026-04-22 23:47:20,2026-04-22 23:47:20,INTRADAY_CHASE,FILLED,46.47500038146973,0.023678388093842928,TAKE_PROFIT_MA20,F:\stock\ml\models\unified_signals_2026-04-09.csv,8e2f956c611d61c62272c5030f621091e23c3c7e8d5aed070b215e41d803bb4a,unified-v2-order-sim-replay,2026-04-21,53.20000076293945,,0.14470145941410428,realized
1,1,1,2026-04-09,2026-04-09,4989,電子零組件業,20D_only,20D_only,2,0.2,73.4000015258789,2026-04-10,77.75,20D,20,0,,closed,3,2026-04-14,2026-04-14,89.4000015258789,0.149839247921272,-0.06109324758842438,2026-04-10,73.0,2026-04-22 23:47:20,2026-04-22 23:47:20,INTRADAY_CHASE,FILLED,77.75,0.059264283156552855,TAKE_PROFIT_MA20,F:\stock\ml\models\unified_signals_2026-04-09.csv,8e2f956c611d61c62272c5030f621091e23c3c7e8d5aed070b215e41d803bb4a,unified-v2-order-sim-replay,2026-04-14,89.4000015258789,,0.149839247921272,realized
3,1,1,2026-04-09,2026-04-09,5351,半導體業,20D_only,20D_only,2,0.2,72.5999984741211,2026-04-10,75.20000076293945,20D,20,0,,stopped_out,4,2026-04-15,2026-04-15,67.34160068321229,-0.10449999999999982,-0.1196809005769679,2026-04-15,66.19999694824219,2026-04-22 23:47:20,2026-04-22 23:47:20,INTRADAY_CHASE,FILLED,75.20000076293945,0.035812704455429945,STOP_LOSS_SLIPPAGE,F:\stock\ml\models\unified_signals_2026-04-09.csv,8e2f956c611d61c62272c5030f621091e23c3c7e8d5aed070b215e41d803bb4a,unified-v2-order-sim-replay,2026-04-15,67.9000015258789,,-0.10449999999999982,realized
8,2,3,2026-04-10,2026-04-13,2883,金融保險業,20D_only,20D_only,2,0.25,21.14999961853028,2026-04-13,21.14999961853028,20D,20,0,,open,8,2026-04-22,,,,-0.02600469252863158,2026-04-22,20.600000381469727,2026-04-22 23:47:20,2026-04-22 23:47:21,OPEN,FILLED,21.14999961853028,0.0,,F:\stock\ml\models\unified_signals_2026-04-10.csv,a3729bf33b07362481a2e87063ff88be36e4e74ecc92b50160edcdc861599f6c,unified-v2-order-sim-replay,2026-04-22,20.799999237060547,-0.016548481691842976,-0.016548481691842976,mark_to_market
7,2,5,2026-04-10,2026-04-15,2885,金融保險業,20D_only,20D_only,2,0.25,47.70000076293945,2026-04-13,47.70000076293945,20D,20,0,,open,8,2026-04-22,,,,-0.011530382143890239,2026-04-13,47.150001525878906,2026-04-22 23:47:20,2026-04-22 23:47:21,OPEN,FILLED,47.70000076293945,0.0,,F:\stock\ml\models\unified_signals_2026-04-10.csv,a3729bf33b07362481a2e87063ff88be36e4e74ecc92b50160edcdc861599f6c,unified-v2-order-sim-replay,2026-04-22,50.09999847412109,0.050314416620435676,0.050314416620435676,mark_to_market
9,2,2,2026-04-10,2026-04-10,2890,金融保險業,20D_only,20D_only,2,0.25,32.70000076293945,2026-04-13,32.400001525878906,20D,20,0,,open,8,2026-04-22,,,,-0.02777782356460834,2026-04-22,31.5,2026-04-22 23:47:20,2026-04-22 23:47:21,OPEN,FILLED,32.400001525878906,-0.009174288381074036,,F:\stock\ml\models\unified_signals_2026-04-10.csv,a3729bf33b07362481a2e87063ff88be36e4e74ecc92b50160edcdc861599f6c,unified-v2-order-sim-replay,2026-04-22,31.5,-0.02777782356460834,-0.02777782356460834,mark_to_market
6,2,2,2026-04-10,2026-04-10,8021,其他電子業,20D_only,20D_only,2,0.25,317.5,2026-04-13,347.5,20D,20,0,,closed,1,2026-04-13,2026-04-13,349.0,0.004316546762589857,-0.07050359712230214,2026-04-13,323.0,2026-04-22 23:47:20,2026-04-22 23:47:20,INTRADAY_CHASE,FILLED,347.5,0.09448818897637801,TAKE_PROFIT_MA20,F:\stock\ml\models\unified_signals_2026-04-10.csv,a3729bf33b07362481a2e87063ff88be36e4e74ecc92b50160edcdc861599f6c,unified-v2-order-sim-replay,2026-04-13,349.0,,0.004316546762589857,realized
16,3,3,2026-04-13,2026-04-13,2103,橡膠工業,20D_only,20D_only,2,0.015625,19.5,2026-04-14,19.64999961853028,20D,20,0,,open,7,2026-04-22,,,,-0.06106864523596267,2026-04-20,18.450000762939453,2026-04-22 23:47:20,2026-04-22 23:47:21,OPEN,FILLED,19.64999961853028,0.007692288129758085,,F:\stock\ml\models\unified_signals_2026-04-13.csv,894bc957b5627a72f7ff54c47b97c7c6029aa111260143da1021b18f204fe225,unified-v2-order-sim-replay,2026-04-22,18.700000762939453,-0.04834599867854261,-0.04834599867854261,mark_to_market
25,3,3,2026-04-13,2026-04-13,2323,光電業,20D_only,20D_only,2,0.015625,10.75,2026-04-14,10.949999809265137,20D,20,0,,open,7,2026-04-22,,,,-0.022831050625997884,2026-04-17,10.699999809265137,2026-04-22 23:47:20,2026-04-22 23:47:21,INTRADAY_CHASE,FILLED,10.949999809265137,0.01860463342001273,,F:\stock\ml\models\unified_signals_2026-04-13.csv,894bc957b5627a72f7ff54c47b97c7c6029aa111260143da1021b18f204fe225,unified-v2-order-sim-replay,2026-04-22,10.75,-0.0182648230820891,-0.0182648230820891,mark_to_market
24,3,3,2026-04-13,2026-04-13,2801,金融保險業,20D_only,20D_only,2,0.015625,21.14999961853028,2026-04-14,21.25,20D,20,0,,open,7,2026-04-22,,,,-0.0070588055778951775,2026-04-14,21.100000381469727,2026-04-22 23:47:20,2026-04-22 23:47:21,OPEN,FILLED,21.25,0.0047281505093790255,,F:\stock\ml\models\unified_signals_2026-04-13.csv,894bc957b5627a72f7ff54c47b97c7c6029aa111260143da1021b18f204fe225,unified-v2-order-sim-replay,2026-04-22,21.350000381469727,0.004705900304457611,0.004705900304457611,mark_to_market
22,3,3,2026-04-13,2026-04-13,3025,通信網路業,20D_only,20D_only,2,0.015625,63.09999847412109,2026-04-14,63.70000076293945,20D,20,0,,open,7,2026-04-22,,,,-0.02040815104380478,2026-04-14,62.400001525878906,2026-04-22 23:47:20,2026-04-22 23:47:21,OPEN,FILLED,63.70000076293945,0.009508752826110412,,F:\stock\ml\models\unified_signals_2026-04-13.csv,894bc957b5627a72f7ff54c47b97c7c6029aa111260143da1021b18f204fe225,unified-v2-order-sim-replay,2026-04-22,64.30000305175781,0.009419188094695219,0.009419188094695219,mark_to_market
11,3,9,2026-04-13,2026-04-21,3049,光電業,20D_only,20D_only,2,0.015625,11.899999618530272,2026-04-14,12.075000286102295,20D,20,0,,open,7,2026-04-22,,,,-0.039337465290105844,2026-04-14,11.600000381469728,2026-04-22 23:47:20,2026-04-22 23:47:21,INTRADAY_CHASE,FILLED,12.075000286102295,0.014705938922848327,,F:\stock\ml\models\unified_signals_2026-04-13.csv,894bc957b5627a72f7ff54c47b97c7c6029aa111260143da1021b18f204fe225,unified-v2-order-sim-replay,2026-04-22,13.050000190734863,0.08074533180382137,0.08074533180382137,mark_to_market
13,3,3,2026-04-13,2026-04-13,3138,通信網路業,20D_only,20D_only,2,0.015625,178.0,2026-04-14,183.0,20D,20,0,,open,7,2026-04-22,,,,-0.06830601092896171,2026-04-16,170.5,2026-04-22 23:47:20,2026-04-22 23:47:21,INTRADAY_CHASE,FILLED,183.0,0.028089887640449396,,F:\stock\ml\models\unified_signals_2026-04-13.csv,894bc957b5627a72f7ff54c47b97c7c6029aa111260143da1021b18f204fe225,unified-v2-order-sim-replay,2026-04-22,192.0,0.049180327868852514,0.049180327868852514,mark_to_market
14,3,3,2026-04-13,2026-04-13,3372,半導體業,20D_only,20D_only,2,0.015625,20.5,2026-04-14,21.25,20D,20,0,,open,7,2026-04-22,,,,-0.0658823349896599,2026-04-20,19.850000381469727,2026-04-22 23:47:20,2026-04-22 23:47:21,INTRADAY_CHASE,FILLED,21.25,0.03658536585365857,,F:\stock\ml\models\unified_signals_2026-04-13.csv,894bc957b5627a72f7ff54c47b97c7c6029aa111260143da1021b18f204fe225,unified-v2-order-sim-replay,2026-04-22,20.0,-0.05882352941176472,-0.05882352941176472,mark_to_market
15,3,3,2026-04-13,2026-04-13,3532,半導體業,20D_only,20D_only,2,0.015625,182.0,2026-04-14,189.25,20D,20,0,,closed,1,2026-04-14,2026-04-14,179.0,-0.05416116248348746,-0.062087186261558736,2026-04-14,177.5,2026-04-22 23:47:20,2026-04-22 23:47:20,INTRADAY_CHASE,FILLED,189.25,0.039835164835164916,TAKE_PROFIT_MA20,F:\stock\ml\models\unified_signals_2026-04-13.csv,894bc957b5627a72f7ff54c47b97c7c6029aa111260143da1021b18f204fe225,unified-v2-order-sim-replay,2026-04-14,179.0,,-0.05416116248348746,realized
10,3,9,2026-04-13,2026-04-21,3576,光電業,20D_only,20D_only,2,0.015625,17.100000381469727,2026-04-14,15.399999618530272,20D,20,0,,open,7,2026-04-22,,,,-0.07142853604176835,2026-04-15,14.300000190734863,2026-04-22 23:47:20,2026-04-22 23:47:21,OPEN,FILLED,15.399999618530272,-0.09941524707693261,,F:\stock\ml\models\unified_signals_2026-04-13.csv,894bc957b5627a72f7ff54c47b97c7c6029aa111260143da1021b18f204fe225,unified-v2-order-sim-replay,2026-04-22,16.100000381469727,0.04545459612201341,0.04545459612201341,mark_to_market
23,3,3,2026-04-13,2026-04-13,3624,電子零組件業,20D_only,20D_only,2,0.015625,52.09999847412109,2026-04-14,54.10000038146973,20D,20,0,,open,7,2026-04-22,,,,-0.035120140575471415,2026-04-14,52.20000076293945,2026-04-22 23:47:20,2026-04-22 23:47:21,INTRADAY_CHASE,FILLED,54.10000038146973,0.038387753664562485,,F:\stock\ml\models\unified_signals_2026-04-13.csv,894bc957b5627a72f7ff54c47b97c7c6029aa111260143da1021b18f204fe225,unified-v2-order-sim-replay,2026-04-22,55.70000076293945,0.029574868210495486,0.029574868210495486,mark_to_market
12,3,3,2026-04-13,2026-04-13,3691,光電業,20D_only,20D_only,2,0.015625,113.5,2026-04-14,120.0,20D,20,0,,open,7,2026-04-22,,,,-0.04166666666666663,2026-04-14,115.0,2026-04-22 23:47:20,2026-04-22 23:47:21,INTRADAY_CHASE,FILLED,120.0,0.05726872246696035,,F:\stock\ml\models\unified_signals_2026-04-13.csv,894bc957b5627a72f7ff54c47b97c7c6029aa111260143da1021b18f204fe225,unified-v2-order-sim-replay,2026-04-22,117.0,-0.025000000000000022,-0.025000000000000022,mark_to_market
21,3,3,2026-04-13,2026-04-13,4510,電機機械,20D_only,20D_only,2,0.015625,41.5,2026-04-14,43.82500076293945,20D,20,0,,open,7,2026-04-22,,,,-0.04962918880083245,2026-04-14,41.650001525878906,2026-04-22 23:47:20,2026-04-22 23:47:21,INTRADAY_CHASE,FILLED,43.82500076293945,0.05602411476962543,,F:\stock\ml\models\unified_signals_2026-04-13.csv,894bc957b5627a72f7ff54c47b97c7c6029aa111260143da1021b18f204fe225,unified-v2-order-sim-replay,2026-04-22,47.0,0.07244721464432868,0.07244721464432868,mark_to_market
19,3,3,2026-04-13,2026-04-13,6126,電子零組件業,20D_only,20D_only,2,0.015625,31.89999961853028,2026-04-14,32.29999923706055,20D,20,0,,open,7,2026-04-22,,,,-0.020123827674412675,2026-04-15,31.64999961853028,2026-04-22 23:47:20,2026-04-22 23:47:21,INTRADAY_CHASE,FILLED,32.29999923706055,0.01253917314462627,,F:\stock\ml\models\unified_signals_2026-04-13.csv,894bc957b5627a72f7ff54c47b97c7c6029aa111260143da1021b18f204fe225,unified-v2-order-sim-replay,2026-04-22,32.849998474121094,0.01702784055887796,0.01702784055887796,mark_to_market
17,3,3,2026-04-13,2026-04-13,6282,電子零組件業,20D_only,20D_only,2,0.015625,45.900001525878906,2026-04-14,49.10000038146973,20D,20,0,,open,7,2026-04-22,,,,-0.049898143310716736,2026-04-14,46.650001525878906,2026-04-22 23:47:20,2026-04-22 23:47:21,INTRADAY_CHASE,FILLED,49.10000038146973,0.06971674834883457,,F:\stock\ml\models\unified_signals_2026-04-13.csv,894bc957b5627a72f7ff54c47b97c7c6029aa111260143da1021b18f204fe225,unified-v2-order-sim-replay,2026-04-22,51.400001525878906,0.04684320013319576,0.04684320013319576,mark_to_market
18,3,3,2026-04-13,2026-04-13,6438,其他電子業,20D_only,20D_only,2,0.015625,181.0,2026-04-14,185.0,20D,20,0,,open,7,2026-04-22,,,,-0.05945945945945941,2026-04-16,174.0,2026-04-22 23:47:20,2026-04-22 23:47:21,INTRADAY_CHASE,FILLED,185.0,0.022099447513812098,,F:\stock\ml\models\unified_signals_2026-04-13.csv,894bc957b5627a72f7ff54c47b97c7c6029aa111260143da1021b18f204fe225,unified-v2-order-sim-replay,2026-04-22,182.0,-0.01621621621621616,-0.01621621621621616,mark_to_market
20,3,3,2026-04-13,2026-04-13,6861,生技醫療業,20D_only,20D_only,2,0.015625,132.5,2026-04-14,140.5,20D,20,0,,closed,5,2026-04-20,2026-04-20,177.5,0.2633451957295374,-0.06761565836298933,2026-04-14,131.0,2026-04-22 23:47:20,2026-04-22 23:47:20,INTRADAY_CHASE,FILLED,140.5,0.060377358490566024,TAKE_PROFIT_MA20,F:\stock\ml\models\unified_signals_2026-04-13.csv,894bc957b5627a72f7ff54c47b97c7c6029aa111260143da1021b18f204fe225,unified-v2-order-sim-replay,2026-04-20,177.5,,0.2633451957295374,realized
27,5,5,2026-04-15,2026-04-15,3581,半導體業,20D_only,20D_only,2,0.015625,99.0,2026-04-16,108.5,20D,20,0,,closed,1,2026-04-16,2026-04-16,108.5,0.0,0.0,2026-04-16,108.5,2026-04-22 23:47:20,2026-04-22 23:47:20,INTRADAY_CHASE,FILLED,108.5,0.09595959595959602,TAKE_PROFIT_MA20,F:\stock\ml\models\unified_signals_2026-04-15.csv,8f7121105efc19684f5253d3f37fbc7e2ad02141408041494adc6df01b7f375e,unified-v2-order-sim-replay,2026-04-16,108.5,,0.0,realized
26,5,5,2026-04-15,2026-04-15,5439,電子零組件業,20D_only,20D_only,2,0.015625,396.5,2026-04-16,404.5,20D,20,0,,closed,1,2026-04-16,2026-04-16,392.5,-0.02966625463535233,-0.05562422744128559,2026-04-16,382.0,2026-04-22 23:47:20,2026-04-22 23:47:20,INTRADAY_CHASE,FILLED,404.5,0.020176544766708604,TAKE_PROFIT_MA20,F:\stock\ml\models\unified_signals_2026-04-15.csv,8f7121105efc19684f5253d3f37fbc7e2ad02141408041494adc6df01b7f375e,unified-v2-order-sim-replay,2026-04-16,392.5,,-0.02966625463535233,realized
31,7,9,2026-04-17,2026-04-21,1305,塑膠工業,20D_only,20D_only,2,0.003125,14.899999618530272,2026-04-20,15.224999904632568,20D,20,0,,open,3,2026-04-22,,,,-0.06403940300425892,2026-04-21,14.25,2026-04-22 23:47:21,2026-04-22 23:47:21,INTRADAY_CHASE,FILLED,15.224999904632568,0.02181210029684255,,F:\stock\ml\models\unified_signals_2026-04-17.csv,74eb07d7b5c51507af1a052eb460eb3eedd81e603ebc90186c7eadd484cbcfdf,unified-v2-order-sim-replay,2026-04-22,14.449999809265137,-0.050903126451358416,-0.050903126451358416,mark_to_market
35,7,9,2026-04-17,2026-04-21,1309,塑膠工業,20D_only,20D_only,2,0.003125,19.600000381469727,2026-04-20,19.5,20D,20,0,,open,3,2026-04-22,,,,-0.05128205128205132,2026-04-21,18.5,2026-04-22 23:47:21,2026-04-22 23:47:21,OPEN,FILLED,19.5,-0.0051020601797675535,,F:\stock\ml\models\unified_signals_2026-04-17.csv,74eb07d7b5c51507af1a052eb460eb3eedd81e603ebc90186c7eadd484cbcfdf,unified-v2-order-sim-replay,2026-04-22,18.600000381469727,-0.04615382659129608,-0.04615382659129608,mark_to_market
34,7,7,2026-04-17,2026-04-17,2406,光電業,20D_only,20D_only,2,0.003125,33.95000076293945,2026-04-20,34.89999961853027,20D,20,0,,open,3,2026-04-22,,,,-0.06733525521937211,2026-04-22,32.54999923706055,2026-04-22 23:47:21,2026-04-22 23:47:21,INTRADAY_CHASE,FILLED,34.89999961853027,0.027982292613903503,,F:\stock\ml\models\unified_signals_2026-04-17.csv,74eb07d7b5c51507af1a052eb460eb3eedd81e603ebc90186c7eadd484cbcfdf,unified-v2-order-sim-replay,2026-04-22,32.54999923706055,-0.06733525521937211,-0.06733525521937211,mark_to_market
28,7,7,2026-04-17,2026-04-17,2485,通信網路業,20D_only,20D_only,2,0.003125,77.69999694824219,2026-04-20,77.30000305175781,20D,20,0,,stopped_out,2,2026-04-21,2026-04-21,69.22215273284912,-0.10449999999999993,-0.10608026201688814,2026-04-21,69.0999984741211,2026-04-22 23:47:21,2026-04-22 23:47:21,OPEN,FILLED,77.30000305175781,-0.0051479267978713494,STOP_LOSS_SLIPPAGE,F:\stock\ml\models\unified_signals_2026-04-17.csv,74eb07d7b5c51507af1a052eb460eb3eedd81e603ebc90186c7eadd484cbcfdf,unified-v2-order-sim-replay,2026-04-21,72.30000305175781,,-0.10449999999999993,realized
30,7,9,2026-04-17,2026-04-21,3491,通信網路業,20D_only,20D_only,2,0.003125,1670.0,2026-04-20,1660.0,20D,20,0,,open,3,2026-04-22,,,,-0.02409638554216864,2026-04-21,1620.0,2026-04-22 23:47:21,2026-04-22 23:47:21,OPEN,FILLED,1660.0,-0.005988023952095856,,F:\stock\ml\models\unified_signals_2026-04-17.csv,74eb07d7b5c51507af1a052eb460eb3eedd81e603ebc90186c7eadd484cbcfdf,unified-v2-order-sim-replay,2026-04-22,1720.0,0.03614457831325302,0.03614457831325302,mark_to_market
32,7,7,2026-04-17,2026-04-17,3498,其他電子業,20D_only,20D_only,2,0.003125,84.5999984741211,2026-04-20,88.70000076293945,20D,20,0,,open,3,2026-04-22,,,,-0.05636982831669113,2026-04-21,83.69999694824219,2026-04-22 23:47:21,2026-04-22 23:47:21,INTRADAY_CHASE,FILLED,88.70000076293945,0.04846338490269053,,F:\stock\ml\models\unified_signals_2026-04-17.csv,74eb07d7b5c51507af1a052eb460eb3eedd81e603ebc90186c7eadd484cbcfdf,unified-v2-order-sim-replay,2026-04-22,86.5999984741211,-0.023675335634222194,-0.023675335634222194,mark_to_market
33,7,9,2026-04-17,2026-04-21,4768,化學工業,20D_only,20D_only,2,0.003125,462.5,2026-04-20,493.75,20D,20,0,,open,3,2026-04-22,,,,-0.02886075949367084,2026-04-20,479.5,2026-04-22 23:47:21,2026-04-22 23:47:21,INTRADAY_CHASE,FILLED,493.75,0.06756756756756754,,F:\stock\ml\models\unified_signals_2026-04-17.csv,74eb07d7b5c51507af1a052eb460eb3eedd81e603ebc90186c7eadd484cbcfdf,unified-v2-order-sim-replay,2026-04-22,538.0,0.0896202531645569,0.0896202531645569,mark_to_market
37,7,9,2026-04-17,2026-04-21,5289,電腦及週邊設備業,20D_only,20D_only,2,0.003125,1005.0,2026-04-20,1005.0,20D,20,0,,open,3,2026-04-22,,,,-0.02487562189054726,2026-04-20,980.0,2026-04-22 23:47:21,2026-04-22 23:47:21,OPEN,FILLED,1005.0,0.0,,F:\stock\ml\models\unified_signals_2026-04-17.csv,74eb07d7b5c51507af1a052eb460eb3eedd81e603ebc90186c7eadd484cbcfdf,unified-v2-order-sim-replay,2026-04-22,1165.0,0.15920398009950243,0.15920398009950243,mark_to_market
36,7,7,2026-04-17,2026-04-17,6465,通信網路業,20D_only,20D_only,2,0.003125,49.04999923706055,2026-04-20,52.70000076293945,20D,20,0,,closed,2,2026-04-21,2026-04-21,56.59999847412109,0.07400375056397057,-0.022770412629354975,2026-04-20,51.5,2026-04-22 23:47:21,2026-04-22 23:47:21,INTRADAY_CHASE,FILLED,52.70000076293945,0.07441389567078915,TAKE_PROFIT_MA20,F:\stock\ml\models\unified_signals_2026-04-17.csv,74eb07d7b5c51507af1a052eb460eb3eedd81e603ebc90186c7eadd484cbcfdf,unified-v2-order-sim-replay,2026-04-21,56.59999847412109,,0.07400375056397057,realized
29,7,9,2026-04-17,2026-04-21,8027,電機機械,20D_only,20D_only,2,0.003125,148.5,2026-04-20,154.75,20D,20,0,,open,3,2026-04-22,,,,-0.06946688206785134,2026-04-21,144.0,2026-04-22 23:47:21,2026-04-22 23:47:21,INTRADAY_CHASE,FILLED,154.75,0.042087542087542174,,F:\stock\ml\models\unified_signals_2026-04-17.csv,74eb07d7b5c51507af1a052eb460eb3eedd81e603ebc90186c7eadd484cbcfdf,unified-v2-order-sim-replay,2026-04-22,149.5,-0.03392568659127626,-0.03392568659127626,mark_to_market
41,8,9,2026-04-20,2026-04-21,1528,電機機械,20D_only,20D_only,2,0.0010416666666666445,28.200000762939453,2026-04-21,28.049999237060547,20D,20,0,,open,2,2026-04-22,,,,0.0,2026-04-21,28.049999237060547,2026-04-22 23:47:21,2026-04-22 23:47:21,OPEN,FILLED,28.049999237060547,-0.005319202901442388,,F:\stock\ml\models\unified_signals_2026-04-20.csv,e67c0bda2ece571705e2afd806270daf0ebc08a9326819f99e72c21cfd39fc8d,unified-v2-order-sim-replay,2026-04-22,29.5,0.05169343323987219,0.05169343323987219,mark_to_market
42,8,9,2026-04-20,2026-04-21,1808,建材營造業,20D_only,20D_only,2,0.0010416666666666445,29.850000381469727,2026-04-21,30.0,20D,20,0,,open,2,2026-04-22,,,,-0.01833330790201826,2026-04-22,29.450000762939453,2026-04-22 23:47:21,2026-04-22 23:47:21,OPEN,FILLED,30.0,0.00502511278436657,,F:\stock\ml\models\unified_signals_2026-04-20.csv,e67c0bda2ece571705e2afd806270daf0ebc08a9326819f99e72c21cfd39fc8d,unified-v2-order-sim-replay,2026-04-22,29.700000762939453,-0.009999974568684844,-0.009999974568684844,mark_to_market
38,8,9,2026-04-20,2026-04-21,2485,通信網路業,20D_only,20D_only,2,0.0010416666666666445,71.0,2026-04-21,71.5,20D,20,0,,open,2,2026-04-22,,,,-0.03356645490739729,2026-04-21,69.0999984741211,2026-04-22 23:47:21,2026-04-22 23:47:21,OPEN,FILLED,71.5,0.007042253521126751,,F:\stock\ml\models\unified_signals_2026-04-20.csv,e67c0bda2ece571705e2afd806270daf0ebc08a9326819f99e72c21cfd39fc8d,unified-v2-order-sim-replay,2026-04-22,71.0,-0.006993006993006978,-0.006993006993006978,mark_to_market
39,8,9,2026-04-20,2026-04-21,6442,通信網路業,20D_only,20D_only,2,0.0010416666666666445,2370.0,2026-04-21,2432.5,20D,20,0,,open,2,2026-04-22,,,,-0.08530318602261044,2026-04-22,2225.0,2026-04-22 23:47:21,2026-04-22 23:47:21,INTRADAY_CHASE,FILLED,2432.5,0.026371308016877704,,F:\stock\ml\models\unified_signals_2026-04-20.csv,e67c0bda2ece571705e2afd806270daf0ebc08a9326819f99e72c21cfd39fc8d,unified-v2-order-sim-replay,2026-04-22,2240.0,-0.07913669064748197,-0.07913669064748197,mark_to_market
43,8,8,2026-04-20,2026-04-20,6664,電子零組件業,20D_only,20D_only,2,0.0010416666666666445,426.0,2026-04-21,428.5,20D,20,0,,closed,1,2026-04-21,2026-04-21,426.0,-0.005834305717619559,-0.031505250875145885,2026-04-21,415.0,2026-04-22 23:47:21,2026-04-22 23:47:21,OPEN,FILLED,428.5,0.005868544600938996,TAKE_PROFIT_MA20,F:\stock\ml\models\unified_signals_2026-04-20.csv,e67c0bda2ece571705e2afd806270daf0ebc08a9326819f99e72c21cfd39fc8d,unified-v2-order-sim-replay,2026-04-21,426.0,,-0.005834305717619559,realized
40,8,8,2026-04-20,2026-04-20,6788,半導體業,20D_only,20D_only,2,0.0010416666666666445,474.0,2026-04-21,508.25,20D,20,0,,closed,1,2026-04-21,2026-04-21,508.0,-0.0004918839153960075,-0.03787506148548947,2026-04-21,489.0,2026-04-22 23:47:21,2026-04-22 23:47:21,INTRADAY_CHASE,FILLED,508.25,0.07225738396624481,TAKE_PROFIT_MA20,F:\stock\ml\models\unified_signals_2026-04-20.csv,e67c0bda2ece571705e2afd806270daf0ebc08a9326819f99e72c21cfd39fc8d,unified-v2-order-sim-replay,2026-04-21,508.0,,-0.0004918839153960075,realized
45,9,9,2026-04-21,2026-04-21,1308,塑膠工業,20D_only,20D_only,2,0.0004166666666666874,15.350000381469728,2026-04-22,15.699999809265137,20D,20,0,,open,1,2026-04-22,,,,-0.03184713414486362,2026-04-22,15.199999809265137,2026-04-22 23:47:21,2026-04-22 23:47:21,INTRADAY_CHASE,FILLED,15.699999809265137,0.022801265087779576,,F:\stock\ml\models\unified_signals_2026-04-21.csv,1c27d3f823d936756dfb8ffbdf231447b0d934011c14abceb1151817736168c7,unified-v2-order-sim-replay,2026-04-22,15.300000190734863,-0.025477683018455766,-0.025477683018455766,mark_to_market
46,9,9,2026-04-21,2026-04-21,1326,塑膠工業,20D_only,20D_only,2,0.0004166666666666874,50.5,2026-04-22,50.79999923706055,20D,20,0,,open,1,2026-04-22,,,,-0.00984251983285922,2026-04-22,50.29999923706055,2026-04-22 23:47:21,2026-04-22 23:47:21,OPEN,FILLED,50.79999923706055,0.0059405789516939755,,F:\stock\ml\models\unified_signals_2026-04-21.csv,1c27d3f823d936756dfb8ffbdf231447b0d934011c14abceb1151817736168c7,unified-v2-order-sim-replay,2026-04-22,50.59999847412109,-0.003937022951637226,-0.003937022951637226,mark_to_market
44,9,9,2026-04-21,2026-04-21,6226,光電業,20D_only,20D_only,2,0.0004166666666666874,14.600000381469728,2026-04-22,14.5,20D,20,0,,open,1,2026-04-22,,,,-0.05862071596342955,2026-04-22,13.649999618530272,2026-04-22 23:47:21,2026-04-22 23:47:21,OPEN,FILLED,14.5,-0.006849341017596711,,F:\stock\ml\models\unified_signals_2026-04-21.csv,1c27d3f823d936756dfb8ffbdf231447b0d934011c14abceb1151817736168c7,unified-v2-order-sim-replay,2026-04-22,13.699999809265137,-0.0551724269472319,-0.0551724269472319,mark_to_market
47,9,9,2026-04-21,2026-04-21,6510,半導體業,20D_only,20D_only,2,0.0004166666666666874,4105.0,2026-04-22,4337.5,20D,20,0,,closed,1,2026-04-22,2026-04-22,4200.0,-0.03170028818443804,-0.043227665706051854,2026-04-22,4150.0,2026-04-22 23:47:21,2026-04-22 23:47:21,INTRADAY_CHASE,FILLED,4337.5,0.05663824604141299,TAKE_PROFIT_MA20,F:\stock\ml\models\unified_signals_2026-04-21.csv,1c27d3f823d936756dfb8ffbdf231447b0d934011c14abceb1151817736168c7,unified-v2-order-sim-replay,2026-04-22,4200.0,,-0.03170028818443804,realized
48,9,9,2026-04-21,2026-04-21,6854,其他,20D_only,20D_only,2,0.0004166666666666874,190.5,2026-04-22,194.75,20D,20,0,,closed,1,2026-04-22,2026-04-22,187.0,-0.03979460847240046,-0.047496790757381224,2026-04-22,185.5,2026-04-22 23:47:21,2026-04-22 23:47:21,INTRADAY_CHASE,FILLED,194.75,0.022309711286089273,TAKE_PROFIT_MA20,F:\stock\ml\models\unified_signals_2026-04-21.csv,1c27d3f823d936756dfb8ffbdf231447b0d934011c14abceb1151817736168c7,unified-v2-order-sim-replay,2026-04-22,187.0,,-0.03979460847240046,realized
